2025-07-01 18:58:33,285 INFO org.springframework.boot.StartupInfoLogger [main] Starting Application on DESKTOP-E21LGMU with PID 13576 (started by Dell in C:\Rithy\Responsibility 2025\Self Development\Pesith Java\project_structure)
2025-07-01 18:58:33,310 INFO org.springframework.boot.SpringApplication [main] No active profile set, falling back to default profiles: default
2025-07-01 18:58:33,486 INFO org.springframework.context.support.AbstractApplicationContext [main] Refreshing org.springframework.boot.web.servlet.context.AnnotationConfigServletWebServerApplicationContext@70f02c32: startup date [Tue Jul 01 18:58:33 ICT 2025]; root of context hierarchy
2025-07-01 18:58:36,312 WARN org.mybatis.logging.Logger [main] Skipping MapperFactoryBean with name 'activityLogMapper' and 'com.ut.utAttendance.mapper.primary.ActivityLogMapper' mapperInterface. Bean already defined with the same name!
2025-07-01 18:58:36,313 WARN org.mybatis.logging.Logger [main] Skipping MapperFactoryBean with name 'authMapper' and 'com.ut.utAttendance.mapper.primary.AuthMapper' mapperInterface. Bean already defined with the same name!
2025-07-01 18:58:36,314 WARN org.mybatis.logging.Logger [main] Skipping MapperFactoryBean with name 'calDateMapper' and 'com.ut.utAttendance.mapper.primary.CalDateMapper' mapperInterface. Bean already defined with the same name!
2025-07-01 18:58:36,314 WARN org.mybatis.logging.Logger [main] Skipping MapperFactoryBean with name 'moduleMapper' and 'com.ut.utAttendance.mapper.primary.ModuleMapper' mapperInterface. Bean already defined with the same name!
2025-07-01 18:58:36,314 WARN org.mybatis.logging.Logger [main] Skipping MapperFactoryBean with name 'moduleTypeMapper' and 'com.ut.utAttendance.mapper.primary.ModuleTypeMapper' mapperInterface. Bean already defined with the same name!
2025-07-01 18:58:36,315 WARN org.mybatis.logging.Logger [main] Skipping MapperFactoryBean with name 'permissionMapper' and 'com.ut.utAttendance.mapper.primary.PermissionMapper' mapperInterface. Bean already defined with the same name!
2025-07-01 18:58:36,315 WARN org.mybatis.logging.Logger [main] Skipping MapperFactoryBean with name 'roleMapper' and 'com.ut.utAttendance.mapper.primary.RoleMapper' mapperInterface. Bean already defined with the same name!
2025-07-01 18:58:36,316 WARN org.mybatis.logging.Logger [main] Skipping MapperFactoryBean with name 'userMapper' and 'com.ut.utAttendance.mapper.primary.UserMapper' mapperInterface. Bean already defined with the same name!
2025-07-01 18:58:36,317 WARN org.mybatis.logging.Logger [main] No MyBatis mapper was found in '[com.ut.utAttendance.mapper.primary]' package. Please check your configuration.
2025-07-01 18:58:37,086 INFO org.springframework.context.support.PostProcessorRegistrationDelegate$BeanPostProcessorChecker [main] Bean 'org.springframework.transaction.annotation.ProxyTransactionManagementConfiguration' of type [org.springframework.transaction.annotation.ProxyTransactionManagementConfiguration$$EnhancerBySpringCGLIB$$2c9ac135] is not eligible for getting processed by all BeanPostProcessors (for example: not eligible for auto-proxying)
2025-07-01 18:58:37,992 INFO org.springframework.boot.web.embedded.tomcat.TomcatWebServer [main] Tomcat initialized with port(s): 8097 (http)
2025-07-01 18:58:38,018 INFO org.apache.juli.logging.DirectJDKLog [main] Initializing ProtocolHandler ["http-nio-8097"]
2025-07-01 18:58:38,040 INFO org.apache.juli.logging.DirectJDKLog [main] Starting service [Tomcat]
2025-07-01 18:58:38,041 INFO org.apache.juli.logging.DirectJDKLog [main] Starting Servlet Engine: Apache Tomcat/8.5.34
2025-07-01 18:58:38,054 INFO org.apache.juli.logging.DirectJDKLog [localhost-startStop-1] The APR based Apache Tomcat Native library which allows optimal performance in production environments was not found on the java.library.path: [C:\Users\Dell\.jdks\ms-11.0.27\bin;C:\Windows\Sun\Java\bin;C:\Windows\system32;C:\Windows;C:\Windows\system32;C:\Windows;C:\Windows\System32\Wbem;C:\Windows\System32\WindowsPowerShell\v1.0\;C:\Windows\System32\OpenSSH\;C:\Rithy\Software\apache-maven-3.8.1\apache-maven-3.8.1\bin;C:\Rithy\Software\jdk-21_windows-x64_bin\jdk-21.0.4\bin;C:\Program Files\FireDaemon OpenSSL 3\bin;C:\Program Files\Git\cmd;C:\Program Files (x86)\NetSarang\Xftp 7\;C:\Program Files\Docker\Docker\resources\bin;C:\Users\Dell\AppData\Local\Microsoft\WindowsApps;C:\Users\Dell\AppData\Local\GitHubDesktop\bin;C:\Users\Dell\AppData\Local\Programs\Microsoft VS Code\bin;.]
2025-07-01 18:58:38,369 INFO org.apache.juli.logging.DirectJDKLog [localhost-startStop-1] Initializing Spring embedded WebApplicationContext
2025-07-01 18:58:38,369 INFO org.springframework.boot.web.servlet.context.ServletWebServerApplicationContext [localhost-startStop-1] Root WebApplicationContext: initialization completed in 4883 ms
2025-07-01 18:58:39,873 INFO org.springframework.boot.web.servlet.AbstractFilterRegistrationBean [localhost-startStop-1] Mapping filter: 'characterEncodingFilter' to: [/*]
2025-07-01 18:58:39,874 INFO org.springframework.boot.web.servlet.AbstractFilterRegistrationBean [localhost-startStop-1] Mapping filter: 'webMvcMetricsFilter' to: [/*]
2025-07-01 18:58:39,875 INFO org.springframework.boot.web.servlet.AbstractFilterRegistrationBean [localhost-startStop-1] Mapping filter: 'hiddenHttpMethodFilter' to: [/*]
2025-07-01 18:58:39,875 INFO org.springframework.boot.web.servlet.AbstractFilterRegistrationBean [localhost-startStop-1] Mapping filter: 'httpPutFormContentFilter' to: [/*]
2025-07-01 18:58:39,875 INFO org.springframework.boot.web.servlet.AbstractFilterRegistrationBean [localhost-startStop-1] Mapping filter: 'requestContextFilter' to: [/*]
2025-07-01 18:58:39,877 INFO org.springframework.boot.web.servlet.AbstractFilterRegistrationBean [localhost-startStop-1] Mapping filter: 'springSecurityFilterChain' to: [/*]
2025-07-01 18:58:39,877 INFO org.springframework.boot.web.servlet.AbstractFilterRegistrationBean [localhost-startStop-1] Mapping filter: 'httpTraceFilter' to: [/*]
2025-07-01 18:58:39,877 INFO org.springframework.boot.web.servlet.AbstractFilterRegistrationBean [localhost-startStop-1] Mapping filter: 'corsFilter' to: [/*]
2025-07-01 18:58:39,878 INFO org.springframework.boot.web.servlet.ServletRegistrationBean [localhost-startStop-1] Servlet dispatcherServlet mapped to [/]
2025-07-01 18:58:40,063 INFO com.zaxxer.hikari.HikariDataSource [main] HikariPool-1 - Starting...
2025-07-01 18:58:40,069 WARN com.zaxxer.hikari.util.DriverDataSource [main] Registered driver with driverClassName=com.mysql.jdbc.Driver was not found, trying direct instantiation.
2025-07-01 18:58:41,572 ERROR com.zaxxer.hikari.pool.HikariPool [main] HikariPool-1 - Exception during pool initialization.
com.mysql.cj.jdbc.exceptions.CommunicationsException: Communications link failure

The last packet sent successfully to the server was 0 milliseconds ago. The driver has not received any packets from the server.
	at com.mysql.cj.jdbc.exceptions.SQLError.createCommunicationsException(SQLError.java:174)
	at com.mysql.cj.jdbc.exceptions.SQLExceptionsMapping.translateException(SQLExceptionsMapping.java:64)
	at com.mysql.cj.jdbc.ConnectionImpl.createNewIO(ConnectionImpl.java:836)
	at com.mysql.cj.jdbc.ConnectionImpl.<init>(ConnectionImpl.java:456)
	at com.mysql.cj.jdbc.ConnectionImpl.getInstance(ConnectionImpl.java:246)
	at com.mysql.cj.jdbc.NonRegisteringDriver.connect(NonRegisteringDriver.java:198)
	at com.zaxxer.hikari.util.DriverDataSource.getConnection(DriverDataSource.java:117)
	at com.zaxxer.hikari.util.DriverDataSource.getConnection(DriverDataSource.java:123)
	at com.zaxxer.hikari.pool.PoolBase.newConnection(PoolBase.java:365)
	at com.zaxxer.hikari.pool.PoolBase.newPoolEntry(PoolBase.java:194)
	at com.zaxxer.hikari.pool.HikariPool.createPoolEntry(HikariPool.java:460)
	at com.zaxxer.hikari.pool.HikariPool.checkFailFast(HikariPool.java:534)
	at com.zaxxer.hikari.pool.HikariPool.<init>(HikariPool.java:115)
	at com.zaxxer.hikari.HikariDataSource.getConnection(HikariDataSource.java:112)
	at org.springframework.jdbc.datasource.DataSourceUtils.fetchConnection(DataSourceUtils.java:151)
	at org.springframework.jdbc.datasource.DataSourceUtils.doGetConnection(DataSourceUtils.java:115)
	at org.springframework.jdbc.datasource.DataSourceUtils.getConnection(DataSourceUtils.java:78)
	at org.springframework.jdbc.support.JdbcUtils.extractDatabaseMetaData(JdbcUtils.java:319)
	at org.springframework.jdbc.support.JdbcUtils.extractDatabaseMetaData(JdbcUtils.java:356)
	at org.springframework.boot.autoconfigure.orm.jpa.DatabaseLookup.getDatabase(DatabaseLookup.java:72)
	at org.springframework.boot.autoconfigure.orm.jpa.JpaProperties.determineDatabase(JpaProperties.java:166)
	at org.springframework.boot.autoconfigure.orm.jpa.JpaBaseConfiguration.jpaVendorAdapter(JpaBaseConfiguration.java:111)
	at org.springframework.boot.autoconfigure.orm.jpa.HibernateJpaConfiguration$$EnhancerBySpringCGLIB$$4b7183a4.CGLIB$jpaVendorAdapter$4(<generated>)
	at org.springframework.boot.autoconfigure.orm.jpa.HibernateJpaConfiguration$$EnhancerBySpringCGLIB$$4b7183a4$$FastClassBySpringCGLIB$$38e62be5.invoke(<generated>)
	at org.springframework.cglib.proxy.MethodProxy.invokeSuper(MethodProxy.java:228)
	at org.springframework.context.annotation.ConfigurationClassEnhancer$BeanMethodInterceptor.intercept(ConfigurationClassEnhancer.java:365)
	at org.springframework.boot.autoconfigure.orm.jpa.HibernateJpaConfiguration$$EnhancerBySpringCGLIB$$4b7183a4.jpaVendorAdapter(<generated>)
	at java.base/jdk.internal.reflect.NativeMethodAccessorImpl.invoke0(Native Method)
	at java.base/jdk.internal.reflect.NativeMethodAccessorImpl.invoke(NativeMethodAccessorImpl.java:62)
	at java.base/jdk.internal.reflect.DelegatingMethodAccessorImpl.invoke(DelegatingMethodAccessorImpl.java:43)
	at java.base/java.lang.reflect.Method.invoke(Method.java:566)
	at org.springframework.beans.factory.support.SimpleInstantiationStrategy.instantiate(SimpleInstantiationStrategy.java:154)
	at org.springframework.beans.factory.support.ConstructorResolver.instantiateUsingFactoryMethod(ConstructorResolver.java:583)
	at org.springframework.beans.factory.support.AbstractAutowireCapableBeanFactory.instantiateUsingFactoryMethod(AbstractAutowireCapableBeanFactory.java:1246)
	at org.springframework.beans.factory.support.AbstractAutowireCapableBeanFactory.createBeanInstance(AbstractAutowireCapableBeanFactory.java:1096)
	at org.springframework.beans.factory.support.AbstractAutowireCapableBeanFactory.doCreateBean(AbstractAutowireCapableBeanFactory.java:535)
	at org.springframework.beans.factory.support.AbstractAutowireCapableBeanFactory.createBean(AbstractAutowireCapableBeanFactory.java:495)
	at org.springframework.beans.factory.support.AbstractBeanFactory.lambda$doGetBean$0(AbstractBeanFactory.java:317)
	at org.springframework.beans.factory.support.DefaultSingletonBeanRegistry.getSingleton(DefaultSingletonBeanRegistry.java:222)
	at org.springframework.beans.factory.support.AbstractBeanFactory.doGetBean(AbstractBeanFactory.java:315)
	at org.springframework.beans.factory.support.AbstractBeanFactory.getBean(AbstractBeanFactory.java:199)
	at org.springframework.beans.factory.config.DependencyDescriptor.resolveCandidate(DependencyDescriptor.java:251)
	at org.springframework.beans.factory.support.DefaultListableBeanFactory.doResolveDependency(DefaultListableBeanFactory.java:1135)
	at org.springframework.beans.factory.support.DefaultListableBeanFactory.resolveDependency(DefaultListableBeanFactory.java:1062)
	at org.springframework.beans.factory.support.ConstructorResolver.resolveAutowiredArgument(ConstructorResolver.java:819)
	at org.springframework.beans.factory.support.ConstructorResolver.createArgumentArray(ConstructorResolver.java:725)
	at org.springframework.beans.factory.support.ConstructorResolver.instantiateUsingFactoryMethod(ConstructorResolver.java:475)
	at org.springframework.beans.factory.support.AbstractAutowireCapableBeanFactory.instantiateUsingFactoryMethod(AbstractAutowireCapableBeanFactory.java:1246)
	at org.springframework.beans.factory.support.AbstractAutowireCapableBeanFactory.createBeanInstance(AbstractAutowireCapableBeanFactory.java:1096)
	at org.springframework.beans.factory.support.AbstractAutowireCapableBeanFactory.doCreateBean(AbstractAutowireCapableBeanFactory.java:535)
	at org.springframework.beans.factory.support.AbstractAutowireCapableBeanFactory.createBean(AbstractAutowireCapableBeanFactory.java:495)
	at org.springframework.beans.factory.support.AbstractBeanFactory.lambda$doGetBean$0(AbstractBeanFactory.java:317)
	at org.springframework.beans.factory.support.DefaultSingletonBeanRegistry.getSingleton(DefaultSingletonBeanRegistry.java:222)
	at org.springframework.beans.factory.support.AbstractBeanFactory.doGetBean(AbstractBeanFactory.java:315)
	at org.springframework.beans.factory.support.AbstractBeanFactory.getBean(AbstractBeanFactory.java:199)
	at org.springframework.beans.factory.config.DependencyDescriptor.resolveCandidate(DependencyDescriptor.java:251)
	at org.springframework.beans.factory.support.DefaultListableBeanFactory.doResolveDependency(DefaultListableBeanFactory.java:1135)
	at org.springframework.beans.factory.support.DefaultListableBeanFactory.resolveDependency(DefaultListableBeanFactory.java:1062)
	at org.springframework.beans.factory.support.ConstructorResolver.resolveAutowiredArgument(ConstructorResolver.java:819)
	at org.springframework.beans.factory.support.ConstructorResolver.createArgumentArray(ConstructorResolver.java:725)
	at org.springframework.beans.factory.support.ConstructorResolver.instantiateUsingFactoryMethod(ConstructorResolver.java:475)
	at org.springframework.beans.factory.support.AbstractAutowireCapableBeanFactory.instantiateUsingFactoryMethod(AbstractAutowireCapableBeanFactory.java:1246)
	at org.springframework.beans.factory.support.AbstractAutowireCapableBeanFactory.createBeanInstance(AbstractAutowireCapableBeanFactory.java:1096)
	at org.springframework.beans.factory.support.AbstractAutowireCapableBeanFactory.doCreateBean(AbstractAutowireCapableBeanFactory.java:535)
	at org.springframework.beans.factory.support.AbstractAutowireCapableBeanFactory.createBean(AbstractAutowireCapableBeanFactory.java:495)
	at org.springframework.beans.factory.support.AbstractBeanFactory.lambda$doGetBean$0(AbstractBeanFactory.java:317)
	at org.springframework.beans.factory.support.DefaultSingletonBeanRegistry.getSingleton(DefaultSingletonBeanRegistry.java:222)
	at org.springframework.beans.factory.support.AbstractBeanFactory.doGetBean(AbstractBeanFactory.java:315)
	at org.springframework.beans.factory.support.AbstractBeanFactory.getBean(AbstractBeanFactory.java:199)
	at org.springframework.context.support.AbstractApplicationContext.getBean(AbstractApplicationContext.java:1087)
	at org.springframework.context.support.AbstractApplicationContext.finishBeanFactoryInitialization(AbstractApplicationContext.java:857)
	at org.springframework.context.support.AbstractApplicationContext.refresh(AbstractApplicationContext.java:548)
	at org.springframework.boot.web.servlet.context.ServletWebServerApplicationContext.refresh(ServletWebServerApplicationContext.java:140)
	at org.springframework.boot.SpringApplication.refresh(SpringApplication.java:754)
	at org.springframework.boot.SpringApplication.refreshContext(SpringApplication.java:386)
	at org.springframework.boot.SpringApplication.run(SpringApplication.java:307)
	at org.springframework.boot.SpringApplication.run(SpringApplication.java:1242)
	at org.springframework.boot.SpringApplication.run(SpringApplication.java:1230)
	at com.ut.utAttendance.Application.main(Application.java:14)
Caused by: com.mysql.cj.exceptions.CJCommunicationsException: Communications link failure

The last packet sent successfully to the server was 0 milliseconds ago. The driver has not received any packets from the server.
	at java.base/jdk.internal.reflect.NativeConstructorAccessorImpl.newInstance0(Native Method)
	at java.base/jdk.internal.reflect.NativeConstructorAccessorImpl.newInstance(NativeConstructorAccessorImpl.java:62)
	at java.base/jdk.internal.reflect.DelegatingConstructorAccessorImpl.newInstance(DelegatingConstructorAccessorImpl.java:45)
	at java.base/java.lang.reflect.Constructor.newInstance(Constructor.java:490)
	at com.mysql.cj.exceptions.ExceptionFactory.createException(ExceptionFactory.java:61)
	at com.mysql.cj.exceptions.ExceptionFactory.createException(ExceptionFactory.java:105)
	at com.mysql.cj.exceptions.ExceptionFactory.createException(ExceptionFactory.java:151)
	at com.mysql.cj.exceptions.ExceptionFactory.createCommunicationsException(ExceptionFactory.java:167)
	at com.mysql.cj.protocol.a.NativeSocketConnection.connect(NativeSocketConnection.java:89)
	at com.mysql.cj.NativeSession.connect(NativeSession.java:144)
	at com.mysql.cj.jdbc.ConnectionImpl.connectOneTryOnly(ConnectionImpl.java:956)
	at com.mysql.cj.jdbc.ConnectionImpl.createNewIO(ConnectionImpl.java:826)
	... 76 common frames omitted
Caused by: java.net.ConnectException: Connection refused: connect
	at java.base/java.net.PlainSocketImpl.waitForConnect(Native Method)
	at java.base/java.net.PlainSocketImpl.socketConnect(PlainSocketImpl.java:107)
	at java.base/java.net.AbstractPlainSocketImpl.doConnect(AbstractPlainSocketImpl.java:412)
	at java.base/java.net.AbstractPlainSocketImpl.connectToAddress(AbstractPlainSocketImpl.java:255)
	at java.base/java.net.AbstractPlainSocketImpl.connect(AbstractPlainSocketImpl.java:237)
	at java.base/java.net.SocksSocketImpl.connect(SocksSocketImpl.java:392)
	at java.base/java.net.Socket.connect(Socket.java:609)
	at com.mysql.cj.protocol.StandardSocketFactory.connect(StandardSocketFactory.java:155)
	at com.mysql.cj.protocol.a.NativeSocketConnection.connect(NativeSocketConnection.java:63)
	... 79 common frames omitted
2025-07-01 18:58:41,582 WARN org.springframework.boot.autoconfigure.orm.jpa.DatabaseLookup [main] Unable to determine jdbc url from datasource
org.springframework.jdbc.support.MetaDataAccessException: Could not get Connection for extracting meta-data; nested exception is org.springframework.jdbc.CannotGetJdbcConnectionException: Failed to obtain JDBC Connection; nested exception is com.mysql.cj.jdbc.exceptions.CommunicationsException: Communications link failure

The last packet sent successfully to the server was 0 milliseconds ago. The driver has not received any packets from the server.
	at org.springframework.jdbc.support.JdbcUtils.extractDatabaseMetaData(JdbcUtils.java:328)
	at org.springframework.jdbc.support.JdbcUtils.extractDatabaseMetaData(JdbcUtils.java:356)
	at org.springframework.boot.autoconfigure.orm.jpa.DatabaseLookup.getDatabase(DatabaseLookup.java:72)
	at org.springframework.boot.autoconfigure.orm.jpa.JpaProperties.determineDatabase(JpaProperties.java:166)
	at org.springframework.boot.autoconfigure.orm.jpa.JpaBaseConfiguration.jpaVendorAdapter(JpaBaseConfiguration.java:111)
	at org.springframework.boot.autoconfigure.orm.jpa.HibernateJpaConfiguration$$EnhancerBySpringCGLIB$$4b7183a4.CGLIB$jpaVendorAdapter$4(<generated>)
	at org.springframework.boot.autoconfigure.orm.jpa.HibernateJpaConfiguration$$EnhancerBySpringCGLIB$$4b7183a4$$FastClassBySpringCGLIB$$38e62be5.invoke(<generated>)
	at org.springframework.cglib.proxy.MethodProxy.invokeSuper(MethodProxy.java:228)
	at org.springframework.context.annotation.ConfigurationClassEnhancer$BeanMethodInterceptor.intercept(ConfigurationClassEnhancer.java:365)
	at org.springframework.boot.autoconfigure.orm.jpa.HibernateJpaConfiguration$$EnhancerBySpringCGLIB$$4b7183a4.jpaVendorAdapter(<generated>)
	at java.base/jdk.internal.reflect.NativeMethodAccessorImpl.invoke0(Native Method)
	at java.base/jdk.internal.reflect.NativeMethodAccessorImpl.invoke(NativeMethodAccessorImpl.java:62)
	at java.base/jdk.internal.reflect.DelegatingMethodAccessorImpl.invoke(DelegatingMethodAccessorImpl.java:43)
	at java.base/java.lang.reflect.Method.invoke(Method.java:566)
	at org.springframework.beans.factory.support.SimpleInstantiationStrategy.instantiate(SimpleInstantiationStrategy.java:154)
	at org.springframework.beans.factory.support.ConstructorResolver.instantiateUsingFactoryMethod(ConstructorResolver.java:583)
	at org.springframework.beans.factory.support.AbstractAutowireCapableBeanFactory.instantiateUsingFactoryMethod(AbstractAutowireCapableBeanFactory.java:1246)
	at org.springframework.beans.factory.support.AbstractAutowireCapableBeanFactory.createBeanInstance(AbstractAutowireCapableBeanFactory.java:1096)
	at org.springframework.beans.factory.support.AbstractAutowireCapableBeanFactory.doCreateBean(AbstractAutowireCapableBeanFactory.java:535)
	at org.springframework.beans.factory.support.AbstractAutowireCapableBeanFactory.createBean(AbstractAutowireCapableBeanFactory.java:495)
	at org.springframework.beans.factory.support.AbstractBeanFactory.lambda$doGetBean$0(AbstractBeanFactory.java:317)
	at org.springframework.beans.factory.support.DefaultSingletonBeanRegistry.getSingleton(DefaultSingletonBeanRegistry.java:222)
	at org.springframework.beans.factory.support.AbstractBeanFactory.doGetBean(AbstractBeanFactory.java:315)
	at org.springframework.beans.factory.support.AbstractBeanFactory.getBean(AbstractBeanFactory.java:199)
	at org.springframework.beans.factory.config.DependencyDescriptor.resolveCandidate(DependencyDescriptor.java:251)
	at org.springframework.beans.factory.support.DefaultListableBeanFactory.doResolveDependency(DefaultListableBeanFactory.java:1135)
	at org.springframework.beans.factory.support.DefaultListableBeanFactory.resolveDependency(DefaultListableBeanFactory.java:1062)
	at org.springframework.beans.factory.support.ConstructorResolver.resolveAutowiredArgument(ConstructorResolver.java:819)
	at org.springframework.beans.factory.support.ConstructorResolver.createArgumentArray(ConstructorResolver.java:725)
	at org.springframework.beans.factory.support.ConstructorResolver.instantiateUsingFactoryMethod(ConstructorResolver.java:475)
	at org.springframework.beans.factory.support.AbstractAutowireCapableBeanFactory.instantiateUsingFactoryMethod(AbstractAutowireCapableBeanFactory.java:1246)
	at org.springframework.beans.factory.support.AbstractAutowireCapableBeanFactory.createBeanInstance(AbstractAutowireCapableBeanFactory.java:1096)
	at org.springframework.beans.factory.support.AbstractAutowireCapableBeanFactory.doCreateBean(AbstractAutowireCapableBeanFactory.java:535)
	at org.springframework.beans.factory.support.AbstractAutowireCapableBeanFactory.createBean(AbstractAutowireCapableBeanFactory.java:495)
	at org.springframework.beans.factory.support.AbstractBeanFactory.lambda$doGetBean$0(AbstractBeanFactory.java:317)
	at org.springframework.beans.factory.support.DefaultSingletonBeanRegistry.getSingleton(DefaultSingletonBeanRegistry.java:222)
	at org.springframework.beans.factory.support.AbstractBeanFactory.doGetBean(AbstractBeanFactory.java:315)
	at org.springframework.beans.factory.support.AbstractBeanFactory.getBean(AbstractBeanFactory.java:199)
	at org.springframework.beans.factory.config.DependencyDescriptor.resolveCandidate(DependencyDescriptor.java:251)
	at org.springframework.beans.factory.support.DefaultListableBeanFactory.doResolveDependency(DefaultListableBeanFactory.java:1135)
	at org.springframework.beans.factory.support.DefaultListableBeanFactory.resolveDependency(DefaultListableBeanFactory.java:1062)
	at org.springframework.beans.factory.support.ConstructorResolver.resolveAutowiredArgument(ConstructorResolver.java:819)
	at org.springframework.beans.factory.support.ConstructorResolver.createArgumentArray(ConstructorResolver.java:725)
	at org.springframework.beans.factory.support.ConstructorResolver.instantiateUsingFactoryMethod(ConstructorResolver.java:475)
	at org.springframework.beans.factory.support.AbstractAutowireCapableBeanFactory.instantiateUsingFactoryMethod(AbstractAutowireCapableBeanFactory.java:1246)
	at org.springframework.beans.factory.support.AbstractAutowireCapableBeanFactory.createBeanInstance(AbstractAutowireCapableBeanFactory.java:1096)
	at org.springframework.beans.factory.support.AbstractAutowireCapableBeanFactory.doCreateBean(AbstractAutowireCapableBeanFactory.java:535)
	at org.springframework.beans.factory.support.AbstractAutowireCapableBeanFactory.createBean(AbstractAutowireCapableBeanFactory.java:495)
	at org.springframework.beans.factory.support.AbstractBeanFactory.lambda$doGetBean$0(AbstractBeanFactory.java:317)
	at org.springframework.beans.factory.support.DefaultSingletonBeanRegistry.getSingleton(DefaultSingletonBeanRegistry.java:222)
	at org.springframework.beans.factory.support.AbstractBeanFactory.doGetBean(AbstractBeanFactory.java:315)
	at org.springframework.beans.factory.support.AbstractBeanFactory.getBean(AbstractBeanFactory.java:199)
	at org.springframework.context.support.AbstractApplicationContext.getBean(AbstractApplicationContext.java:1087)
	at org.springframework.context.support.AbstractApplicationContext.finishBeanFactoryInitialization(AbstractApplicationContext.java:857)
	at org.springframework.context.support.AbstractApplicationContext.refresh(AbstractApplicationContext.java:548)
	at org.springframework.boot.web.servlet.context.ServletWebServerApplicationContext.refresh(ServletWebServerApplicationContext.java:140)
	at org.springframework.boot.SpringApplication.refresh(SpringApplication.java:754)
	at org.springframework.boot.SpringApplication.refreshContext(SpringApplication.java:386)
	at org.springframework.boot.SpringApplication.run(SpringApplication.java:307)
	at org.springframework.boot.SpringApplication.run(SpringApplication.java:1242)
	at org.springframework.boot.SpringApplication.run(SpringApplication.java:1230)
	at com.ut.utAttendance.Application.main(Application.java:14)
Caused by: org.springframework.jdbc.CannotGetJdbcConnectionException: Failed to obtain JDBC Connection; nested exception is com.mysql.cj.jdbc.exceptions.CommunicationsException: Communications link failure

The last packet sent successfully to the server was 0 milliseconds ago. The driver has not received any packets from the server.
	at org.springframework.jdbc.datasource.DataSourceUtils.getConnection(DataSourceUtils.java:81)
	at org.springframework.jdbc.support.JdbcUtils.extractDatabaseMetaData(JdbcUtils.java:319)
	... 61 common frames omitted
Caused by: com.mysql.cj.jdbc.exceptions.CommunicationsException: Communications link failure

The last packet sent successfully to the server was 0 milliseconds ago. The driver has not received any packets from the server.
	at com.mysql.cj.jdbc.exceptions.SQLError.createCommunicationsException(SQLError.java:174)
	at com.mysql.cj.jdbc.exceptions.SQLExceptionsMapping.translateException(SQLExceptionsMapping.java:64)
	at com.mysql.cj.jdbc.ConnectionImpl.createNewIO(ConnectionImpl.java:836)
	at com.mysql.cj.jdbc.ConnectionImpl.<init>(ConnectionImpl.java:456)
	at com.mysql.cj.jdbc.ConnectionImpl.getInstance(ConnectionImpl.java:246)
	at com.mysql.cj.jdbc.NonRegisteringDriver.connect(NonRegisteringDriver.java:198)
	at com.zaxxer.hikari.util.DriverDataSource.getConnection(DriverDataSource.java:117)
	at com.zaxxer.hikari.util.DriverDataSource.getConnection(DriverDataSource.java:123)
	at com.zaxxer.hikari.pool.PoolBase.newConnection(PoolBase.java:365)
	at com.zaxxer.hikari.pool.PoolBase.newPoolEntry(PoolBase.java:194)
	at com.zaxxer.hikari.pool.HikariPool.createPoolEntry(HikariPool.java:460)
	at com.zaxxer.hikari.pool.HikariPool.checkFailFast(HikariPool.java:534)
	at com.zaxxer.hikari.pool.HikariPool.<init>(HikariPool.java:115)
	at com.zaxxer.hikari.HikariDataSource.getConnection(HikariDataSource.java:112)
	at org.springframework.jdbc.datasource.DataSourceUtils.fetchConnection(DataSourceUtils.java:151)
	at org.springframework.jdbc.datasource.DataSourceUtils.doGetConnection(DataSourceUtils.java:115)
	at org.springframework.jdbc.datasource.DataSourceUtils.getConnection(DataSourceUtils.java:78)
	... 62 common frames omitted
Caused by: com.mysql.cj.exceptions.CJCommunicationsException: Communications link failure

The last packet sent successfully to the server was 0 milliseconds ago. The driver has not received any packets from the server.
	at java.base/jdk.internal.reflect.NativeConstructorAccessorImpl.newInstance0(Native Method)
	at java.base/jdk.internal.reflect.NativeConstructorAccessorImpl.newInstance(NativeConstructorAccessorImpl.java:62)
	at java.base/jdk.internal.reflect.DelegatingConstructorAccessorImpl.newInstance(DelegatingConstructorAccessorImpl.java:45)
	at java.base/java.lang.reflect.Constructor.newInstance(Constructor.java:490)
	at com.mysql.cj.exceptions.ExceptionFactory.createException(ExceptionFactory.java:61)
	at com.mysql.cj.exceptions.ExceptionFactory.createException(ExceptionFactory.java:105)
	at com.mysql.cj.exceptions.ExceptionFactory.createException(ExceptionFactory.java:151)
	at com.mysql.cj.exceptions.ExceptionFactory.createCommunicationsException(ExceptionFactory.java:167)
	at com.mysql.cj.protocol.a.NativeSocketConnection.connect(NativeSocketConnection.java:89)
	at com.mysql.cj.NativeSession.connect(NativeSession.java:144)
	at com.mysql.cj.jdbc.ConnectionImpl.connectOneTryOnly(ConnectionImpl.java:956)
	at com.mysql.cj.jdbc.ConnectionImpl.createNewIO(ConnectionImpl.java:826)
	... 76 common frames omitted
Caused by: java.net.ConnectException: Connection refused: connect
	at java.base/java.net.PlainSocketImpl.waitForConnect(Native Method)
	at java.base/java.net.PlainSocketImpl.socketConnect(PlainSocketImpl.java:107)
	at java.base/java.net.AbstractPlainSocketImpl.doConnect(AbstractPlainSocketImpl.java:412)
	at java.base/java.net.AbstractPlainSocketImpl.connectToAddress(AbstractPlainSocketImpl.java:255)
	at java.base/java.net.AbstractPlainSocketImpl.connect(AbstractPlainSocketImpl.java:237)
	at java.base/java.net.SocksSocketImpl.connect(SocksSocketImpl.java:392)
	at java.base/java.net.Socket.connect(Socket.java:609)
	at com.mysql.cj.protocol.StandardSocketFactory.connect(StandardSocketFactory.java:155)
	at com.mysql.cj.protocol.a.NativeSocketConnection.connect(NativeSocketConnection.java:63)
	... 79 common frames omitted
2025-07-01 18:58:43,407 INFO org.springframework.orm.jpa.LocalContainerEntityManagerFactoryBean [main] Building JPA container EntityManagerFactory for persistence unit 'default'
2025-07-01 18:58:44,028 INFO org.hibernate.jpa.internal.util.LogHelper [main] HHH000204: Processing PersistenceUnitInfo [
	name: default
	...]
2025-07-01 18:58:44,269 INFO org.hibernate.Version [main] HHH000412: Hibernate Core {5.2.17.Final}
2025-07-01 18:58:44,274 INFO org.hibernate.cfg.Environment [main] HHH000206: hibernate.properties not found
2025-07-01 18:58:44,393 INFO org.hibernate.annotations.common.reflection.java.JavaReflectionManager [main] HCANN000001: Hibernate Commons Annotations {5.0.1.Final}
2025-07-01 18:58:44,748 INFO com.zaxxer.hikari.HikariDataSource [main] HikariPool-1 - Starting...
2025-07-01 18:58:44,749 WARN com.zaxxer.hikari.util.DriverDataSource [main] Registered driver with driverClassName=com.mysql.jdbc.Driver was not found, trying direct instantiation.
2025-07-01 18:58:45,763 ERROR com.zaxxer.hikari.pool.HikariPool [main] HikariPool-1 - Exception during pool initialization.
com.mysql.cj.jdbc.exceptions.CommunicationsException: Communications link failure

The last packet sent successfully to the server was 0 milliseconds ago. The driver has not received any packets from the server.
	at com.mysql.cj.jdbc.exceptions.SQLError.createCommunicationsException(SQLError.java:174)
	at com.mysql.cj.jdbc.exceptions.SQLExceptionsMapping.translateException(SQLExceptionsMapping.java:64)
	at com.mysql.cj.jdbc.ConnectionImpl.createNewIO(ConnectionImpl.java:836)
	at com.mysql.cj.jdbc.ConnectionImpl.<init>(ConnectionImpl.java:456)
	at com.mysql.cj.jdbc.ConnectionImpl.getInstance(ConnectionImpl.java:246)
	at com.mysql.cj.jdbc.NonRegisteringDriver.connect(NonRegisteringDriver.java:198)
	at com.zaxxer.hikari.util.DriverDataSource.getConnection(DriverDataSource.java:117)
	at com.zaxxer.hikari.util.DriverDataSource.getConnection(DriverDataSource.java:123)
	at com.zaxxer.hikari.pool.PoolBase.newConnection(PoolBase.java:365)
	at com.zaxxer.hikari.pool.PoolBase.newPoolEntry(PoolBase.java:194)
	at com.zaxxer.hikari.pool.HikariPool.createPoolEntry(HikariPool.java:460)
	at com.zaxxer.hikari.pool.HikariPool.checkFailFast(HikariPool.java:534)
	at com.zaxxer.hikari.pool.HikariPool.<init>(HikariPool.java:115)
	at com.zaxxer.hikari.HikariDataSource.getConnection(HikariDataSource.java:112)
	at org.hibernate.engine.jdbc.connections.internal.DatasourceConnectionProviderImpl.getConnection(DatasourceConnectionProviderImpl.java:122)
	at org.hibernate.engine.jdbc.env.internal.JdbcEnvironmentInitiator$ConnectionProviderJdbcConnectionAccess.obtainConnection(JdbcEnvironmentInitiator.java:180)
	at org.hibernate.engine.jdbc.env.internal.JdbcEnvironmentInitiator.initiateService(JdbcEnvironmentInitiator.java:68)
	at org.hibernate.engine.jdbc.env.internal.JdbcEnvironmentInitiator.initiateService(JdbcEnvironmentInitiator.java:35)
	at org.hibernate.boot.registry.internal.StandardServiceRegistryImpl.initiateService(StandardServiceRegistryImpl.java:88)
	at org.hibernate.service.internal.AbstractServiceRegistryImpl.createService(AbstractServiceRegistryImpl.java:259)
	at org.hibernate.service.internal.AbstractServiceRegistryImpl.initializeService(AbstractServiceRegistryImpl.java:233)
	at org.hibernate.service.internal.AbstractServiceRegistryImpl.getService(AbstractServiceRegistryImpl.java:210)
	at org.hibernate.engine.jdbc.internal.JdbcServicesImpl.configure(JdbcServicesImpl.java:51)
	at org.hibernate.boot.registry.internal.StandardServiceRegistryImpl.configureService(StandardServiceRegistryImpl.java:94)
	at org.hibernate.service.internal.AbstractServiceRegistryImpl.initializeService(AbstractServiceRegistryImpl.java:242)
	at org.hibernate.service.internal.AbstractServiceRegistryImpl.getService(AbstractServiceRegistryImpl.java:210)
	at org.hibernate.boot.model.process.spi.MetadataBuildingProcess.handleTypes(MetadataBuildingProcess.java:352)
	at org.hibernate.boot.model.process.spi.MetadataBuildingProcess.complete(MetadataBuildingProcess.java:111)
	at org.hibernate.jpa.boot.internal.EntityManagerFactoryBuilderImpl.metadata(EntityManagerFactoryBuilderImpl.java:861)
	at org.hibernate.jpa.boot.internal.EntityManagerFactoryBuilderImpl.build(EntityManagerFactoryBuilderImpl.java:888)
	at org.springframework.orm.jpa.vendor.SpringHibernateJpaPersistenceProvider.createContainerEntityManagerFactory(SpringHibernateJpaPersistenceProvider.java:57)
	at org.springframework.orm.jpa.LocalContainerEntityManagerFactoryBean.createNativeEntityManagerFactory(LocalContainerEntityManagerFactoryBean.java:365)
	at org.springframework.orm.jpa.AbstractEntityManagerFactoryBean.buildNativeEntityManagerFactory(AbstractEntityManagerFactoryBean.java:390)
	at org.springframework.orm.jpa.AbstractEntityManagerFactoryBean.afterPropertiesSet(AbstractEntityManagerFactoryBean.java:377)
	at org.springframework.orm.jpa.LocalContainerEntityManagerFactoryBean.afterPropertiesSet(LocalContainerEntityManagerFactoryBean.java:341)
	at org.springframework.beans.factory.support.AbstractAutowireCapableBeanFactory.invokeInitMethods(AbstractAutowireCapableBeanFactory.java:1753)
	at org.springframework.beans.factory.support.AbstractAutowireCapableBeanFactory.initializeBean(AbstractAutowireCapableBeanFactory.java:1690)
	at org.springframework.beans.factory.support.AbstractAutowireCapableBeanFactory.doCreateBean(AbstractAutowireCapableBeanFactory.java:573)
	at org.springframework.beans.factory.support.AbstractAutowireCapableBeanFactory.createBean(AbstractAutowireCapableBeanFactory.java:495)
	at org.springframework.beans.factory.support.AbstractBeanFactory.lambda$doGetBean$0(AbstractBeanFactory.java:317)
	at org.springframework.beans.factory.support.DefaultSingletonBeanRegistry.getSingleton(DefaultSingletonBeanRegistry.java:222)
	at org.springframework.beans.factory.support.AbstractBeanFactory.doGetBean(AbstractBeanFactory.java:315)
	at org.springframework.beans.factory.support.AbstractBeanFactory.getBean(AbstractBeanFactory.java:199)
	at org.springframework.context.support.AbstractApplicationContext.getBean(AbstractApplicationContext.java:1087)
	at org.springframework.context.support.AbstractApplicationContext.finishBeanFactoryInitialization(AbstractApplicationContext.java:857)
	at org.springframework.context.support.AbstractApplicationContext.refresh(AbstractApplicationContext.java:548)
	at org.springframework.boot.web.servlet.context.ServletWebServerApplicationContext.refresh(ServletWebServerApplicationContext.java:140)
	at org.springframework.boot.SpringApplication.refresh(SpringApplication.java:754)
	at org.springframework.boot.SpringApplication.refreshContext(SpringApplication.java:386)
	at org.springframework.boot.SpringApplication.run(SpringApplication.java:307)
	at org.springframework.boot.SpringApplication.run(SpringApplication.java:1242)
	at org.springframework.boot.SpringApplication.run(SpringApplication.java:1230)
	at com.ut.utAttendance.Application.main(Application.java:14)
Caused by: com.mysql.cj.exceptions.CJCommunicationsException: Communications link failure

The last packet sent successfully to the server was 0 milliseconds ago. The driver has not received any packets from the server.
	at java.base/jdk.internal.reflect.NativeConstructorAccessorImpl.newInstance0(Native Method)
	at java.base/jdk.internal.reflect.NativeConstructorAccessorImpl.newInstance(NativeConstructorAccessorImpl.java:62)
	at java.base/jdk.internal.reflect.DelegatingConstructorAccessorImpl.newInstance(DelegatingConstructorAccessorImpl.java:45)
	at java.base/java.lang.reflect.Constructor.newInstance(Constructor.java:490)
	at com.mysql.cj.exceptions.ExceptionFactory.createException(ExceptionFactory.java:61)
	at com.mysql.cj.exceptions.ExceptionFactory.createException(ExceptionFactory.java:105)
	at com.mysql.cj.exceptions.ExceptionFactory.createException(ExceptionFactory.java:151)
	at com.mysql.cj.exceptions.ExceptionFactory.createCommunicationsException(ExceptionFactory.java:167)
	at com.mysql.cj.protocol.a.NativeSocketConnection.connect(NativeSocketConnection.java:89)
	at com.mysql.cj.NativeSession.connect(NativeSession.java:144)
	at com.mysql.cj.jdbc.ConnectionImpl.connectOneTryOnly(ConnectionImpl.java:956)
	at com.mysql.cj.jdbc.ConnectionImpl.createNewIO(ConnectionImpl.java:826)
	... 50 common frames omitted
Caused by: java.net.ConnectException: Connection refused: connect
	at java.base/java.net.PlainSocketImpl.waitForConnect(Native Method)
	at java.base/java.net.PlainSocketImpl.socketConnect(PlainSocketImpl.java:107)
	at java.base/java.net.AbstractPlainSocketImpl.doConnect(AbstractPlainSocketImpl.java:412)
	at java.base/java.net.AbstractPlainSocketImpl.connectToAddress(AbstractPlainSocketImpl.java:255)
	at java.base/java.net.AbstractPlainSocketImpl.connect(AbstractPlainSocketImpl.java:237)
	at java.base/java.net.SocksSocketImpl.connect(SocksSocketImpl.java:392)
	at java.base/java.net.Socket.connect(Socket.java:609)
	at com.mysql.cj.protocol.StandardSocketFactory.connect(StandardSocketFactory.java:155)
	at com.mysql.cj.protocol.a.NativeSocketConnection.connect(NativeSocketConnection.java:63)
	... 53 common frames omitted
2025-07-01 18:58:45,765 WARN org.hibernate.engine.jdbc.env.internal.JdbcEnvironmentInitiator [main] HHH000342: Could not obtain connection to query metadata : Communications link failure

The last packet sent successfully to the server was 0 milliseconds ago. The driver has not received any packets from the server.
2025-07-01 18:58:45,767 WARN org.springframework.context.support.AbstractApplicationContext [main] Exception encountered during context initialization - cancelling refresh attempt: org.springframework.beans.factory.BeanCreationException: Error creating bean with name 'entityManagerFactory' defined in class path resource [org/springframework/boot/autoconfigure/orm/jpa/HibernateJpaConfiguration.class]: Invocation of init method failed; nested exception is org.hibernate.service.spi.ServiceException: Unable to create requested service [org.hibernate.engine.jdbc.env.spi.JdbcEnvironment]
2025-07-01 18:58:45,772 INFO org.apache.juli.logging.DirectJDKLog [main] Stopping service [Tomcat]
2025-07-01 18:58:45,777 WARN org.apache.juli.logging.DirectJDKLog [localhost-startStop-1] Failed to clear soft references from ObjectStreamClass$Caches for web application [UTAttendanceAPi]
java.lang.ClassCastException: class java.io.ObjectStreamClass$Caches$1 cannot be cast to class java.util.Map (java.io.ObjectStreamClass$Caches$1 and java.util.Map are in module java.base of loader 'bootstrap')
	at org.apache.catalina.loader.WebappClassLoaderBase.clearCache(WebappClassLoaderBase.java:2192)
	at org.apache.catalina.loader.WebappClassLoaderBase.clearReferencesObjectStreamClassCaches(WebappClassLoaderBase.java:2179)
	at org.apache.catalina.loader.WebappClassLoaderBase.clearReferences(WebappClassLoaderBase.java:1554)
	at org.apache.catalina.loader.WebappClassLoaderBase.stop(WebappClassLoaderBase.java:1499)
	at org.apache.catalina.loader.WebappLoader.stopInternal(WebappLoader.java:446)
	at org.apache.catalina.util.LifecycleBase.stop(LifecycleBase.java:226)
	at org.apache.catalina.core.StandardContext.stopInternal(StandardContext.java:5514)
	at org.apache.catalina.util.LifecycleBase.stop(LifecycleBase.java:226)
	at org.apache.catalina.core.ContainerBase$StopChild.call(ContainerBase.java:1436)
	at org.apache.catalina.core.ContainerBase$StopChild.call(ContainerBase.java:1425)
	at java.base/java.util.concurrent.FutureTask.run(FutureTask.java:264)
	at java.base/java.util.concurrent.ThreadPoolExecutor.runWorker(ThreadPoolExecutor.java:1128)
	at java.base/java.util.concurrent.ThreadPoolExecutor$Worker.run(ThreadPoolExecutor.java:628)
	at java.base/java.lang.Thread.run(Thread.java:829)
2025-07-01 18:58:45,802 INFO org.springframework.boot.autoconfigure.logging.ConditionEvaluationReportLoggingListener [main] 

Error starting ApplicationContext. To display the conditions report re-run your application with 'debug' enabled.
2025-07-01 18:58:45,809 ERROR org.springframework.boot.SpringApplication [main] Application run failed
org.springframework.beans.factory.BeanCreationException: Error creating bean with name 'entityManagerFactory' defined in class path resource [org/springframework/boot/autoconfigure/orm/jpa/HibernateJpaConfiguration.class]: Invocation of init method failed; nested exception is org.hibernate.service.spi.ServiceException: Unable to create requested service [org.hibernate.engine.jdbc.env.spi.JdbcEnvironment]
	at org.springframework.beans.factory.support.AbstractAutowireCapableBeanFactory.initializeBean(AbstractAutowireCapableBeanFactory.java:1694)
	at org.springframework.beans.factory.support.AbstractAutowireCapableBeanFactory.doCreateBean(AbstractAutowireCapableBeanFactory.java:573)
	at org.springframework.beans.factory.support.AbstractAutowireCapableBeanFactory.createBean(AbstractAutowireCapableBeanFactory.java:495)
	at org.springframework.beans.factory.support.AbstractBeanFactory.lambda$doGetBean$0(AbstractBeanFactory.java:317)
	at org.springframework.beans.factory.support.DefaultSingletonBeanRegistry.getSingleton(DefaultSingletonBeanRegistry.java:222)
	at org.springframework.beans.factory.support.AbstractBeanFactory.doGetBean(AbstractBeanFactory.java:315)
	at org.springframework.beans.factory.support.AbstractBeanFactory.getBean(AbstractBeanFactory.java:199)
	at org.springframework.context.support.AbstractApplicationContext.getBean(AbstractApplicationContext.java:1087)
	at org.springframework.context.support.AbstractApplicationContext.finishBeanFactoryInitialization(AbstractApplicationContext.java:857)
	at org.springframework.context.support.AbstractApplicationContext.refresh(AbstractApplicationContext.java:548)
	at org.springframework.boot.web.servlet.context.ServletWebServerApplicationContext.refresh(ServletWebServerApplicationContext.java:140)
	at org.springframework.boot.SpringApplication.refresh(SpringApplication.java:754)
	at org.springframework.boot.SpringApplication.refreshContext(SpringApplication.java:386)
	at org.springframework.boot.SpringApplication.run(SpringApplication.java:307)
	at org.springframework.boot.SpringApplication.run(SpringApplication.java:1242)
	at org.springframework.boot.SpringApplication.run(SpringApplication.java:1230)
	at com.ut.utAttendance.Application.main(Application.java:14)
Caused by: org.hibernate.service.spi.ServiceException: Unable to create requested service [org.hibernate.engine.jdbc.env.spi.JdbcEnvironment]
	at org.hibernate.service.internal.AbstractServiceRegistryImpl.createService(AbstractServiceRegistryImpl.java:271)
	at org.hibernate.service.internal.AbstractServiceRegistryImpl.initializeService(AbstractServiceRegistryImpl.java:233)
	at org.hibernate.service.internal.AbstractServiceRegistryImpl.getService(AbstractServiceRegistryImpl.java:210)
	at org.hibernate.engine.jdbc.internal.JdbcServicesImpl.configure(JdbcServicesImpl.java:51)
	at org.hibernate.boot.registry.internal.StandardServiceRegistryImpl.configureService(StandardServiceRegistryImpl.java:94)
	at org.hibernate.service.internal.AbstractServiceRegistryImpl.initializeService(AbstractServiceRegistryImpl.java:242)
	at org.hibernate.service.internal.AbstractServiceRegistryImpl.getService(AbstractServiceRegistryImpl.java:210)
	at org.hibernate.boot.model.process.spi.MetadataBuildingProcess.handleTypes(MetadataBuildingProcess.java:352)
	at org.hibernate.boot.model.process.spi.MetadataBuildingProcess.complete(MetadataBuildingProcess.java:111)
	at org.hibernate.jpa.boot.internal.EntityManagerFactoryBuilderImpl.metadata(EntityManagerFactoryBuilderImpl.java:861)
	at org.hibernate.jpa.boot.internal.EntityManagerFactoryBuilderImpl.build(EntityManagerFactoryBuilderImpl.java:888)
	at org.springframework.orm.jpa.vendor.SpringHibernateJpaPersistenceProvider.createContainerEntityManagerFactory(SpringHibernateJpaPersistenceProvider.java:57)
	at org.springframework.orm.jpa.LocalContainerEntityManagerFactoryBean.createNativeEntityManagerFactory(LocalContainerEntityManagerFactoryBean.java:365)
	at org.springframework.orm.jpa.AbstractEntityManagerFactoryBean.buildNativeEntityManagerFactory(AbstractEntityManagerFactoryBean.java:390)
	at org.springframework.orm.jpa.AbstractEntityManagerFactoryBean.afterPropertiesSet(AbstractEntityManagerFactoryBean.java:377)
	at org.springframework.orm.jpa.LocalContainerEntityManagerFactoryBean.afterPropertiesSet(LocalContainerEntityManagerFactoryBean.java:341)
	at org.springframework.beans.factory.support.AbstractAutowireCapableBeanFactory.invokeInitMethods(AbstractAutowireCapableBeanFactory.java:1753)
	at org.springframework.beans.factory.support.AbstractAutowireCapableBeanFactory.initializeBean(AbstractAutowireCapableBeanFactory.java:1690)
	... 16 common frames omitted
Caused by: org.hibernate.HibernateException: Access to DialectResolutionInfo cannot be null when 'hibernate.dialect' not set
	at org.hibernate.engine.jdbc.dialect.internal.DialectFactoryImpl.determineDialect(DialectFactoryImpl.java:100)
	at org.hibernate.engine.jdbc.dialect.internal.DialectFactoryImpl.buildDialect(DialectFactoryImpl.java:54)
	at org.hibernate.engine.jdbc.env.internal.JdbcEnvironmentInitiator.initiateService(JdbcEnvironmentInitiator.java:137)
	at org.hibernate.engine.jdbc.env.internal.JdbcEnvironmentInitiator.initiateService(JdbcEnvironmentInitiator.java:35)
	at org.hibernate.boot.registry.internal.StandardServiceRegistryImpl.initiateService(StandardServiceRegistryImpl.java:88)
	at org.hibernate.service.internal.AbstractServiceRegistryImpl.createService(AbstractServiceRegistryImpl.java:259)
	... 33 common frames omitted
2025-07-01 18:59:03,664 INFO org.springframework.boot.StartupInfoLogger [main] Starting Application on DESKTOP-E21LGMU with PID 13472 (started by Dell in C:\Rithy\Responsibility 2025\Self Development\Pesith Java\project_structure)
2025-07-01 18:59:03,674 INFO org.springframework.boot.SpringApplication [main] No active profile set, falling back to default profiles: default
2025-07-01 18:59:03,767 INFO org.springframework.context.support.AbstractApplicationContext [main] Refreshing org.springframework.boot.web.servlet.context.AnnotationConfigServletWebServerApplicationContext@70f02c32: startup date [Tue Jul 01 18:59:03 ICT 2025]; root of context hierarchy
2025-07-01 18:59:06,517 WARN org.mybatis.logging.Logger [main] Skipping MapperFactoryBean with name 'activityLogMapper' and 'com.ut.utAttendance.mapper.primary.ActivityLogMapper' mapperInterface. Bean already defined with the same name!
2025-07-01 18:59:06,518 WARN org.mybatis.logging.Logger [main] Skipping MapperFactoryBean with name 'authMapper' and 'com.ut.utAttendance.mapper.primary.AuthMapper' mapperInterface. Bean already defined with the same name!
2025-07-01 18:59:06,519 WARN org.mybatis.logging.Logger [main] Skipping MapperFactoryBean with name 'calDateMapper' and 'com.ut.utAttendance.mapper.primary.CalDateMapper' mapperInterface. Bean already defined with the same name!
2025-07-01 18:59:06,519 WARN org.mybatis.logging.Logger [main] Skipping MapperFactoryBean with name 'moduleMapper' and 'com.ut.utAttendance.mapper.primary.ModuleMapper' mapperInterface. Bean already defined with the same name!
2025-07-01 18:59:06,520 WARN org.mybatis.logging.Logger [main] Skipping MapperFactoryBean with name 'moduleTypeMapper' and 'com.ut.utAttendance.mapper.primary.ModuleTypeMapper' mapperInterface. Bean already defined with the same name!
2025-07-01 18:59:06,521 WARN org.mybatis.logging.Logger [main] Skipping MapperFactoryBean with name 'permissionMapper' and 'com.ut.utAttendance.mapper.primary.PermissionMapper' mapperInterface. Bean already defined with the same name!
2025-07-01 18:59:06,521 WARN org.mybatis.logging.Logger [main] Skipping MapperFactoryBean with name 'roleMapper' and 'com.ut.utAttendance.mapper.primary.RoleMapper' mapperInterface. Bean already defined with the same name!
2025-07-01 18:59:06,522 WARN org.mybatis.logging.Logger [main] Skipping MapperFactoryBean with name 'userMapper' and 'com.ut.utAttendance.mapper.primary.UserMapper' mapperInterface. Bean already defined with the same name!
2025-07-01 18:59:06,523 WARN org.mybatis.logging.Logger [main] No MyBatis mapper was found in '[com.ut.utAttendance.mapper.primary]' package. Please check your configuration.
2025-07-01 18:59:07,287 INFO org.springframework.context.support.PostProcessorRegistrationDelegate$BeanPostProcessorChecker [main] Bean 'org.springframework.transaction.annotation.ProxyTransactionManagementConfiguration' of type [org.springframework.transaction.annotation.ProxyTransactionManagementConfiguration$$EnhancerBySpringCGLIB$$d45f0827] is not eligible for getting processed by all BeanPostProcessors (for example: not eligible for auto-proxying)
2025-07-01 18:59:07,978 INFO org.springframework.boot.web.embedded.tomcat.TomcatWebServer [main] Tomcat initialized with port(s): 8097 (http)
2025-07-01 18:59:08,000 INFO org.apache.juli.logging.DirectJDKLog [main] Initializing ProtocolHandler ["http-nio-8097"]
2025-07-01 18:59:08,013 INFO org.apache.juli.logging.DirectJDKLog [main] Starting service [Tomcat]
2025-07-01 18:59:08,014 INFO org.apache.juli.logging.DirectJDKLog [main] Starting Servlet Engine: Apache Tomcat/8.5.34
2025-07-01 18:59:08,021 INFO org.apache.juli.logging.DirectJDKLog [localhost-startStop-1] The APR based Apache Tomcat Native library which allows optimal performance in production environments was not found on the java.library.path: [C:\Users\Dell\.jdks\ms-11.0.27\bin;C:\Windows\Sun\Java\bin;C:\Windows\system32;C:\Windows;C:\Windows\system32;C:\Windows;C:\Windows\System32\Wbem;C:\Windows\System32\WindowsPowerShell\v1.0\;C:\Windows\System32\OpenSSH\;C:\Rithy\Software\apache-maven-3.8.1\apache-maven-3.8.1\bin;C:\Rithy\Software\jdk-21_windows-x64_bin\jdk-21.0.4\bin;C:\Program Files\FireDaemon OpenSSL 3\bin;C:\Program Files\Git\cmd;C:\Program Files (x86)\NetSarang\Xftp 7\;C:\Program Files\Docker\Docker\resources\bin;C:\Users\Dell\AppData\Local\Microsoft\WindowsApps;C:\Users\Dell\AppData\Local\GitHubDesktop\bin;C:\Users\Dell\AppData\Local\Programs\Microsoft VS Code\bin;.]
2025-07-01 18:59:08,219 INFO org.apache.juli.logging.DirectJDKLog [localhost-startStop-1] Initializing Spring embedded WebApplicationContext
2025-07-01 18:59:08,220 INFO org.springframework.boot.web.servlet.context.ServletWebServerApplicationContext [localhost-startStop-1] Root WebApplicationContext: initialization completed in 4453 ms
2025-07-01 18:59:09,221 INFO org.springframework.boot.web.servlet.AbstractFilterRegistrationBean [localhost-startStop-1] Mapping filter: 'characterEncodingFilter' to: [/*]
2025-07-01 18:59:09,222 INFO org.springframework.boot.web.servlet.AbstractFilterRegistrationBean [localhost-startStop-1] Mapping filter: 'webMvcMetricsFilter' to: [/*]
2025-07-01 18:59:09,223 INFO org.springframework.boot.web.servlet.AbstractFilterRegistrationBean [localhost-startStop-1] Mapping filter: 'hiddenHttpMethodFilter' to: [/*]
2025-07-01 18:59:09,223 INFO org.springframework.boot.web.servlet.AbstractFilterRegistrationBean [localhost-startStop-1] Mapping filter: 'httpPutFormContentFilter' to: [/*]
2025-07-01 18:59:09,224 INFO org.springframework.boot.web.servlet.AbstractFilterRegistrationBean [localhost-startStop-1] Mapping filter: 'requestContextFilter' to: [/*]
2025-07-01 18:59:09,225 INFO org.springframework.boot.web.servlet.AbstractFilterRegistrationBean [localhost-startStop-1] Mapping filter: 'springSecurityFilterChain' to: [/*]
2025-07-01 18:59:09,226 INFO org.springframework.boot.web.servlet.AbstractFilterRegistrationBean [localhost-startStop-1] Mapping filter: 'httpTraceFilter' to: [/*]
2025-07-01 18:59:09,226 INFO org.springframework.boot.web.servlet.AbstractFilterRegistrationBean [localhost-startStop-1] Mapping filter: 'corsFilter' to: [/*]
2025-07-01 18:59:09,226 INFO org.springframework.boot.web.servlet.ServletRegistrationBean [localhost-startStop-1] Servlet dispatcherServlet mapped to [/]
2025-07-01 18:59:09,338 INFO com.zaxxer.hikari.HikariDataSource [main] HikariPool-1 - Starting...
2025-07-01 18:59:09,343 WARN com.zaxxer.hikari.util.DriverDataSource [main] Registered driver with driverClassName=com.mysql.jdbc.Driver was not found, trying direct instantiation.
2025-07-01 18:59:10,816 ERROR com.zaxxer.hikari.pool.HikariPool [main] HikariPool-1 - Exception during pool initialization.
java.sql.SQLException: Access denied for user 'root'@'192.168.65.1' (using password: NO)
	at com.mysql.cj.jdbc.exceptions.SQLError.createSQLException(SQLError.java:129)
	at com.mysql.cj.jdbc.exceptions.SQLError.createSQLException(SQLError.java:97)
	at com.mysql.cj.jdbc.exceptions.SQLExceptionsMapping.translateException(SQLExceptionsMapping.java:122)
	at com.mysql.cj.jdbc.ConnectionImpl.createNewIO(ConnectionImpl.java:836)
	at com.mysql.cj.jdbc.ConnectionImpl.<init>(ConnectionImpl.java:456)
	at com.mysql.cj.jdbc.ConnectionImpl.getInstance(ConnectionImpl.java:246)
	at com.mysql.cj.jdbc.NonRegisteringDriver.connect(NonRegisteringDriver.java:198)
	at com.zaxxer.hikari.util.DriverDataSource.getConnection(DriverDataSource.java:117)
	at com.zaxxer.hikari.util.DriverDataSource.getConnection(DriverDataSource.java:123)
	at com.zaxxer.hikari.pool.PoolBase.newConnection(PoolBase.java:365)
	at com.zaxxer.hikari.pool.PoolBase.newPoolEntry(PoolBase.java:194)
	at com.zaxxer.hikari.pool.HikariPool.createPoolEntry(HikariPool.java:460)
	at com.zaxxer.hikari.pool.HikariPool.checkFailFast(HikariPool.java:534)
	at com.zaxxer.hikari.pool.HikariPool.<init>(HikariPool.java:115)
	at com.zaxxer.hikari.HikariDataSource.getConnection(HikariDataSource.java:112)
	at org.springframework.jdbc.datasource.DataSourceUtils.fetchConnection(DataSourceUtils.java:151)
	at org.springframework.jdbc.datasource.DataSourceUtils.doGetConnection(DataSourceUtils.java:115)
	at org.springframework.jdbc.datasource.DataSourceUtils.getConnection(DataSourceUtils.java:78)
	at org.springframework.jdbc.support.JdbcUtils.extractDatabaseMetaData(JdbcUtils.java:319)
	at org.springframework.jdbc.support.JdbcUtils.extractDatabaseMetaData(JdbcUtils.java:356)
	at org.springframework.boot.autoconfigure.orm.jpa.DatabaseLookup.getDatabase(DatabaseLookup.java:72)
	at org.springframework.boot.autoconfigure.orm.jpa.JpaProperties.determineDatabase(JpaProperties.java:166)
	at org.springframework.boot.autoconfigure.orm.jpa.JpaBaseConfiguration.jpaVendorAdapter(JpaBaseConfiguration.java:111)
	at org.springframework.boot.autoconfigure.orm.jpa.HibernateJpaConfiguration$$EnhancerBySpringCGLIB$$f335ca96.CGLIB$jpaVendorAdapter$5(<generated>)
	at org.springframework.boot.autoconfigure.orm.jpa.HibernateJpaConfiguration$$EnhancerBySpringCGLIB$$f335ca96$$FastClassBySpringCGLIB$$c6153dd9.invoke(<generated>)
	at org.springframework.cglib.proxy.MethodProxy.invokeSuper(MethodProxy.java:228)
	at org.springframework.context.annotation.ConfigurationClassEnhancer$BeanMethodInterceptor.intercept(ConfigurationClassEnhancer.java:365)
	at org.springframework.boot.autoconfigure.orm.jpa.HibernateJpaConfiguration$$EnhancerBySpringCGLIB$$f335ca96.jpaVendorAdapter(<generated>)
	at java.base/jdk.internal.reflect.NativeMethodAccessorImpl.invoke0(Native Method)
	at java.base/jdk.internal.reflect.NativeMethodAccessorImpl.invoke(NativeMethodAccessorImpl.java:62)
	at java.base/jdk.internal.reflect.DelegatingMethodAccessorImpl.invoke(DelegatingMethodAccessorImpl.java:43)
	at java.base/java.lang.reflect.Method.invoke(Method.java:566)
	at org.springframework.beans.factory.support.SimpleInstantiationStrategy.instantiate(SimpleInstantiationStrategy.java:154)
	at org.springframework.beans.factory.support.ConstructorResolver.instantiateUsingFactoryMethod(ConstructorResolver.java:583)
	at org.springframework.beans.factory.support.AbstractAutowireCapableBeanFactory.instantiateUsingFactoryMethod(AbstractAutowireCapableBeanFactory.java:1246)
	at org.springframework.beans.factory.support.AbstractAutowireCapableBeanFactory.createBeanInstance(AbstractAutowireCapableBeanFactory.java:1096)
	at org.springframework.beans.factory.support.AbstractAutowireCapableBeanFactory.doCreateBean(AbstractAutowireCapableBeanFactory.java:535)
	at org.springframework.beans.factory.support.AbstractAutowireCapableBeanFactory.createBean(AbstractAutowireCapableBeanFactory.java:495)
	at org.springframework.beans.factory.support.AbstractBeanFactory.lambda$doGetBean$0(AbstractBeanFactory.java:317)
	at org.springframework.beans.factory.support.DefaultSingletonBeanRegistry.getSingleton(DefaultSingletonBeanRegistry.java:222)
	at org.springframework.beans.factory.support.AbstractBeanFactory.doGetBean(AbstractBeanFactory.java:315)
	at org.springframework.beans.factory.support.AbstractBeanFactory.getBean(AbstractBeanFactory.java:199)
	at org.springframework.beans.factory.config.DependencyDescriptor.resolveCandidate(DependencyDescriptor.java:251)
	at org.springframework.beans.factory.support.DefaultListableBeanFactory.doResolveDependency(DefaultListableBeanFactory.java:1135)
	at org.springframework.beans.factory.support.DefaultListableBeanFactory.resolveDependency(DefaultListableBeanFactory.java:1062)
	at org.springframework.beans.factory.support.ConstructorResolver.resolveAutowiredArgument(ConstructorResolver.java:819)
	at org.springframework.beans.factory.support.ConstructorResolver.createArgumentArray(ConstructorResolver.java:725)
	at org.springframework.beans.factory.support.ConstructorResolver.instantiateUsingFactoryMethod(ConstructorResolver.java:475)
	at org.springframework.beans.factory.support.AbstractAutowireCapableBeanFactory.instantiateUsingFactoryMethod(AbstractAutowireCapableBeanFactory.java:1246)
	at org.springframework.beans.factory.support.AbstractAutowireCapableBeanFactory.createBeanInstance(AbstractAutowireCapableBeanFactory.java:1096)
	at org.springframework.beans.factory.support.AbstractAutowireCapableBeanFactory.doCreateBean(AbstractAutowireCapableBeanFactory.java:535)
	at org.springframework.beans.factory.support.AbstractAutowireCapableBeanFactory.createBean(AbstractAutowireCapableBeanFactory.java:495)
	at org.springframework.beans.factory.support.AbstractBeanFactory.lambda$doGetBean$0(AbstractBeanFactory.java:317)
	at org.springframework.beans.factory.support.DefaultSingletonBeanRegistry.getSingleton(DefaultSingletonBeanRegistry.java:222)
	at org.springframework.beans.factory.support.AbstractBeanFactory.doGetBean(AbstractBeanFactory.java:315)
	at org.springframework.beans.factory.support.AbstractBeanFactory.getBean(AbstractBeanFactory.java:199)
	at org.springframework.beans.factory.config.DependencyDescriptor.resolveCandidate(DependencyDescriptor.java:251)
	at org.springframework.beans.factory.support.DefaultListableBeanFactory.doResolveDependency(DefaultListableBeanFactory.java:1135)
	at org.springframework.beans.factory.support.DefaultListableBeanFactory.resolveDependency(DefaultListableBeanFactory.java:1062)
	at org.springframework.beans.factory.support.ConstructorResolver.resolveAutowiredArgument(ConstructorResolver.java:819)
	at org.springframework.beans.factory.support.ConstructorResolver.createArgumentArray(ConstructorResolver.java:725)
	at org.springframework.beans.factory.support.ConstructorResolver.instantiateUsingFactoryMethod(ConstructorResolver.java:475)
	at org.springframework.beans.factory.support.AbstractAutowireCapableBeanFactory.instantiateUsingFactoryMethod(AbstractAutowireCapableBeanFactory.java:1246)
	at org.springframework.beans.factory.support.AbstractAutowireCapableBeanFactory.createBeanInstance(AbstractAutowireCapableBeanFactory.java:1096)
	at org.springframework.beans.factory.support.AbstractAutowireCapableBeanFactory.doCreateBean(AbstractAutowireCapableBeanFactory.java:535)
	at org.springframework.beans.factory.support.AbstractAutowireCapableBeanFactory.createBean(AbstractAutowireCapableBeanFactory.java:495)
	at org.springframework.beans.factory.support.AbstractBeanFactory.lambda$doGetBean$0(AbstractBeanFactory.java:317)
	at org.springframework.beans.factory.support.DefaultSingletonBeanRegistry.getSingleton(DefaultSingletonBeanRegistry.java:222)
	at org.springframework.beans.factory.support.AbstractBeanFactory.doGetBean(AbstractBeanFactory.java:315)
	at org.springframework.beans.factory.support.AbstractBeanFactory.getBean(AbstractBeanFactory.java:199)
	at org.springframework.context.support.AbstractApplicationContext.getBean(AbstractApplicationContext.java:1087)
	at org.springframework.context.support.AbstractApplicationContext.finishBeanFactoryInitialization(AbstractApplicationContext.java:857)
	at org.springframework.context.support.AbstractApplicationContext.refresh(AbstractApplicationContext.java:548)
	at org.springframework.boot.web.servlet.context.ServletWebServerApplicationContext.refresh(ServletWebServerApplicationContext.java:140)
	at org.springframework.boot.SpringApplication.refresh(SpringApplication.java:754)
	at org.springframework.boot.SpringApplication.refreshContext(SpringApplication.java:386)
	at org.springframework.boot.SpringApplication.run(SpringApplication.java:307)
	at org.springframework.boot.SpringApplication.run(SpringApplication.java:1242)
	at org.springframework.boot.SpringApplication.run(SpringApplication.java:1230)
	at com.ut.utAttendance.Application.main(Application.java:14)
2025-07-01 18:59:10,822 WARN org.springframework.boot.autoconfigure.orm.jpa.DatabaseLookup [main] Unable to determine jdbc url from datasource
org.springframework.jdbc.support.MetaDataAccessException: Could not get Connection for extracting meta-data; nested exception is org.springframework.jdbc.CannotGetJdbcConnectionException: Failed to obtain JDBC Connection; nested exception is java.sql.SQLException: Access denied for user 'root'@'192.168.65.1' (using password: NO)
	at org.springframework.jdbc.support.JdbcUtils.extractDatabaseMetaData(JdbcUtils.java:328)
	at org.springframework.jdbc.support.JdbcUtils.extractDatabaseMetaData(JdbcUtils.java:356)
	at org.springframework.boot.autoconfigure.orm.jpa.DatabaseLookup.getDatabase(DatabaseLookup.java:72)
	at org.springframework.boot.autoconfigure.orm.jpa.JpaProperties.determineDatabase(JpaProperties.java:166)
	at org.springframework.boot.autoconfigure.orm.jpa.JpaBaseConfiguration.jpaVendorAdapter(JpaBaseConfiguration.java:111)
	at org.springframework.boot.autoconfigure.orm.jpa.HibernateJpaConfiguration$$EnhancerBySpringCGLIB$$f335ca96.CGLIB$jpaVendorAdapter$5(<generated>)
	at org.springframework.boot.autoconfigure.orm.jpa.HibernateJpaConfiguration$$EnhancerBySpringCGLIB$$f335ca96$$FastClassBySpringCGLIB$$c6153dd9.invoke(<generated>)
	at org.springframework.cglib.proxy.MethodProxy.invokeSuper(MethodProxy.java:228)
	at org.springframework.context.annotation.ConfigurationClassEnhancer$BeanMethodInterceptor.intercept(ConfigurationClassEnhancer.java:365)
	at org.springframework.boot.autoconfigure.orm.jpa.HibernateJpaConfiguration$$EnhancerBySpringCGLIB$$f335ca96.jpaVendorAdapter(<generated>)
	at java.base/jdk.internal.reflect.NativeMethodAccessorImpl.invoke0(Native Method)
	at java.base/jdk.internal.reflect.NativeMethodAccessorImpl.invoke(NativeMethodAccessorImpl.java:62)
	at java.base/jdk.internal.reflect.DelegatingMethodAccessorImpl.invoke(DelegatingMethodAccessorImpl.java:43)
	at java.base/java.lang.reflect.Method.invoke(Method.java:566)
	at org.springframework.beans.factory.support.SimpleInstantiationStrategy.instantiate(SimpleInstantiationStrategy.java:154)
	at org.springframework.beans.factory.support.ConstructorResolver.instantiateUsingFactoryMethod(ConstructorResolver.java:583)
	at org.springframework.beans.factory.support.AbstractAutowireCapableBeanFactory.instantiateUsingFactoryMethod(AbstractAutowireCapableBeanFactory.java:1246)
	at org.springframework.beans.factory.support.AbstractAutowireCapableBeanFactory.createBeanInstance(AbstractAutowireCapableBeanFactory.java:1096)
	at org.springframework.beans.factory.support.AbstractAutowireCapableBeanFactory.doCreateBean(AbstractAutowireCapableBeanFactory.java:535)
	at org.springframework.beans.factory.support.AbstractAutowireCapableBeanFactory.createBean(AbstractAutowireCapableBeanFactory.java:495)
	at org.springframework.beans.factory.support.AbstractBeanFactory.lambda$doGetBean$0(AbstractBeanFactory.java:317)
	at org.springframework.beans.factory.support.DefaultSingletonBeanRegistry.getSingleton(DefaultSingletonBeanRegistry.java:222)
	at org.springframework.beans.factory.support.AbstractBeanFactory.doGetBean(AbstractBeanFactory.java:315)
	at org.springframework.beans.factory.support.AbstractBeanFactory.getBean(AbstractBeanFactory.java:199)
	at org.springframework.beans.factory.config.DependencyDescriptor.resolveCandidate(DependencyDescriptor.java:251)
	at org.springframework.beans.factory.support.DefaultListableBeanFactory.doResolveDependency(DefaultListableBeanFactory.java:1135)
	at org.springframework.beans.factory.support.DefaultListableBeanFactory.resolveDependency(DefaultListableBeanFactory.java:1062)
	at org.springframework.beans.factory.support.ConstructorResolver.resolveAutowiredArgument(ConstructorResolver.java:819)
	at org.springframework.beans.factory.support.ConstructorResolver.createArgumentArray(ConstructorResolver.java:725)
	at org.springframework.beans.factory.support.ConstructorResolver.instantiateUsingFactoryMethod(ConstructorResolver.java:475)
	at org.springframework.beans.factory.support.AbstractAutowireCapableBeanFactory.instantiateUsingFactoryMethod(AbstractAutowireCapableBeanFactory.java:1246)
	at org.springframework.beans.factory.support.AbstractAutowireCapableBeanFactory.createBeanInstance(AbstractAutowireCapableBeanFactory.java:1096)
	at org.springframework.beans.factory.support.AbstractAutowireCapableBeanFactory.doCreateBean(AbstractAutowireCapableBeanFactory.java:535)
	at org.springframework.beans.factory.support.AbstractAutowireCapableBeanFactory.createBean(AbstractAutowireCapableBeanFactory.java:495)
	at org.springframework.beans.factory.support.AbstractBeanFactory.lambda$doGetBean$0(AbstractBeanFactory.java:317)
	at org.springframework.beans.factory.support.DefaultSingletonBeanRegistry.getSingleton(DefaultSingletonBeanRegistry.java:222)
	at org.springframework.beans.factory.support.AbstractBeanFactory.doGetBean(AbstractBeanFactory.java:315)
	at org.springframework.beans.factory.support.AbstractBeanFactory.getBean(AbstractBeanFactory.java:199)
	at org.springframework.beans.factory.config.DependencyDescriptor.resolveCandidate(DependencyDescriptor.java:251)
	at org.springframework.beans.factory.support.DefaultListableBeanFactory.doResolveDependency(DefaultListableBeanFactory.java:1135)
	at org.springframework.beans.factory.support.DefaultListableBeanFactory.resolveDependency(DefaultListableBeanFactory.java:1062)
	at org.springframework.beans.factory.support.ConstructorResolver.resolveAutowiredArgument(ConstructorResolver.java:819)
	at org.springframework.beans.factory.support.ConstructorResolver.createArgumentArray(ConstructorResolver.java:725)
	at org.springframework.beans.factory.support.ConstructorResolver.instantiateUsingFactoryMethod(ConstructorResolver.java:475)
	at org.springframework.beans.factory.support.AbstractAutowireCapableBeanFactory.instantiateUsingFactoryMethod(AbstractAutowireCapableBeanFactory.java:1246)
	at org.springframework.beans.factory.support.AbstractAutowireCapableBeanFactory.createBeanInstance(AbstractAutowireCapableBeanFactory.java:1096)
	at org.springframework.beans.factory.support.AbstractAutowireCapableBeanFactory.doCreateBean(AbstractAutowireCapableBeanFactory.java:535)
	at org.springframework.beans.factory.support.AbstractAutowireCapableBeanFactory.createBean(AbstractAutowireCapableBeanFactory.java:495)
	at org.springframework.beans.factory.support.AbstractBeanFactory.lambda$doGetBean$0(AbstractBeanFactory.java:317)
	at org.springframework.beans.factory.support.DefaultSingletonBeanRegistry.getSingleton(DefaultSingletonBeanRegistry.java:222)
	at org.springframework.beans.factory.support.AbstractBeanFactory.doGetBean(AbstractBeanFactory.java:315)
	at org.springframework.beans.factory.support.AbstractBeanFactory.getBean(AbstractBeanFactory.java:199)
	at org.springframework.context.support.AbstractApplicationContext.getBean(AbstractApplicationContext.java:1087)
	at org.springframework.context.support.AbstractApplicationContext.finishBeanFactoryInitialization(AbstractApplicationContext.java:857)
	at org.springframework.context.support.AbstractApplicationContext.refresh(AbstractApplicationContext.java:548)
	at org.springframework.boot.web.servlet.context.ServletWebServerApplicationContext.refresh(ServletWebServerApplicationContext.java:140)
	at org.springframework.boot.SpringApplication.refresh(SpringApplication.java:754)
	at org.springframework.boot.SpringApplication.refreshContext(SpringApplication.java:386)
	at org.springframework.boot.SpringApplication.run(SpringApplication.java:307)
	at org.springframework.boot.SpringApplication.run(SpringApplication.java:1242)
	at org.springframework.boot.SpringApplication.run(SpringApplication.java:1230)
	at com.ut.utAttendance.Application.main(Application.java:14)
Caused by: org.springframework.jdbc.CannotGetJdbcConnectionException: Failed to obtain JDBC Connection; nested exception is java.sql.SQLException: Access denied for user 'root'@'192.168.65.1' (using password: NO)
	at org.springframework.jdbc.datasource.DataSourceUtils.getConnection(DataSourceUtils.java:81)
	at org.springframework.jdbc.support.JdbcUtils.extractDatabaseMetaData(JdbcUtils.java:319)
	... 61 common frames omitted
Caused by: java.sql.SQLException: Access denied for user 'root'@'192.168.65.1' (using password: NO)
	at com.mysql.cj.jdbc.exceptions.SQLError.createSQLException(SQLError.java:129)
	at com.mysql.cj.jdbc.exceptions.SQLError.createSQLException(SQLError.java:97)
	at com.mysql.cj.jdbc.exceptions.SQLExceptionsMapping.translateException(SQLExceptionsMapping.java:122)
	at com.mysql.cj.jdbc.ConnectionImpl.createNewIO(ConnectionImpl.java:836)
	at com.mysql.cj.jdbc.ConnectionImpl.<init>(ConnectionImpl.java:456)
	at com.mysql.cj.jdbc.ConnectionImpl.getInstance(ConnectionImpl.java:246)
	at com.mysql.cj.jdbc.NonRegisteringDriver.connect(NonRegisteringDriver.java:198)
	at com.zaxxer.hikari.util.DriverDataSource.getConnection(DriverDataSource.java:117)
	at com.zaxxer.hikari.util.DriverDataSource.getConnection(DriverDataSource.java:123)
	at com.zaxxer.hikari.pool.PoolBase.newConnection(PoolBase.java:365)
	at com.zaxxer.hikari.pool.PoolBase.newPoolEntry(PoolBase.java:194)
	at com.zaxxer.hikari.pool.HikariPool.createPoolEntry(HikariPool.java:460)
	at com.zaxxer.hikari.pool.HikariPool.checkFailFast(HikariPool.java:534)
	at com.zaxxer.hikari.pool.HikariPool.<init>(HikariPool.java:115)
	at com.zaxxer.hikari.HikariDataSource.getConnection(HikariDataSource.java:112)
	at org.springframework.jdbc.datasource.DataSourceUtils.fetchConnection(DataSourceUtils.java:151)
	at org.springframework.jdbc.datasource.DataSourceUtils.doGetConnection(DataSourceUtils.java:115)
	at org.springframework.jdbc.datasource.DataSourceUtils.getConnection(DataSourceUtils.java:78)
	... 62 common frames omitted
2025-07-01 18:59:10,872 INFO org.springframework.orm.jpa.LocalContainerEntityManagerFactoryBean [main] Building JPA container EntityManagerFactory for persistence unit 'default'
2025-07-01 18:59:10,887 INFO org.hibernate.jpa.internal.util.LogHelper [main] HHH000204: Processing PersistenceUnitInfo [
	name: default
	...]
2025-07-01 18:59:10,975 INFO org.hibernate.Version [main] HHH000412: Hibernate Core {5.2.17.Final}
2025-07-01 18:59:10,977 INFO org.hibernate.cfg.Environment [main] HHH000206: hibernate.properties not found
2025-07-01 18:59:11,023 INFO org.hibernate.annotations.common.reflection.java.JavaReflectionManager [main] HCANN000001: Hibernate Commons Annotations {5.0.1.Final}
2025-07-01 18:59:11,346 INFO com.zaxxer.hikari.HikariDataSource [main] HikariPool-1 - Starting...
2025-07-01 18:59:11,347 WARN com.zaxxer.hikari.util.DriverDataSource [main] Registered driver with driverClassName=com.mysql.jdbc.Driver was not found, trying direct instantiation.
2025-07-01 18:59:12,445 ERROR com.zaxxer.hikari.pool.HikariPool [main] HikariPool-1 - Exception during pool initialization.
java.sql.SQLException: Access denied for user 'root'@'192.168.65.1' (using password: NO)
	at com.mysql.cj.jdbc.exceptions.SQLError.createSQLException(SQLError.java:129)
	at com.mysql.cj.jdbc.exceptions.SQLError.createSQLException(SQLError.java:97)
	at com.mysql.cj.jdbc.exceptions.SQLExceptionsMapping.translateException(SQLExceptionsMapping.java:122)
	at com.mysql.cj.jdbc.ConnectionImpl.createNewIO(ConnectionImpl.java:836)
	at com.mysql.cj.jdbc.ConnectionImpl.<init>(ConnectionImpl.java:456)
	at com.mysql.cj.jdbc.ConnectionImpl.getInstance(ConnectionImpl.java:246)
	at com.mysql.cj.jdbc.NonRegisteringDriver.connect(NonRegisteringDriver.java:198)
	at com.zaxxer.hikari.util.DriverDataSource.getConnection(DriverDataSource.java:117)
	at com.zaxxer.hikari.util.DriverDataSource.getConnection(DriverDataSource.java:123)
	at com.zaxxer.hikari.pool.PoolBase.newConnection(PoolBase.java:365)
	at com.zaxxer.hikari.pool.PoolBase.newPoolEntry(PoolBase.java:194)
	at com.zaxxer.hikari.pool.HikariPool.createPoolEntry(HikariPool.java:460)
	at com.zaxxer.hikari.pool.HikariPool.checkFailFast(HikariPool.java:534)
	at com.zaxxer.hikari.pool.HikariPool.<init>(HikariPool.java:115)
	at com.zaxxer.hikari.HikariDataSource.getConnection(HikariDataSource.java:112)
	at org.hibernate.engine.jdbc.connections.internal.DatasourceConnectionProviderImpl.getConnection(DatasourceConnectionProviderImpl.java:122)
	at org.hibernate.engine.jdbc.env.internal.JdbcEnvironmentInitiator$ConnectionProviderJdbcConnectionAccess.obtainConnection(JdbcEnvironmentInitiator.java:180)
	at org.hibernate.engine.jdbc.env.internal.JdbcEnvironmentInitiator.initiateService(JdbcEnvironmentInitiator.java:68)
	at org.hibernate.engine.jdbc.env.internal.JdbcEnvironmentInitiator.initiateService(JdbcEnvironmentInitiator.java:35)
	at org.hibernate.boot.registry.internal.StandardServiceRegistryImpl.initiateService(StandardServiceRegistryImpl.java:88)
	at org.hibernate.service.internal.AbstractServiceRegistryImpl.createService(AbstractServiceRegistryImpl.java:259)
	at org.hibernate.service.internal.AbstractServiceRegistryImpl.initializeService(AbstractServiceRegistryImpl.java:233)
	at org.hibernate.service.internal.AbstractServiceRegistryImpl.getService(AbstractServiceRegistryImpl.java:210)
	at org.hibernate.engine.jdbc.internal.JdbcServicesImpl.configure(JdbcServicesImpl.java:51)
	at org.hibernate.boot.registry.internal.StandardServiceRegistryImpl.configureService(StandardServiceRegistryImpl.java:94)
	at org.hibernate.service.internal.AbstractServiceRegistryImpl.initializeService(AbstractServiceRegistryImpl.java:242)
	at org.hibernate.service.internal.AbstractServiceRegistryImpl.getService(AbstractServiceRegistryImpl.java:210)
	at org.hibernate.boot.model.process.spi.MetadataBuildingProcess.handleTypes(MetadataBuildingProcess.java:352)
	at org.hibernate.boot.model.process.spi.MetadataBuildingProcess.complete(MetadataBuildingProcess.java:111)
	at org.hibernate.jpa.boot.internal.EntityManagerFactoryBuilderImpl.metadata(EntityManagerFactoryBuilderImpl.java:861)
	at org.hibernate.jpa.boot.internal.EntityManagerFactoryBuilderImpl.build(EntityManagerFactoryBuilderImpl.java:888)
	at org.springframework.orm.jpa.vendor.SpringHibernateJpaPersistenceProvider.createContainerEntityManagerFactory(SpringHibernateJpaPersistenceProvider.java:57)
	at org.springframework.orm.jpa.LocalContainerEntityManagerFactoryBean.createNativeEntityManagerFactory(LocalContainerEntityManagerFactoryBean.java:365)
	at org.springframework.orm.jpa.AbstractEntityManagerFactoryBean.buildNativeEntityManagerFactory(AbstractEntityManagerFactoryBean.java:390)
	at org.springframework.orm.jpa.AbstractEntityManagerFactoryBean.afterPropertiesSet(AbstractEntityManagerFactoryBean.java:377)
	at org.springframework.orm.jpa.LocalContainerEntityManagerFactoryBean.afterPropertiesSet(LocalContainerEntityManagerFactoryBean.java:341)
	at org.springframework.beans.factory.support.AbstractAutowireCapableBeanFactory.invokeInitMethods(AbstractAutowireCapableBeanFactory.java:1753)
	at org.springframework.beans.factory.support.AbstractAutowireCapableBeanFactory.initializeBean(AbstractAutowireCapableBeanFactory.java:1690)
	at org.springframework.beans.factory.support.AbstractAutowireCapableBeanFactory.doCreateBean(AbstractAutowireCapableBeanFactory.java:573)
	at org.springframework.beans.factory.support.AbstractAutowireCapableBeanFactory.createBean(AbstractAutowireCapableBeanFactory.java:495)
	at org.springframework.beans.factory.support.AbstractBeanFactory.lambda$doGetBean$0(AbstractBeanFactory.java:317)
	at org.springframework.beans.factory.support.DefaultSingletonBeanRegistry.getSingleton(DefaultSingletonBeanRegistry.java:222)
	at org.springframework.beans.factory.support.AbstractBeanFactory.doGetBean(AbstractBeanFactory.java:315)
	at org.springframework.beans.factory.support.AbstractBeanFactory.getBean(AbstractBeanFactory.java:199)
	at org.springframework.context.support.AbstractApplicationContext.getBean(AbstractApplicationContext.java:1087)
	at org.springframework.context.support.AbstractApplicationContext.finishBeanFactoryInitialization(AbstractApplicationContext.java:857)
	at org.springframework.context.support.AbstractApplicationContext.refresh(AbstractApplicationContext.java:548)
	at org.springframework.boot.web.servlet.context.ServletWebServerApplicationContext.refresh(ServletWebServerApplicationContext.java:140)
	at org.springframework.boot.SpringApplication.refresh(SpringApplication.java:754)
	at org.springframework.boot.SpringApplication.refreshContext(SpringApplication.java:386)
	at org.springframework.boot.SpringApplication.run(SpringApplication.java:307)
	at org.springframework.boot.SpringApplication.run(SpringApplication.java:1242)
	at org.springframework.boot.SpringApplication.run(SpringApplication.java:1230)
	at com.ut.utAttendance.Application.main(Application.java:14)
2025-07-01 18:59:12,446 WARN org.hibernate.engine.jdbc.env.internal.JdbcEnvironmentInitiator [main] HHH000342: Could not obtain connection to query metadata : Access denied for user 'root'@'192.168.65.1' (using password: NO)
2025-07-01 18:59:12,448 WARN org.springframework.context.support.AbstractApplicationContext [main] Exception encountered during context initialization - cancelling refresh attempt: org.springframework.beans.factory.BeanCreationException: Error creating bean with name 'entityManagerFactory' defined in class path resource [org/springframework/boot/autoconfigure/orm/jpa/HibernateJpaConfiguration.class]: Invocation of init method failed; nested exception is org.hibernate.service.spi.ServiceException: Unable to create requested service [org.hibernate.engine.jdbc.env.spi.JdbcEnvironment]
2025-07-01 18:59:12,453 INFO org.apache.juli.logging.DirectJDKLog [main] Stopping service [Tomcat]
2025-07-01 18:59:12,458 WARN org.apache.juli.logging.DirectJDKLog [localhost-startStop-1] Failed to clear soft references from ObjectStreamClass$Caches for web application [UTAttendanceAPi]
java.lang.ClassCastException: class java.io.ObjectStreamClass$Caches$1 cannot be cast to class java.util.Map (java.io.ObjectStreamClass$Caches$1 and java.util.Map are in module java.base of loader 'bootstrap')
	at org.apache.catalina.loader.WebappClassLoaderBase.clearCache(WebappClassLoaderBase.java:2192)
	at org.apache.catalina.loader.WebappClassLoaderBase.clearReferencesObjectStreamClassCaches(WebappClassLoaderBase.java:2179)
	at org.apache.catalina.loader.WebappClassLoaderBase.clearReferences(WebappClassLoaderBase.java:1554)
	at org.apache.catalina.loader.WebappClassLoaderBase.stop(WebappClassLoaderBase.java:1499)
	at org.apache.catalina.loader.WebappLoader.stopInternal(WebappLoader.java:446)
	at org.apache.catalina.util.LifecycleBase.stop(LifecycleBase.java:226)
	at org.apache.catalina.core.StandardContext.stopInternal(StandardContext.java:5514)
	at org.apache.catalina.util.LifecycleBase.stop(LifecycleBase.java:226)
	at org.apache.catalina.core.ContainerBase$StopChild.call(ContainerBase.java:1436)
	at org.apache.catalina.core.ContainerBase$StopChild.call(ContainerBase.java:1425)
	at java.base/java.util.concurrent.FutureTask.run(FutureTask.java:264)
	at java.base/java.util.concurrent.ThreadPoolExecutor.runWorker(ThreadPoolExecutor.java:1128)
	at java.base/java.util.concurrent.ThreadPoolExecutor$Worker.run(ThreadPoolExecutor.java:628)
	at java.base/java.lang.Thread.run(Thread.java:829)
2025-07-01 18:59:12,479 INFO org.springframework.boot.autoconfigure.logging.ConditionEvaluationReportLoggingListener [main] 

Error starting ApplicationContext. To display the conditions report re-run your application with 'debug' enabled.
2025-07-01 18:59:12,487 ERROR org.springframework.boot.SpringApplication [main] Application run failed
org.springframework.beans.factory.BeanCreationException: Error creating bean with name 'entityManagerFactory' defined in class path resource [org/springframework/boot/autoconfigure/orm/jpa/HibernateJpaConfiguration.class]: Invocation of init method failed; nested exception is org.hibernate.service.spi.ServiceException: Unable to create requested service [org.hibernate.engine.jdbc.env.spi.JdbcEnvironment]
	at org.springframework.beans.factory.support.AbstractAutowireCapableBeanFactory.initializeBean(AbstractAutowireCapableBeanFactory.java:1694)
	at org.springframework.beans.factory.support.AbstractAutowireCapableBeanFactory.doCreateBean(AbstractAutowireCapableBeanFactory.java:573)
	at org.springframework.beans.factory.support.AbstractAutowireCapableBeanFactory.createBean(AbstractAutowireCapableBeanFactory.java:495)
	at org.springframework.beans.factory.support.AbstractBeanFactory.lambda$doGetBean$0(AbstractBeanFactory.java:317)
	at org.springframework.beans.factory.support.DefaultSingletonBeanRegistry.getSingleton(DefaultSingletonBeanRegistry.java:222)
	at org.springframework.beans.factory.support.AbstractBeanFactory.doGetBean(AbstractBeanFactory.java:315)
	at org.springframework.beans.factory.support.AbstractBeanFactory.getBean(AbstractBeanFactory.java:199)
	at org.springframework.context.support.AbstractApplicationContext.getBean(AbstractApplicationContext.java:1087)
	at org.springframework.context.support.AbstractApplicationContext.finishBeanFactoryInitialization(AbstractApplicationContext.java:857)
	at org.springframework.context.support.AbstractApplicationContext.refresh(AbstractApplicationContext.java:548)
	at org.springframework.boot.web.servlet.context.ServletWebServerApplicationContext.refresh(ServletWebServerApplicationContext.java:140)
	at org.springframework.boot.SpringApplication.refresh(SpringApplication.java:754)
	at org.springframework.boot.SpringApplication.refreshContext(SpringApplication.java:386)
	at org.springframework.boot.SpringApplication.run(SpringApplication.java:307)
	at org.springframework.boot.SpringApplication.run(SpringApplication.java:1242)
	at org.springframework.boot.SpringApplication.run(SpringApplication.java:1230)
	at com.ut.utAttendance.Application.main(Application.java:14)
Caused by: org.hibernate.service.spi.ServiceException: Unable to create requested service [org.hibernate.engine.jdbc.env.spi.JdbcEnvironment]
	at org.hibernate.service.internal.AbstractServiceRegistryImpl.createService(AbstractServiceRegistryImpl.java:271)
	at org.hibernate.service.internal.AbstractServiceRegistryImpl.initializeService(AbstractServiceRegistryImpl.java:233)
	at org.hibernate.service.internal.AbstractServiceRegistryImpl.getService(AbstractServiceRegistryImpl.java:210)
	at org.hibernate.engine.jdbc.internal.JdbcServicesImpl.configure(JdbcServicesImpl.java:51)
	at org.hibernate.boot.registry.internal.StandardServiceRegistryImpl.configureService(StandardServiceRegistryImpl.java:94)
	at org.hibernate.service.internal.AbstractServiceRegistryImpl.initializeService(AbstractServiceRegistryImpl.java:242)
	at org.hibernate.service.internal.AbstractServiceRegistryImpl.getService(AbstractServiceRegistryImpl.java:210)
	at org.hibernate.boot.model.process.spi.MetadataBuildingProcess.handleTypes(MetadataBuildingProcess.java:352)
	at org.hibernate.boot.model.process.spi.MetadataBuildingProcess.complete(MetadataBuildingProcess.java:111)
	at org.hibernate.jpa.boot.internal.EntityManagerFactoryBuilderImpl.metadata(EntityManagerFactoryBuilderImpl.java:861)
	at org.hibernate.jpa.boot.internal.EntityManagerFactoryBuilderImpl.build(EntityManagerFactoryBuilderImpl.java:888)
	at org.springframework.orm.jpa.vendor.SpringHibernateJpaPersistenceProvider.createContainerEntityManagerFactory(SpringHibernateJpaPersistenceProvider.java:57)
	at org.springframework.orm.jpa.LocalContainerEntityManagerFactoryBean.createNativeEntityManagerFactory(LocalContainerEntityManagerFactoryBean.java:365)
	at org.springframework.orm.jpa.AbstractEntityManagerFactoryBean.buildNativeEntityManagerFactory(AbstractEntityManagerFactoryBean.java:390)
	at org.springframework.orm.jpa.AbstractEntityManagerFactoryBean.afterPropertiesSet(AbstractEntityManagerFactoryBean.java:377)
	at org.springframework.orm.jpa.LocalContainerEntityManagerFactoryBean.afterPropertiesSet(LocalContainerEntityManagerFactoryBean.java:341)
	at org.springframework.beans.factory.support.AbstractAutowireCapableBeanFactory.invokeInitMethods(AbstractAutowireCapableBeanFactory.java:1753)
	at org.springframework.beans.factory.support.AbstractAutowireCapableBeanFactory.initializeBean(AbstractAutowireCapableBeanFactory.java:1690)
	... 16 common frames omitted
Caused by: org.hibernate.HibernateException: Access to DialectResolutionInfo cannot be null when 'hibernate.dialect' not set
	at org.hibernate.engine.jdbc.dialect.internal.DialectFactoryImpl.determineDialect(DialectFactoryImpl.java:100)
	at org.hibernate.engine.jdbc.dialect.internal.DialectFactoryImpl.buildDialect(DialectFactoryImpl.java:54)
	at org.hibernate.engine.jdbc.env.internal.JdbcEnvironmentInitiator.initiateService(JdbcEnvironmentInitiator.java:137)
	at org.hibernate.engine.jdbc.env.internal.JdbcEnvironmentInitiator.initiateService(JdbcEnvironmentInitiator.java:35)
	at org.hibernate.boot.registry.internal.StandardServiceRegistryImpl.initiateService(StandardServiceRegistryImpl.java:88)
	at org.hibernate.service.internal.AbstractServiceRegistryImpl.createService(AbstractServiceRegistryImpl.java:259)
	... 33 common frames omitted
2025-07-01 19:01:51,948 INFO org.springframework.boot.StartupInfoLogger [main] Starting Application on DESKTOP-E21LGMU with PID 11248 (started by Dell in C:\Rithy\Responsibility 2025\Self Development\Pesith Java\project_structure)
2025-07-01 19:01:51,977 INFO org.springframework.boot.SpringApplication [main] No active profile set, falling back to default profiles: default
2025-07-01 19:01:52,105 INFO org.springframework.context.support.AbstractApplicationContext [main] Refreshing org.springframework.boot.web.servlet.context.AnnotationConfigServletWebServerApplicationContext@70f02c32: startup date [Tue Jul 01 19:01:52 ICT 2025]; root of context hierarchy
2025-07-01 19:01:55,905 WARN org.mybatis.logging.Logger [main] Skipping MapperFactoryBean with name 'activityLogMapper' and 'com.ut.utAttendance.mapper.primary.ActivityLogMapper' mapperInterface. Bean already defined with the same name!
2025-07-01 19:01:55,906 WARN org.mybatis.logging.Logger [main] Skipping MapperFactoryBean with name 'authMapper' and 'com.ut.utAttendance.mapper.primary.AuthMapper' mapperInterface. Bean already defined with the same name!
2025-07-01 19:01:55,907 WARN org.mybatis.logging.Logger [main] Skipping MapperFactoryBean with name 'calDateMapper' and 'com.ut.utAttendance.mapper.primary.CalDateMapper' mapperInterface. Bean already defined with the same name!
2025-07-01 19:01:55,907 WARN org.mybatis.logging.Logger [main] Skipping MapperFactoryBean with name 'moduleMapper' and 'com.ut.utAttendance.mapper.primary.ModuleMapper' mapperInterface. Bean already defined with the same name!
2025-07-01 19:01:55,908 WARN org.mybatis.logging.Logger [main] Skipping MapperFactoryBean with name 'moduleTypeMapper' and 'com.ut.utAttendance.mapper.primary.ModuleTypeMapper' mapperInterface. Bean already defined with the same name!
2025-07-01 19:01:55,908 WARN org.mybatis.logging.Logger [main] Skipping MapperFactoryBean with name 'permissionMapper' and 'com.ut.utAttendance.mapper.primary.PermissionMapper' mapperInterface. Bean already defined with the same name!
2025-07-01 19:01:55,909 WARN org.mybatis.logging.Logger [main] Skipping MapperFactoryBean with name 'roleMapper' and 'com.ut.utAttendance.mapper.primary.RoleMapper' mapperInterface. Bean already defined with the same name!
2025-07-01 19:01:55,909 WARN org.mybatis.logging.Logger [main] Skipping MapperFactoryBean with name 'userMapper' and 'com.ut.utAttendance.mapper.primary.UserMapper' mapperInterface. Bean already defined with the same name!
2025-07-01 19:01:55,910 WARN org.mybatis.logging.Logger [main] No MyBatis mapper was found in '[com.ut.utAttendance.mapper.primary]' package. Please check your configuration.
2025-07-01 19:01:56,663 INFO org.springframework.context.support.PostProcessorRegistrationDelegate$BeanPostProcessorChecker [main] Bean 'org.springframework.transaction.annotation.ProxyTransactionManagementConfiguration' of type [org.springframework.transaction.annotation.ProxyTransactionManagementConfiguration$$EnhancerBySpringCGLIB$$bb3a8171] is not eligible for getting processed by all BeanPostProcessors (for example: not eligible for auto-proxying)
2025-07-01 19:01:57,597 INFO org.springframework.boot.web.embedded.tomcat.TomcatWebServer [main] Tomcat initialized with port(s): 8097 (http)
2025-07-01 19:01:57,620 INFO org.apache.juli.logging.DirectJDKLog [main] Initializing ProtocolHandler ["http-nio-8097"]
2025-07-01 19:01:57,641 INFO org.apache.juli.logging.DirectJDKLog [main] Starting service [Tomcat]
2025-07-01 19:01:57,643 INFO org.apache.juli.logging.DirectJDKLog [main] Starting Servlet Engine: Apache Tomcat/8.5.34
2025-07-01 19:01:57,652 INFO org.apache.juli.logging.DirectJDKLog [localhost-startStop-1] The APR based Apache Tomcat Native library which allows optimal performance in production environments was not found on the java.library.path: [C:\Users\Dell\.jdks\ms-11.0.27\bin;C:\Windows\Sun\Java\bin;C:\Windows\system32;C:\Windows;C:\Windows\system32;C:\Windows;C:\Windows\System32\Wbem;C:\Windows\System32\WindowsPowerShell\v1.0\;C:\Windows\System32\OpenSSH\;C:\Rithy\Software\apache-maven-3.8.1\apache-maven-3.8.1\bin;C:\Rithy\Software\jdk-21_windows-x64_bin\jdk-21.0.4\bin;C:\Program Files\FireDaemon OpenSSL 3\bin;C:\Program Files\Git\cmd;C:\Program Files (x86)\NetSarang\Xftp 7\;C:\Program Files\Docker\Docker\resources\bin;C:\Users\Dell\AppData\Local\Microsoft\WindowsApps;C:\Users\Dell\AppData\Local\GitHubDesktop\bin;C:\Users\Dell\AppData\Local\Programs\Microsoft VS Code\bin;.]
2025-07-01 19:01:57,934 INFO org.apache.juli.logging.DirectJDKLog [localhost-startStop-1] Initializing Spring embedded WebApplicationContext
2025-07-01 19:01:57,935 INFO org.springframework.boot.web.servlet.context.ServletWebServerApplicationContext [localhost-startStop-1] Root WebApplicationContext: initialization completed in 5830 ms
2025-07-01 19:01:59,570 INFO org.springframework.boot.web.servlet.AbstractFilterRegistrationBean [localhost-startStop-1] Mapping filter: 'characterEncodingFilter' to: [/*]
2025-07-01 19:01:59,571 INFO org.springframework.boot.web.servlet.AbstractFilterRegistrationBean [localhost-startStop-1] Mapping filter: 'webMvcMetricsFilter' to: [/*]
2025-07-01 19:01:59,571 INFO org.springframework.boot.web.servlet.AbstractFilterRegistrationBean [localhost-startStop-1] Mapping filter: 'hiddenHttpMethodFilter' to: [/*]
2025-07-01 19:01:59,572 INFO org.springframework.boot.web.servlet.AbstractFilterRegistrationBean [localhost-startStop-1] Mapping filter: 'httpPutFormContentFilter' to: [/*]
2025-07-01 19:01:59,572 INFO org.springframework.boot.web.servlet.AbstractFilterRegistrationBean [localhost-startStop-1] Mapping filter: 'requestContextFilter' to: [/*]
2025-07-01 19:01:59,573 INFO org.springframework.boot.web.servlet.AbstractFilterRegistrationBean [localhost-startStop-1] Mapping filter: 'springSecurityFilterChain' to: [/*]
2025-07-01 19:01:59,574 INFO org.springframework.boot.web.servlet.AbstractFilterRegistrationBean [localhost-startStop-1] Mapping filter: 'httpTraceFilter' to: [/*]
2025-07-01 19:01:59,575 INFO org.springframework.boot.web.servlet.AbstractFilterRegistrationBean [localhost-startStop-1] Mapping filter: 'corsFilter' to: [/*]
2025-07-01 19:01:59,576 INFO org.springframework.boot.web.servlet.ServletRegistrationBean [localhost-startStop-1] Servlet dispatcherServlet mapped to [/]
2025-07-01 19:01:59,756 INFO com.zaxxer.hikari.HikariDataSource [main] HikariPool-1 - Starting...
2025-07-01 19:01:59,763 WARN com.zaxxer.hikari.util.DriverDataSource [main] Registered driver with driverClassName=com.mysql.jdbc.Driver was not found, trying direct instantiation.
2025-07-01 19:02:01,592 ERROR com.zaxxer.hikari.pool.HikariPool [main] HikariPool-1 - Exception during pool initialization.
java.sql.SQLSyntaxErrorException: Access denied for user 'user'@'%' to database 'structure_db_api'
	at com.mysql.cj.jdbc.exceptions.SQLError.createSQLException(SQLError.java:120)
	at com.mysql.cj.jdbc.exceptions.SQLError.createSQLException(SQLError.java:97)
	at com.mysql.cj.jdbc.exceptions.SQLExceptionsMapping.translateException(SQLExceptionsMapping.java:122)
	at com.mysql.cj.jdbc.ConnectionImpl.createNewIO(ConnectionImpl.java:836)
	at com.mysql.cj.jdbc.ConnectionImpl.<init>(ConnectionImpl.java:456)
	at com.mysql.cj.jdbc.ConnectionImpl.getInstance(ConnectionImpl.java:246)
	at com.mysql.cj.jdbc.NonRegisteringDriver.connect(NonRegisteringDriver.java:198)
	at com.zaxxer.hikari.util.DriverDataSource.getConnection(DriverDataSource.java:117)
	at com.zaxxer.hikari.util.DriverDataSource.getConnection(DriverDataSource.java:123)
	at com.zaxxer.hikari.pool.PoolBase.newConnection(PoolBase.java:365)
	at com.zaxxer.hikari.pool.PoolBase.newPoolEntry(PoolBase.java:194)
	at com.zaxxer.hikari.pool.HikariPool.createPoolEntry(HikariPool.java:460)
	at com.zaxxer.hikari.pool.HikariPool.checkFailFast(HikariPool.java:534)
	at com.zaxxer.hikari.pool.HikariPool.<init>(HikariPool.java:115)
	at com.zaxxer.hikari.HikariDataSource.getConnection(HikariDataSource.java:112)
	at org.springframework.jdbc.datasource.DataSourceUtils.fetchConnection(DataSourceUtils.java:151)
	at org.springframework.jdbc.datasource.DataSourceUtils.doGetConnection(DataSourceUtils.java:115)
	at org.springframework.jdbc.datasource.DataSourceUtils.getConnection(DataSourceUtils.java:78)
	at org.springframework.jdbc.support.JdbcUtils.extractDatabaseMetaData(JdbcUtils.java:319)
	at org.springframework.jdbc.support.JdbcUtils.extractDatabaseMetaData(JdbcUtils.java:356)
	at org.springframework.boot.autoconfigure.orm.jpa.DatabaseLookup.getDatabase(DatabaseLookup.java:72)
	at org.springframework.boot.autoconfigure.orm.jpa.JpaProperties.determineDatabase(JpaProperties.java:166)
	at org.springframework.boot.autoconfigure.orm.jpa.JpaBaseConfiguration.jpaVendorAdapter(JpaBaseConfiguration.java:111)
	at org.springframework.boot.autoconfigure.orm.jpa.HibernateJpaConfiguration$$EnhancerBySpringCGLIB$$da1143e0.CGLIB$jpaVendorAdapter$6(<generated>)
	at org.springframework.boot.autoconfigure.orm.jpa.HibernateJpaConfiguration$$EnhancerBySpringCGLIB$$da1143e0$$FastClassBySpringCGLIB$$73f975b6.invoke(<generated>)
	at org.springframework.cglib.proxy.MethodProxy.invokeSuper(MethodProxy.java:228)
	at org.springframework.context.annotation.ConfigurationClassEnhancer$BeanMethodInterceptor.intercept(ConfigurationClassEnhancer.java:365)
	at org.springframework.boot.autoconfigure.orm.jpa.HibernateJpaConfiguration$$EnhancerBySpringCGLIB$$da1143e0.jpaVendorAdapter(<generated>)
	at java.base/jdk.internal.reflect.NativeMethodAccessorImpl.invoke0(Native Method)
	at java.base/jdk.internal.reflect.NativeMethodAccessorImpl.invoke(NativeMethodAccessorImpl.java:62)
	at java.base/jdk.internal.reflect.DelegatingMethodAccessorImpl.invoke(DelegatingMethodAccessorImpl.java:43)
	at java.base/java.lang.reflect.Method.invoke(Method.java:566)
	at org.springframework.beans.factory.support.SimpleInstantiationStrategy.instantiate(SimpleInstantiationStrategy.java:154)
	at org.springframework.beans.factory.support.ConstructorResolver.instantiateUsingFactoryMethod(ConstructorResolver.java:583)
	at org.springframework.beans.factory.support.AbstractAutowireCapableBeanFactory.instantiateUsingFactoryMethod(AbstractAutowireCapableBeanFactory.java:1246)
	at org.springframework.beans.factory.support.AbstractAutowireCapableBeanFactory.createBeanInstance(AbstractAutowireCapableBeanFactory.java:1096)
	at org.springframework.beans.factory.support.AbstractAutowireCapableBeanFactory.doCreateBean(AbstractAutowireCapableBeanFactory.java:535)
	at org.springframework.beans.factory.support.AbstractAutowireCapableBeanFactory.createBean(AbstractAutowireCapableBeanFactory.java:495)
	at org.springframework.beans.factory.support.AbstractBeanFactory.lambda$doGetBean$0(AbstractBeanFactory.java:317)
	at org.springframework.beans.factory.support.DefaultSingletonBeanRegistry.getSingleton(DefaultSingletonBeanRegistry.java:222)
	at org.springframework.beans.factory.support.AbstractBeanFactory.doGetBean(AbstractBeanFactory.java:315)
	at org.springframework.beans.factory.support.AbstractBeanFactory.getBean(AbstractBeanFactory.java:199)
	at org.springframework.beans.factory.config.DependencyDescriptor.resolveCandidate(DependencyDescriptor.java:251)
	at org.springframework.beans.factory.support.DefaultListableBeanFactory.doResolveDependency(DefaultListableBeanFactory.java:1135)
	at org.springframework.beans.factory.support.DefaultListableBeanFactory.resolveDependency(DefaultListableBeanFactory.java:1062)
	at org.springframework.beans.factory.support.ConstructorResolver.resolveAutowiredArgument(ConstructorResolver.java:819)
	at org.springframework.beans.factory.support.ConstructorResolver.createArgumentArray(ConstructorResolver.java:725)
	at org.springframework.beans.factory.support.ConstructorResolver.instantiateUsingFactoryMethod(ConstructorResolver.java:475)
	at org.springframework.beans.factory.support.AbstractAutowireCapableBeanFactory.instantiateUsingFactoryMethod(AbstractAutowireCapableBeanFactory.java:1246)
	at org.springframework.beans.factory.support.AbstractAutowireCapableBeanFactory.createBeanInstance(AbstractAutowireCapableBeanFactory.java:1096)
	at org.springframework.beans.factory.support.AbstractAutowireCapableBeanFactory.doCreateBean(AbstractAutowireCapableBeanFactory.java:535)
	at org.springframework.beans.factory.support.AbstractAutowireCapableBeanFactory.createBean(AbstractAutowireCapableBeanFactory.java:495)
	at org.springframework.beans.factory.support.AbstractBeanFactory.lambda$doGetBean$0(AbstractBeanFactory.java:317)
	at org.springframework.beans.factory.support.DefaultSingletonBeanRegistry.getSingleton(DefaultSingletonBeanRegistry.java:222)
	at org.springframework.beans.factory.support.AbstractBeanFactory.doGetBean(AbstractBeanFactory.java:315)
	at org.springframework.beans.factory.support.AbstractBeanFactory.getBean(AbstractBeanFactory.java:199)
	at org.springframework.beans.factory.config.DependencyDescriptor.resolveCandidate(DependencyDescriptor.java:251)
	at org.springframework.beans.factory.support.DefaultListableBeanFactory.doResolveDependency(DefaultListableBeanFactory.java:1135)
	at org.springframework.beans.factory.support.DefaultListableBeanFactory.resolveDependency(DefaultListableBeanFactory.java:1062)
	at org.springframework.beans.factory.support.ConstructorResolver.resolveAutowiredArgument(ConstructorResolver.java:819)
	at org.springframework.beans.factory.support.ConstructorResolver.createArgumentArray(ConstructorResolver.java:725)
	at org.springframework.beans.factory.support.ConstructorResolver.instantiateUsingFactoryMethod(ConstructorResolver.java:475)
	at org.springframework.beans.factory.support.AbstractAutowireCapableBeanFactory.instantiateUsingFactoryMethod(AbstractAutowireCapableBeanFactory.java:1246)
	at org.springframework.beans.factory.support.AbstractAutowireCapableBeanFactory.createBeanInstance(AbstractAutowireCapableBeanFactory.java:1096)
	at org.springframework.beans.factory.support.AbstractAutowireCapableBeanFactory.doCreateBean(AbstractAutowireCapableBeanFactory.java:535)
	at org.springframework.beans.factory.support.AbstractAutowireCapableBeanFactory.createBean(AbstractAutowireCapableBeanFactory.java:495)
	at org.springframework.beans.factory.support.AbstractBeanFactory.lambda$doGetBean$0(AbstractBeanFactory.java:317)
	at org.springframework.beans.factory.support.DefaultSingletonBeanRegistry.getSingleton(DefaultSingletonBeanRegistry.java:222)
	at org.springframework.beans.factory.support.AbstractBeanFactory.doGetBean(AbstractBeanFactory.java:315)
	at org.springframework.beans.factory.support.AbstractBeanFactory.getBean(AbstractBeanFactory.java:199)
	at org.springframework.context.support.AbstractApplicationContext.getBean(AbstractApplicationContext.java:1087)
	at org.springframework.context.support.AbstractApplicationContext.finishBeanFactoryInitialization(AbstractApplicationContext.java:857)
	at org.springframework.context.support.AbstractApplicationContext.refresh(AbstractApplicationContext.java:548)
	at org.springframework.boot.web.servlet.context.ServletWebServerApplicationContext.refresh(ServletWebServerApplicationContext.java:140)
	at org.springframework.boot.SpringApplication.refresh(SpringApplication.java:754)
	at org.springframework.boot.SpringApplication.refreshContext(SpringApplication.java:386)
	at org.springframework.boot.SpringApplication.run(SpringApplication.java:307)
	at org.springframework.boot.SpringApplication.run(SpringApplication.java:1242)
	at org.springframework.boot.SpringApplication.run(SpringApplication.java:1230)
	at com.ut.utAttendance.Application.main(Application.java:14)
2025-07-01 19:02:01,597 WARN org.springframework.boot.autoconfigure.orm.jpa.DatabaseLookup [main] Unable to determine jdbc url from datasource
org.springframework.jdbc.support.MetaDataAccessException: Could not get Connection for extracting meta-data; nested exception is org.springframework.jdbc.CannotGetJdbcConnectionException: Failed to obtain JDBC Connection; nested exception is java.sql.SQLSyntaxErrorException: Access denied for user 'user'@'%' to database 'structure_db_api'
	at org.springframework.jdbc.support.JdbcUtils.extractDatabaseMetaData(JdbcUtils.java:328)
	at org.springframework.jdbc.support.JdbcUtils.extractDatabaseMetaData(JdbcUtils.java:356)
	at org.springframework.boot.autoconfigure.orm.jpa.DatabaseLookup.getDatabase(DatabaseLookup.java:72)
	at org.springframework.boot.autoconfigure.orm.jpa.JpaProperties.determineDatabase(JpaProperties.java:166)
	at org.springframework.boot.autoconfigure.orm.jpa.JpaBaseConfiguration.jpaVendorAdapter(JpaBaseConfiguration.java:111)
	at org.springframework.boot.autoconfigure.orm.jpa.HibernateJpaConfiguration$$EnhancerBySpringCGLIB$$da1143e0.CGLIB$jpaVendorAdapter$6(<generated>)
	at org.springframework.boot.autoconfigure.orm.jpa.HibernateJpaConfiguration$$EnhancerBySpringCGLIB$$da1143e0$$FastClassBySpringCGLIB$$73f975b6.invoke(<generated>)
	at org.springframework.cglib.proxy.MethodProxy.invokeSuper(MethodProxy.java:228)
	at org.springframework.context.annotation.ConfigurationClassEnhancer$BeanMethodInterceptor.intercept(ConfigurationClassEnhancer.java:365)
	at org.springframework.boot.autoconfigure.orm.jpa.HibernateJpaConfiguration$$EnhancerBySpringCGLIB$$da1143e0.jpaVendorAdapter(<generated>)
	at java.base/jdk.internal.reflect.NativeMethodAccessorImpl.invoke0(Native Method)
	at java.base/jdk.internal.reflect.NativeMethodAccessorImpl.invoke(NativeMethodAccessorImpl.java:62)
	at java.base/jdk.internal.reflect.DelegatingMethodAccessorImpl.invoke(DelegatingMethodAccessorImpl.java:43)
	at java.base/java.lang.reflect.Method.invoke(Method.java:566)
	at org.springframework.beans.factory.support.SimpleInstantiationStrategy.instantiate(SimpleInstantiationStrategy.java:154)
	at org.springframework.beans.factory.support.ConstructorResolver.instantiateUsingFactoryMethod(ConstructorResolver.java:583)
	at org.springframework.beans.factory.support.AbstractAutowireCapableBeanFactory.instantiateUsingFactoryMethod(AbstractAutowireCapableBeanFactory.java:1246)
	at org.springframework.beans.factory.support.AbstractAutowireCapableBeanFactory.createBeanInstance(AbstractAutowireCapableBeanFactory.java:1096)
	at org.springframework.beans.factory.support.AbstractAutowireCapableBeanFactory.doCreateBean(AbstractAutowireCapableBeanFactory.java:535)
	at org.springframework.beans.factory.support.AbstractAutowireCapableBeanFactory.createBean(AbstractAutowireCapableBeanFactory.java:495)
	at org.springframework.beans.factory.support.AbstractBeanFactory.lambda$doGetBean$0(AbstractBeanFactory.java:317)
	at org.springframework.beans.factory.support.DefaultSingletonBeanRegistry.getSingleton(DefaultSingletonBeanRegistry.java:222)
	at org.springframework.beans.factory.support.AbstractBeanFactory.doGetBean(AbstractBeanFactory.java:315)
	at org.springframework.beans.factory.support.AbstractBeanFactory.getBean(AbstractBeanFactory.java:199)
	at org.springframework.beans.factory.config.DependencyDescriptor.resolveCandidate(DependencyDescriptor.java:251)
	at org.springframework.beans.factory.support.DefaultListableBeanFactory.doResolveDependency(DefaultListableBeanFactory.java:1135)
	at org.springframework.beans.factory.support.DefaultListableBeanFactory.resolveDependency(DefaultListableBeanFactory.java:1062)
	at org.springframework.beans.factory.support.ConstructorResolver.resolveAutowiredArgument(ConstructorResolver.java:819)
	at org.springframework.beans.factory.support.ConstructorResolver.createArgumentArray(ConstructorResolver.java:725)
	at org.springframework.beans.factory.support.ConstructorResolver.instantiateUsingFactoryMethod(ConstructorResolver.java:475)
	at org.springframework.beans.factory.support.AbstractAutowireCapableBeanFactory.instantiateUsingFactoryMethod(AbstractAutowireCapableBeanFactory.java:1246)
	at org.springframework.beans.factory.support.AbstractAutowireCapableBeanFactory.createBeanInstance(AbstractAutowireCapableBeanFactory.java:1096)
	at org.springframework.beans.factory.support.AbstractAutowireCapableBeanFactory.doCreateBean(AbstractAutowireCapableBeanFactory.java:535)
	at org.springframework.beans.factory.support.AbstractAutowireCapableBeanFactory.createBean(AbstractAutowireCapableBeanFactory.java:495)
	at org.springframework.beans.factory.support.AbstractBeanFactory.lambda$doGetBean$0(AbstractBeanFactory.java:317)
	at org.springframework.beans.factory.support.DefaultSingletonBeanRegistry.getSingleton(DefaultSingletonBeanRegistry.java:222)
	at org.springframework.beans.factory.support.AbstractBeanFactory.doGetBean(AbstractBeanFactory.java:315)
	at org.springframework.beans.factory.support.AbstractBeanFactory.getBean(AbstractBeanFactory.java:199)
	at org.springframework.beans.factory.config.DependencyDescriptor.resolveCandidate(DependencyDescriptor.java:251)
	at org.springframework.beans.factory.support.DefaultListableBeanFactory.doResolveDependency(DefaultListableBeanFactory.java:1135)
	at org.springframework.beans.factory.support.DefaultListableBeanFactory.resolveDependency(DefaultListableBeanFactory.java:1062)
	at org.springframework.beans.factory.support.ConstructorResolver.resolveAutowiredArgument(ConstructorResolver.java:819)
	at org.springframework.beans.factory.support.ConstructorResolver.createArgumentArray(ConstructorResolver.java:725)
	at org.springframework.beans.factory.support.ConstructorResolver.instantiateUsingFactoryMethod(ConstructorResolver.java:475)
	at org.springframework.beans.factory.support.AbstractAutowireCapableBeanFactory.instantiateUsingFactoryMethod(AbstractAutowireCapableBeanFactory.java:1246)
	at org.springframework.beans.factory.support.AbstractAutowireCapableBeanFactory.createBeanInstance(AbstractAutowireCapableBeanFactory.java:1096)
	at org.springframework.beans.factory.support.AbstractAutowireCapableBeanFactory.doCreateBean(AbstractAutowireCapableBeanFactory.java:535)
	at org.springframework.beans.factory.support.AbstractAutowireCapableBeanFactory.createBean(AbstractAutowireCapableBeanFactory.java:495)
	at org.springframework.beans.factory.support.AbstractBeanFactory.lambda$doGetBean$0(AbstractBeanFactory.java:317)
	at org.springframework.beans.factory.support.DefaultSingletonBeanRegistry.getSingleton(DefaultSingletonBeanRegistry.java:222)
	at org.springframework.beans.factory.support.AbstractBeanFactory.doGetBean(AbstractBeanFactory.java:315)
	at org.springframework.beans.factory.support.AbstractBeanFactory.getBean(AbstractBeanFactory.java:199)
	at org.springframework.context.support.AbstractApplicationContext.getBean(AbstractApplicationContext.java:1087)
	at org.springframework.context.support.AbstractApplicationContext.finishBeanFactoryInitialization(AbstractApplicationContext.java:857)
	at org.springframework.context.support.AbstractApplicationContext.refresh(AbstractApplicationContext.java:548)
	at org.springframework.boot.web.servlet.context.ServletWebServerApplicationContext.refresh(ServletWebServerApplicationContext.java:140)
	at org.springframework.boot.SpringApplication.refresh(SpringApplication.java:754)
	at org.springframework.boot.SpringApplication.refreshContext(SpringApplication.java:386)
	at org.springframework.boot.SpringApplication.run(SpringApplication.java:307)
	at org.springframework.boot.SpringApplication.run(SpringApplication.java:1242)
	at org.springframework.boot.SpringApplication.run(SpringApplication.java:1230)
	at com.ut.utAttendance.Application.main(Application.java:14)
Caused by: org.springframework.jdbc.CannotGetJdbcConnectionException: Failed to obtain JDBC Connection; nested exception is java.sql.SQLSyntaxErrorException: Access denied for user 'user'@'%' to database 'structure_db_api'
	at org.springframework.jdbc.datasource.DataSourceUtils.getConnection(DataSourceUtils.java:81)
	at org.springframework.jdbc.support.JdbcUtils.extractDatabaseMetaData(JdbcUtils.java:319)
	... 61 common frames omitted
Caused by: java.sql.SQLSyntaxErrorException: Access denied for user 'user'@'%' to database 'structure_db_api'
	at com.mysql.cj.jdbc.exceptions.SQLError.createSQLException(SQLError.java:120)
	at com.mysql.cj.jdbc.exceptions.SQLError.createSQLException(SQLError.java:97)
	at com.mysql.cj.jdbc.exceptions.SQLExceptionsMapping.translateException(SQLExceptionsMapping.java:122)
	at com.mysql.cj.jdbc.ConnectionImpl.createNewIO(ConnectionImpl.java:836)
	at com.mysql.cj.jdbc.ConnectionImpl.<init>(ConnectionImpl.java:456)
	at com.mysql.cj.jdbc.ConnectionImpl.getInstance(ConnectionImpl.java:246)
	at com.mysql.cj.jdbc.NonRegisteringDriver.connect(NonRegisteringDriver.java:198)
	at com.zaxxer.hikari.util.DriverDataSource.getConnection(DriverDataSource.java:117)
	at com.zaxxer.hikari.util.DriverDataSource.getConnection(DriverDataSource.java:123)
	at com.zaxxer.hikari.pool.PoolBase.newConnection(PoolBase.java:365)
	at com.zaxxer.hikari.pool.PoolBase.newPoolEntry(PoolBase.java:194)
	at com.zaxxer.hikari.pool.HikariPool.createPoolEntry(HikariPool.java:460)
	at com.zaxxer.hikari.pool.HikariPool.checkFailFast(HikariPool.java:534)
	at com.zaxxer.hikari.pool.HikariPool.<init>(HikariPool.java:115)
	at com.zaxxer.hikari.HikariDataSource.getConnection(HikariDataSource.java:112)
	at org.springframework.jdbc.datasource.DataSourceUtils.fetchConnection(DataSourceUtils.java:151)
	at org.springframework.jdbc.datasource.DataSourceUtils.doGetConnection(DataSourceUtils.java:115)
	at org.springframework.jdbc.datasource.DataSourceUtils.getConnection(DataSourceUtils.java:78)
	... 62 common frames omitted
2025-07-01 19:02:01,658 INFO org.springframework.orm.jpa.LocalContainerEntityManagerFactoryBean [main] Building JPA container EntityManagerFactory for persistence unit 'default'
2025-07-01 19:02:01,681 INFO org.hibernate.jpa.internal.util.LogHelper [main] HHH000204: Processing PersistenceUnitInfo [
	name: default
	...]
2025-07-01 19:02:01,776 INFO org.hibernate.Version [main] HHH000412: Hibernate Core {5.2.17.Final}
2025-07-01 19:02:01,778 INFO org.hibernate.cfg.Environment [main] HHH000206: hibernate.properties not found
2025-07-01 19:02:02,065 INFO org.hibernate.annotations.common.reflection.java.JavaReflectionManager [main] HCANN000001: Hibernate Commons Annotations {5.0.1.Final}
2025-07-01 19:02:02,381 INFO com.zaxxer.hikari.HikariDataSource [main] HikariPool-1 - Starting...
2025-07-01 19:02:02,381 WARN com.zaxxer.hikari.util.DriverDataSource [main] Registered driver with driverClassName=com.mysql.jdbc.Driver was not found, trying direct instantiation.
2025-07-01 19:02:03,564 ERROR com.zaxxer.hikari.pool.HikariPool [main] HikariPool-1 - Exception during pool initialization.
java.sql.SQLSyntaxErrorException: Access denied for user 'user'@'%' to database 'structure_db_api'
	at com.mysql.cj.jdbc.exceptions.SQLError.createSQLException(SQLError.java:120)
	at com.mysql.cj.jdbc.exceptions.SQLError.createSQLException(SQLError.java:97)
	at com.mysql.cj.jdbc.exceptions.SQLExceptionsMapping.translateException(SQLExceptionsMapping.java:122)
	at com.mysql.cj.jdbc.ConnectionImpl.createNewIO(ConnectionImpl.java:836)
	at com.mysql.cj.jdbc.ConnectionImpl.<init>(ConnectionImpl.java:456)
	at com.mysql.cj.jdbc.ConnectionImpl.getInstance(ConnectionImpl.java:246)
	at com.mysql.cj.jdbc.NonRegisteringDriver.connect(NonRegisteringDriver.java:198)
	at com.zaxxer.hikari.util.DriverDataSource.getConnection(DriverDataSource.java:117)
	at com.zaxxer.hikari.util.DriverDataSource.getConnection(DriverDataSource.java:123)
	at com.zaxxer.hikari.pool.PoolBase.newConnection(PoolBase.java:365)
	at com.zaxxer.hikari.pool.PoolBase.newPoolEntry(PoolBase.java:194)
	at com.zaxxer.hikari.pool.HikariPool.createPoolEntry(HikariPool.java:460)
	at com.zaxxer.hikari.pool.HikariPool.checkFailFast(HikariPool.java:534)
	at com.zaxxer.hikari.pool.HikariPool.<init>(HikariPool.java:115)
	at com.zaxxer.hikari.HikariDataSource.getConnection(HikariDataSource.java:112)
	at org.hibernate.engine.jdbc.connections.internal.DatasourceConnectionProviderImpl.getConnection(DatasourceConnectionProviderImpl.java:122)
	at org.hibernate.engine.jdbc.env.internal.JdbcEnvironmentInitiator$ConnectionProviderJdbcConnectionAccess.obtainConnection(JdbcEnvironmentInitiator.java:180)
	at org.hibernate.engine.jdbc.env.internal.JdbcEnvironmentInitiator.initiateService(JdbcEnvironmentInitiator.java:68)
	at org.hibernate.engine.jdbc.env.internal.JdbcEnvironmentInitiator.initiateService(JdbcEnvironmentInitiator.java:35)
	at org.hibernate.boot.registry.internal.StandardServiceRegistryImpl.initiateService(StandardServiceRegistryImpl.java:88)
	at org.hibernate.service.internal.AbstractServiceRegistryImpl.createService(AbstractServiceRegistryImpl.java:259)
	at org.hibernate.service.internal.AbstractServiceRegistryImpl.initializeService(AbstractServiceRegistryImpl.java:233)
	at org.hibernate.service.internal.AbstractServiceRegistryImpl.getService(AbstractServiceRegistryImpl.java:210)
	at org.hibernate.engine.jdbc.internal.JdbcServicesImpl.configure(JdbcServicesImpl.java:51)
	at org.hibernate.boot.registry.internal.StandardServiceRegistryImpl.configureService(StandardServiceRegistryImpl.java:94)
	at org.hibernate.service.internal.AbstractServiceRegistryImpl.initializeService(AbstractServiceRegistryImpl.java:242)
	at org.hibernate.service.internal.AbstractServiceRegistryImpl.getService(AbstractServiceRegistryImpl.java:210)
	at org.hibernate.boot.model.process.spi.MetadataBuildingProcess.handleTypes(MetadataBuildingProcess.java:352)
	at org.hibernate.boot.model.process.spi.MetadataBuildingProcess.complete(MetadataBuildingProcess.java:111)
	at org.hibernate.jpa.boot.internal.EntityManagerFactoryBuilderImpl.metadata(EntityManagerFactoryBuilderImpl.java:861)
	at org.hibernate.jpa.boot.internal.EntityManagerFactoryBuilderImpl.build(EntityManagerFactoryBuilderImpl.java:888)
	at org.springframework.orm.jpa.vendor.SpringHibernateJpaPersistenceProvider.createContainerEntityManagerFactory(SpringHibernateJpaPersistenceProvider.java:57)
	at org.springframework.orm.jpa.LocalContainerEntityManagerFactoryBean.createNativeEntityManagerFactory(LocalContainerEntityManagerFactoryBean.java:365)
	at org.springframework.orm.jpa.AbstractEntityManagerFactoryBean.buildNativeEntityManagerFactory(AbstractEntityManagerFactoryBean.java:390)
	at org.springframework.orm.jpa.AbstractEntityManagerFactoryBean.afterPropertiesSet(AbstractEntityManagerFactoryBean.java:377)
	at org.springframework.orm.jpa.LocalContainerEntityManagerFactoryBean.afterPropertiesSet(LocalContainerEntityManagerFactoryBean.java:341)
	at org.springframework.beans.factory.support.AbstractAutowireCapableBeanFactory.invokeInitMethods(AbstractAutowireCapableBeanFactory.java:1753)
	at org.springframework.beans.factory.support.AbstractAutowireCapableBeanFactory.initializeBean(AbstractAutowireCapableBeanFactory.java:1690)
	at org.springframework.beans.factory.support.AbstractAutowireCapableBeanFactory.doCreateBean(AbstractAutowireCapableBeanFactory.java:573)
	at org.springframework.beans.factory.support.AbstractAutowireCapableBeanFactory.createBean(AbstractAutowireCapableBeanFactory.java:495)
	at org.springframework.beans.factory.support.AbstractBeanFactory.lambda$doGetBean$0(AbstractBeanFactory.java:317)
	at org.springframework.beans.factory.support.DefaultSingletonBeanRegistry.getSingleton(DefaultSingletonBeanRegistry.java:222)
	at org.springframework.beans.factory.support.AbstractBeanFactory.doGetBean(AbstractBeanFactory.java:315)
	at org.springframework.beans.factory.support.AbstractBeanFactory.getBean(AbstractBeanFactory.java:199)
	at org.springframework.context.support.AbstractApplicationContext.getBean(AbstractApplicationContext.java:1087)
	at org.springframework.context.support.AbstractApplicationContext.finishBeanFactoryInitialization(AbstractApplicationContext.java:857)
	at org.springframework.context.support.AbstractApplicationContext.refresh(AbstractApplicationContext.java:548)
	at org.springframework.boot.web.servlet.context.ServletWebServerApplicationContext.refresh(ServletWebServerApplicationContext.java:140)
	at org.springframework.boot.SpringApplication.refresh(SpringApplication.java:754)
	at org.springframework.boot.SpringApplication.refreshContext(SpringApplication.java:386)
	at org.springframework.boot.SpringApplication.run(SpringApplication.java:307)
	at org.springframework.boot.SpringApplication.run(SpringApplication.java:1242)
	at org.springframework.boot.SpringApplication.run(SpringApplication.java:1230)
	at com.ut.utAttendance.Application.main(Application.java:14)
2025-07-01 19:02:03,573 WARN org.hibernate.engine.jdbc.env.internal.JdbcEnvironmentInitiator [main] HHH000342: Could not obtain connection to query metadata : Access denied for user 'user'@'%' to database 'structure_db_api'
2025-07-01 19:02:03,577 WARN org.springframework.context.support.AbstractApplicationContext [main] Exception encountered during context initialization - cancelling refresh attempt: org.springframework.beans.factory.BeanCreationException: Error creating bean with name 'entityManagerFactory' defined in class path resource [org/springframework/boot/autoconfigure/orm/jpa/HibernateJpaConfiguration.class]: Invocation of init method failed; nested exception is org.hibernate.service.spi.ServiceException: Unable to create requested service [org.hibernate.engine.jdbc.env.spi.JdbcEnvironment]
2025-07-01 19:02:03,584 INFO org.apache.juli.logging.DirectJDKLog [main] Stopping service [Tomcat]
2025-07-01 19:02:03,591 WARN org.apache.juli.logging.DirectJDKLog [localhost-startStop-1] Failed to clear soft references from ObjectStreamClass$Caches for web application [UTAttendanceAPi]
java.lang.ClassCastException: class java.io.ObjectStreamClass$Caches$1 cannot be cast to class java.util.Map (java.io.ObjectStreamClass$Caches$1 and java.util.Map are in module java.base of loader 'bootstrap')
	at org.apache.catalina.loader.WebappClassLoaderBase.clearCache(WebappClassLoaderBase.java:2192)
	at org.apache.catalina.loader.WebappClassLoaderBase.clearReferencesObjectStreamClassCaches(WebappClassLoaderBase.java:2179)
	at org.apache.catalina.loader.WebappClassLoaderBase.clearReferences(WebappClassLoaderBase.java:1554)
	at org.apache.catalina.loader.WebappClassLoaderBase.stop(WebappClassLoaderBase.java:1499)
	at org.apache.catalina.loader.WebappLoader.stopInternal(WebappLoader.java:446)
	at org.apache.catalina.util.LifecycleBase.stop(LifecycleBase.java:226)
	at org.apache.catalina.core.StandardContext.stopInternal(StandardContext.java:5514)
	at org.apache.catalina.util.LifecycleBase.stop(LifecycleBase.java:226)
	at org.apache.catalina.core.ContainerBase$StopChild.call(ContainerBase.java:1436)
	at org.apache.catalina.core.ContainerBase$StopChild.call(ContainerBase.java:1425)
	at java.base/java.util.concurrent.FutureTask.run(FutureTask.java:264)
	at java.base/java.util.concurrent.ThreadPoolExecutor.runWorker(ThreadPoolExecutor.java:1128)
	at java.base/java.util.concurrent.ThreadPoolExecutor$Worker.run(ThreadPoolExecutor.java:628)
	at java.base/java.lang.Thread.run(Thread.java:829)
2025-07-01 19:02:03,622 INFO org.springframework.boot.autoconfigure.logging.ConditionEvaluationReportLoggingListener [main] 

Error starting ApplicationContext. To display the conditions report re-run your application with 'debug' enabled.
2025-07-01 19:02:03,635 ERROR org.springframework.boot.SpringApplication [main] Application run failed
org.springframework.beans.factory.BeanCreationException: Error creating bean with name 'entityManagerFactory' defined in class path resource [org/springframework/boot/autoconfigure/orm/jpa/HibernateJpaConfiguration.class]: Invocation of init method failed; nested exception is org.hibernate.service.spi.ServiceException: Unable to create requested service [org.hibernate.engine.jdbc.env.spi.JdbcEnvironment]
	at org.springframework.beans.factory.support.AbstractAutowireCapableBeanFactory.initializeBean(AbstractAutowireCapableBeanFactory.java:1694)
	at org.springframework.beans.factory.support.AbstractAutowireCapableBeanFactory.doCreateBean(AbstractAutowireCapableBeanFactory.java:573)
	at org.springframework.beans.factory.support.AbstractAutowireCapableBeanFactory.createBean(AbstractAutowireCapableBeanFactory.java:495)
	at org.springframework.beans.factory.support.AbstractBeanFactory.lambda$doGetBean$0(AbstractBeanFactory.java:317)
	at org.springframework.beans.factory.support.DefaultSingletonBeanRegistry.getSingleton(DefaultSingletonBeanRegistry.java:222)
	at org.springframework.beans.factory.support.AbstractBeanFactory.doGetBean(AbstractBeanFactory.java:315)
	at org.springframework.beans.factory.support.AbstractBeanFactory.getBean(AbstractBeanFactory.java:199)
	at org.springframework.context.support.AbstractApplicationContext.getBean(AbstractApplicationContext.java:1087)
	at org.springframework.context.support.AbstractApplicationContext.finishBeanFactoryInitialization(AbstractApplicationContext.java:857)
	at org.springframework.context.support.AbstractApplicationContext.refresh(AbstractApplicationContext.java:548)
	at org.springframework.boot.web.servlet.context.ServletWebServerApplicationContext.refresh(ServletWebServerApplicationContext.java:140)
	at org.springframework.boot.SpringApplication.refresh(SpringApplication.java:754)
	at org.springframework.boot.SpringApplication.refreshContext(SpringApplication.java:386)
	at org.springframework.boot.SpringApplication.run(SpringApplication.java:307)
	at org.springframework.boot.SpringApplication.run(SpringApplication.java:1242)
	at org.springframework.boot.SpringApplication.run(SpringApplication.java:1230)
	at com.ut.utAttendance.Application.main(Application.java:14)
Caused by: org.hibernate.service.spi.ServiceException: Unable to create requested service [org.hibernate.engine.jdbc.env.spi.JdbcEnvironment]
	at org.hibernate.service.internal.AbstractServiceRegistryImpl.createService(AbstractServiceRegistryImpl.java:271)
	at org.hibernate.service.internal.AbstractServiceRegistryImpl.initializeService(AbstractServiceRegistryImpl.java:233)
	at org.hibernate.service.internal.AbstractServiceRegistryImpl.getService(AbstractServiceRegistryImpl.java:210)
	at org.hibernate.engine.jdbc.internal.JdbcServicesImpl.configure(JdbcServicesImpl.java:51)
	at org.hibernate.boot.registry.internal.StandardServiceRegistryImpl.configureService(StandardServiceRegistryImpl.java:94)
	at org.hibernate.service.internal.AbstractServiceRegistryImpl.initializeService(AbstractServiceRegistryImpl.java:242)
	at org.hibernate.service.internal.AbstractServiceRegistryImpl.getService(AbstractServiceRegistryImpl.java:210)
	at org.hibernate.boot.model.process.spi.MetadataBuildingProcess.handleTypes(MetadataBuildingProcess.java:352)
	at org.hibernate.boot.model.process.spi.MetadataBuildingProcess.complete(MetadataBuildingProcess.java:111)
	at org.hibernate.jpa.boot.internal.EntityManagerFactoryBuilderImpl.metadata(EntityManagerFactoryBuilderImpl.java:861)
	at org.hibernate.jpa.boot.internal.EntityManagerFactoryBuilderImpl.build(EntityManagerFactoryBuilderImpl.java:888)
	at org.springframework.orm.jpa.vendor.SpringHibernateJpaPersistenceProvider.createContainerEntityManagerFactory(SpringHibernateJpaPersistenceProvider.java:57)
	at org.springframework.orm.jpa.LocalContainerEntityManagerFactoryBean.createNativeEntityManagerFactory(LocalContainerEntityManagerFactoryBean.java:365)
	at org.springframework.orm.jpa.AbstractEntityManagerFactoryBean.buildNativeEntityManagerFactory(AbstractEntityManagerFactoryBean.java:390)
	at org.springframework.orm.jpa.AbstractEntityManagerFactoryBean.afterPropertiesSet(AbstractEntityManagerFactoryBean.java:377)
	at org.springframework.orm.jpa.LocalContainerEntityManagerFactoryBean.afterPropertiesSet(LocalContainerEntityManagerFactoryBean.java:341)
	at org.springframework.beans.factory.support.AbstractAutowireCapableBeanFactory.invokeInitMethods(AbstractAutowireCapableBeanFactory.java:1753)
	at org.springframework.beans.factory.support.AbstractAutowireCapableBeanFactory.initializeBean(AbstractAutowireCapableBeanFactory.java:1690)
	... 16 common frames omitted
Caused by: org.hibernate.HibernateException: Access to DialectResolutionInfo cannot be null when 'hibernate.dialect' not set
	at org.hibernate.engine.jdbc.dialect.internal.DialectFactoryImpl.determineDialect(DialectFactoryImpl.java:100)
	at org.hibernate.engine.jdbc.dialect.internal.DialectFactoryImpl.buildDialect(DialectFactoryImpl.java:54)
	at org.hibernate.engine.jdbc.env.internal.JdbcEnvironmentInitiator.initiateService(JdbcEnvironmentInitiator.java:137)
	at org.hibernate.engine.jdbc.env.internal.JdbcEnvironmentInitiator.initiateService(JdbcEnvironmentInitiator.java:35)
	at org.hibernate.boot.registry.internal.StandardServiceRegistryImpl.initiateService(StandardServiceRegistryImpl.java:88)
	at org.hibernate.service.internal.AbstractServiceRegistryImpl.createService(AbstractServiceRegistryImpl.java:259)
	... 33 common frames omitted
2025-07-01 19:04:18,617 INFO org.springframework.boot.StartupInfoLogger [main] Starting Application on DESKTOP-E21LGMU with PID 4892 (started by Dell in C:\Rithy\Responsibility 2025\Self Development\Pesith Java\project_structure)
2025-07-01 19:04:18,624 INFO org.springframework.boot.SpringApplication [main] No active profile set, falling back to default profiles: default
2025-07-01 19:04:18,691 INFO org.springframework.context.support.AbstractApplicationContext [main] Refreshing org.springframework.boot.web.servlet.context.AnnotationConfigServletWebServerApplicationContext@70f02c32: startup date [Tue Jul 01 19:04:18 ICT 2025]; root of context hierarchy
2025-07-01 19:04:21,375 WARN org.mybatis.logging.Logger [main] Skipping MapperFactoryBean with name 'activityLogMapper' and 'com.ut.utAttendance.mapper.primary.ActivityLogMapper' mapperInterface. Bean already defined with the same name!
2025-07-01 19:04:21,376 WARN org.mybatis.logging.Logger [main] Skipping MapperFactoryBean with name 'authMapper' and 'com.ut.utAttendance.mapper.primary.AuthMapper' mapperInterface. Bean already defined with the same name!
2025-07-01 19:04:21,376 WARN org.mybatis.logging.Logger [main] Skipping MapperFactoryBean with name 'calDateMapper' and 'com.ut.utAttendance.mapper.primary.CalDateMapper' mapperInterface. Bean already defined with the same name!
2025-07-01 19:04:21,377 WARN org.mybatis.logging.Logger [main] Skipping MapperFactoryBean with name 'moduleMapper' and 'com.ut.utAttendance.mapper.primary.ModuleMapper' mapperInterface. Bean already defined with the same name!
2025-07-01 19:04:21,377 WARN org.mybatis.logging.Logger [main] Skipping MapperFactoryBean with name 'moduleTypeMapper' and 'com.ut.utAttendance.mapper.primary.ModuleTypeMapper' mapperInterface. Bean already defined with the same name!
2025-07-01 19:04:21,378 WARN org.mybatis.logging.Logger [main] Skipping MapperFactoryBean with name 'permissionMapper' and 'com.ut.utAttendance.mapper.primary.PermissionMapper' mapperInterface. Bean already defined with the same name!
2025-07-01 19:04:21,378 WARN org.mybatis.logging.Logger [main] Skipping MapperFactoryBean with name 'roleMapper' and 'com.ut.utAttendance.mapper.primary.RoleMapper' mapperInterface. Bean already defined with the same name!
2025-07-01 19:04:21,378 WARN org.mybatis.logging.Logger [main] Skipping MapperFactoryBean with name 'userMapper' and 'com.ut.utAttendance.mapper.primary.UserMapper' mapperInterface. Bean already defined with the same name!
2025-07-01 19:04:21,379 WARN org.mybatis.logging.Logger [main] No MyBatis mapper was found in '[com.ut.utAttendance.mapper.primary]' package. Please check your configuration.
2025-07-01 19:04:22,017 INFO org.springframework.context.support.PostProcessorRegistrationDelegate$BeanPostProcessorChecker [main] Bean 'org.springframework.transaction.annotation.ProxyTransactionManagementConfiguration' of type [org.springframework.transaction.annotation.ProxyTransactionManagementConfiguration$$EnhancerBySpringCGLIB$$d45f0827] is not eligible for getting processed by all BeanPostProcessors (for example: not eligible for auto-proxying)
2025-07-01 19:04:22,530 INFO org.springframework.boot.web.embedded.tomcat.TomcatWebServer [main] Tomcat initialized with port(s): 8097 (http)
2025-07-01 19:04:22,544 INFO org.apache.juli.logging.DirectJDKLog [main] Initializing ProtocolHandler ["http-nio-8097"]
2025-07-01 19:04:22,557 INFO org.apache.juli.logging.DirectJDKLog [main] Starting service [Tomcat]
2025-07-01 19:04:22,557 INFO org.apache.juli.logging.DirectJDKLog [main] Starting Servlet Engine: Apache Tomcat/8.5.34
2025-07-01 19:04:22,565 INFO org.apache.juli.logging.DirectJDKLog [localhost-startStop-1] The APR based Apache Tomcat Native library which allows optimal performance in production environments was not found on the java.library.path: [C:\Users\Dell\.jdks\ms-11.0.27\bin;C:\Windows\Sun\Java\bin;C:\Windows\system32;C:\Windows;C:\Windows\system32;C:\Windows;C:\Windows\System32\Wbem;C:\Windows\System32\WindowsPowerShell\v1.0\;C:\Windows\System32\OpenSSH\;C:\Rithy\Software\apache-maven-3.8.1\apache-maven-3.8.1\bin;C:\Rithy\Software\jdk-21_windows-x64_bin\jdk-21.0.4\bin;C:\Program Files\FireDaemon OpenSSL 3\bin;C:\Program Files\Git\cmd;C:\Program Files (x86)\NetSarang\Xftp 7\;C:\Program Files\Docker\Docker\resources\bin;C:\Users\Dell\AppData\Local\Microsoft\WindowsApps;C:\Users\Dell\AppData\Local\GitHubDesktop\bin;C:\Users\Dell\AppData\Local\Programs\Microsoft VS Code\bin;.]
2025-07-01 19:04:22,737 INFO org.apache.juli.logging.DirectJDKLog [localhost-startStop-1] Initializing Spring embedded WebApplicationContext
2025-07-01 19:04:22,738 INFO org.springframework.boot.web.servlet.context.ServletWebServerApplicationContext [localhost-startStop-1] Root WebApplicationContext: initialization completed in 4047 ms
2025-07-01 19:04:23,819 INFO org.springframework.boot.web.servlet.AbstractFilterRegistrationBean [localhost-startStop-1] Mapping filter: 'characterEncodingFilter' to: [/*]
2025-07-01 19:04:23,821 INFO org.springframework.boot.web.servlet.AbstractFilterRegistrationBean [localhost-startStop-1] Mapping filter: 'webMvcMetricsFilter' to: [/*]
2025-07-01 19:04:23,822 INFO org.springframework.boot.web.servlet.AbstractFilterRegistrationBean [localhost-startStop-1] Mapping filter: 'hiddenHttpMethodFilter' to: [/*]
2025-07-01 19:04:23,823 INFO org.springframework.boot.web.servlet.AbstractFilterRegistrationBean [localhost-startStop-1] Mapping filter: 'httpPutFormContentFilter' to: [/*]
2025-07-01 19:04:23,824 INFO org.springframework.boot.web.servlet.AbstractFilterRegistrationBean [localhost-startStop-1] Mapping filter: 'requestContextFilter' to: [/*]
2025-07-01 19:04:23,824 INFO org.springframework.boot.web.servlet.AbstractFilterRegistrationBean [localhost-startStop-1] Mapping filter: 'springSecurityFilterChain' to: [/*]
2025-07-01 19:04:23,824 INFO org.springframework.boot.web.servlet.AbstractFilterRegistrationBean [localhost-startStop-1] Mapping filter: 'httpTraceFilter' to: [/*]
2025-07-01 19:04:23,824 INFO org.springframework.boot.web.servlet.AbstractFilterRegistrationBean [localhost-startStop-1] Mapping filter: 'corsFilter' to: [/*]
2025-07-01 19:04:23,825 INFO org.springframework.boot.web.servlet.ServletRegistrationBean [localhost-startStop-1] Servlet dispatcherServlet mapped to [/]
2025-07-01 19:04:23,949 ERROR com.zaxxer.hikari.HikariConfig [main] HikariPool-1 - jdbcUrl is required with driverClassName.
2025-07-01 19:04:23,955 WARN org.springframework.context.support.AbstractApplicationContext [main] Exception encountered during context initialization - cancelling refresh attempt: org.springframework.beans.factory.UnsatisfiedDependencyException: Error creating bean with name 'entityManagerFactory' defined in class path resource [org/springframework/boot/autoconfigure/orm/jpa/HibernateJpaConfiguration.class]: Unsatisfied dependency expressed through method 'entityManagerFactory' parameter 0; nested exception is org.springframework.beans.factory.UnsatisfiedDependencyException: Error creating bean with name 'entityManagerFactoryBuilder' defined in class path resource [org/springframework/boot/autoconfigure/orm/jpa/HibernateJpaConfiguration.class]: Unsatisfied dependency expressed through method 'entityManagerFactoryBuilder' parameter 0; nested exception is org.springframework.beans.factory.BeanCreationException: Error creating bean with name 'jpaVendorAdapter' defined in class path resource [org/springframework/boot/autoconfigure/orm/jpa/HibernateJpaConfiguration.class]: Bean instantiation via factory method failed; nested exception is org.springframework.beans.BeanInstantiationException: Failed to instantiate [org.springframework.orm.jpa.JpaVendorAdapter]: Factory method 'jpaVendorAdapter' threw exception; nested exception is java.lang.IllegalArgumentException: jdbcUrl is required with driverClassName.
2025-07-01 19:04:23,959 INFO org.apache.juli.logging.DirectJDKLog [main] Stopping service [Tomcat]
2025-07-01 19:04:23,967 WARN org.apache.juli.logging.DirectJDKLog [localhost-startStop-1] Failed to clear soft references from ObjectStreamClass$Caches for web application [UTAttendanceAPi]
java.lang.ClassCastException: class java.io.ObjectStreamClass$Caches$1 cannot be cast to class java.util.Map (java.io.ObjectStreamClass$Caches$1 and java.util.Map are in module java.base of loader 'bootstrap')
	at org.apache.catalina.loader.WebappClassLoaderBase.clearCache(WebappClassLoaderBase.java:2192)
	at org.apache.catalina.loader.WebappClassLoaderBase.clearReferencesObjectStreamClassCaches(WebappClassLoaderBase.java:2179)
	at org.apache.catalina.loader.WebappClassLoaderBase.clearReferences(WebappClassLoaderBase.java:1554)
	at org.apache.catalina.loader.WebappClassLoaderBase.stop(WebappClassLoaderBase.java:1499)
	at org.apache.catalina.loader.WebappLoader.stopInternal(WebappLoader.java:446)
	at org.apache.catalina.util.LifecycleBase.stop(LifecycleBase.java:226)
	at org.apache.catalina.core.StandardContext.stopInternal(StandardContext.java:5514)
	at org.apache.catalina.util.LifecycleBase.stop(LifecycleBase.java:226)
	at org.apache.catalina.core.ContainerBase$StopChild.call(ContainerBase.java:1436)
	at org.apache.catalina.core.ContainerBase$StopChild.call(ContainerBase.java:1425)
	at java.base/java.util.concurrent.FutureTask.run(FutureTask.java:264)
	at java.base/java.util.concurrent.ThreadPoolExecutor.runWorker(ThreadPoolExecutor.java:1128)
	at java.base/java.util.concurrent.ThreadPoolExecutor$Worker.run(ThreadPoolExecutor.java:628)
	at java.base/java.lang.Thread.run(Thread.java:829)
2025-07-01 19:04:23,983 INFO org.springframework.boot.autoconfigure.logging.ConditionEvaluationReportLoggingListener [main] 

Error starting ApplicationContext. To display the conditions report re-run your application with 'debug' enabled.
2025-07-01 19:04:23,991 ERROR org.springframework.boot.SpringApplication [main] Application run failed
org.springframework.beans.factory.UnsatisfiedDependencyException: Error creating bean with name 'entityManagerFactory' defined in class path resource [org/springframework/boot/autoconfigure/orm/jpa/HibernateJpaConfiguration.class]: Unsatisfied dependency expressed through method 'entityManagerFactory' parameter 0; nested exception is org.springframework.beans.factory.UnsatisfiedDependencyException: Error creating bean with name 'entityManagerFactoryBuilder' defined in class path resource [org/springframework/boot/autoconfigure/orm/jpa/HibernateJpaConfiguration.class]: Unsatisfied dependency expressed through method 'entityManagerFactoryBuilder' parameter 0; nested exception is org.springframework.beans.factory.BeanCreationException: Error creating bean with name 'jpaVendorAdapter' defined in class path resource [org/springframework/boot/autoconfigure/orm/jpa/HibernateJpaConfiguration.class]: Bean instantiation via factory method failed; nested exception is org.springframework.beans.BeanInstantiationException: Failed to instantiate [org.springframework.orm.jpa.JpaVendorAdapter]: Factory method 'jpaVendorAdapter' threw exception; nested exception is java.lang.IllegalArgumentException: jdbcUrl is required with driverClassName.
	at org.springframework.beans.factory.support.ConstructorResolver.createArgumentArray(ConstructorResolver.java:733)
	at org.springframework.beans.factory.support.ConstructorResolver.instantiateUsingFactoryMethod(ConstructorResolver.java:475)
	at org.springframework.beans.factory.support.AbstractAutowireCapableBeanFactory.instantiateUsingFactoryMethod(AbstractAutowireCapableBeanFactory.java:1246)
	at org.springframework.beans.factory.support.AbstractAutowireCapableBeanFactory.createBeanInstance(AbstractAutowireCapableBeanFactory.java:1096)
	at org.springframework.beans.factory.support.AbstractAutowireCapableBeanFactory.doCreateBean(AbstractAutowireCapableBeanFactory.java:535)
	at org.springframework.beans.factory.support.AbstractAutowireCapableBeanFactory.createBean(AbstractAutowireCapableBeanFactory.java:495)
	at org.springframework.beans.factory.support.AbstractBeanFactory.lambda$doGetBean$0(AbstractBeanFactory.java:317)
	at org.springframework.beans.factory.support.DefaultSingletonBeanRegistry.getSingleton(DefaultSingletonBeanRegistry.java:222)
	at org.springframework.beans.factory.support.AbstractBeanFactory.doGetBean(AbstractBeanFactory.java:315)
	at org.springframework.beans.factory.support.AbstractBeanFactory.getBean(AbstractBeanFactory.java:199)
	at org.springframework.context.support.AbstractApplicationContext.getBean(AbstractApplicationContext.java:1087)
	at org.springframework.context.support.AbstractApplicationContext.finishBeanFactoryInitialization(AbstractApplicationContext.java:857)
	at org.springframework.context.support.AbstractApplicationContext.refresh(AbstractApplicationContext.java:548)
	at org.springframework.boot.web.servlet.context.ServletWebServerApplicationContext.refresh(ServletWebServerApplicationContext.java:140)
	at org.springframework.boot.SpringApplication.refresh(SpringApplication.java:754)
	at org.springframework.boot.SpringApplication.refreshContext(SpringApplication.java:386)
	at org.springframework.boot.SpringApplication.run(SpringApplication.java:307)
	at org.springframework.boot.SpringApplication.run(SpringApplication.java:1242)
	at org.springframework.boot.SpringApplication.run(SpringApplication.java:1230)
	at com.ut.utAttendance.Application.main(Application.java:14)
Caused by: org.springframework.beans.factory.UnsatisfiedDependencyException: Error creating bean with name 'entityManagerFactoryBuilder' defined in class path resource [org/springframework/boot/autoconfigure/orm/jpa/HibernateJpaConfiguration.class]: Unsatisfied dependency expressed through method 'entityManagerFactoryBuilder' parameter 0; nested exception is org.springframework.beans.factory.BeanCreationException: Error creating bean with name 'jpaVendorAdapter' defined in class path resource [org/springframework/boot/autoconfigure/orm/jpa/HibernateJpaConfiguration.class]: Bean instantiation via factory method failed; nested exception is org.springframework.beans.BeanInstantiationException: Failed to instantiate [org.springframework.orm.jpa.JpaVendorAdapter]: Factory method 'jpaVendorAdapter' threw exception; nested exception is java.lang.IllegalArgumentException: jdbcUrl is required with driverClassName.
	at org.springframework.beans.factory.support.ConstructorResolver.createArgumentArray(ConstructorResolver.java:733)
	at org.springframework.beans.factory.support.ConstructorResolver.instantiateUsingFactoryMethod(ConstructorResolver.java:475)
	at org.springframework.beans.factory.support.AbstractAutowireCapableBeanFactory.instantiateUsingFactoryMethod(AbstractAutowireCapableBeanFactory.java:1246)
	at org.springframework.beans.factory.support.AbstractAutowireCapableBeanFactory.createBeanInstance(AbstractAutowireCapableBeanFactory.java:1096)
	at org.springframework.beans.factory.support.AbstractAutowireCapableBeanFactory.doCreateBean(AbstractAutowireCapableBeanFactory.java:535)
	at org.springframework.beans.factory.support.AbstractAutowireCapableBeanFactory.createBean(AbstractAutowireCapableBeanFactory.java:495)
	at org.springframework.beans.factory.support.AbstractBeanFactory.lambda$doGetBean$0(AbstractBeanFactory.java:317)
	at org.springframework.beans.factory.support.DefaultSingletonBeanRegistry.getSingleton(DefaultSingletonBeanRegistry.java:222)
	at org.springframework.beans.factory.support.AbstractBeanFactory.doGetBean(AbstractBeanFactory.java:315)
	at org.springframework.beans.factory.support.AbstractBeanFactory.getBean(AbstractBeanFactory.java:199)
	at org.springframework.beans.factory.config.DependencyDescriptor.resolveCandidate(DependencyDescriptor.java:251)
	at org.springframework.beans.factory.support.DefaultListableBeanFactory.doResolveDependency(DefaultListableBeanFactory.java:1135)
	at org.springframework.beans.factory.support.DefaultListableBeanFactory.resolveDependency(DefaultListableBeanFactory.java:1062)
	at org.springframework.beans.factory.support.ConstructorResolver.resolveAutowiredArgument(ConstructorResolver.java:819)
	at org.springframework.beans.factory.support.ConstructorResolver.createArgumentArray(ConstructorResolver.java:725)
	... 19 common frames omitted
Caused by: org.springframework.beans.factory.BeanCreationException: Error creating bean with name 'jpaVendorAdapter' defined in class path resource [org/springframework/boot/autoconfigure/orm/jpa/HibernateJpaConfiguration.class]: Bean instantiation via factory method failed; nested exception is org.springframework.beans.BeanInstantiationException: Failed to instantiate [org.springframework.orm.jpa.JpaVendorAdapter]: Factory method 'jpaVendorAdapter' threw exception; nested exception is java.lang.IllegalArgumentException: jdbcUrl is required with driverClassName.
	at org.springframework.beans.factory.support.ConstructorResolver.instantiateUsingFactoryMethod(ConstructorResolver.java:591)
	at org.springframework.beans.factory.support.AbstractAutowireCapableBeanFactory.instantiateUsingFactoryMethod(AbstractAutowireCapableBeanFactory.java:1246)
	at org.springframework.beans.factory.support.AbstractAutowireCapableBeanFactory.createBeanInstance(AbstractAutowireCapableBeanFactory.java:1096)
	at org.springframework.beans.factory.support.AbstractAutowireCapableBeanFactory.doCreateBean(AbstractAutowireCapableBeanFactory.java:535)
	at org.springframework.beans.factory.support.AbstractAutowireCapableBeanFactory.createBean(AbstractAutowireCapableBeanFactory.java:495)
	at org.springframework.beans.factory.support.AbstractBeanFactory.lambda$doGetBean$0(AbstractBeanFactory.java:317)
	at org.springframework.beans.factory.support.DefaultSingletonBeanRegistry.getSingleton(DefaultSingletonBeanRegistry.java:222)
	at org.springframework.beans.factory.support.AbstractBeanFactory.doGetBean(AbstractBeanFactory.java:315)
	at org.springframework.beans.factory.support.AbstractBeanFactory.getBean(AbstractBeanFactory.java:199)
	at org.springframework.beans.factory.config.DependencyDescriptor.resolveCandidate(DependencyDescriptor.java:251)
	at org.springframework.beans.factory.support.DefaultListableBeanFactory.doResolveDependency(DefaultListableBeanFactory.java:1135)
	at org.springframework.beans.factory.support.DefaultListableBeanFactory.resolveDependency(DefaultListableBeanFactory.java:1062)
	at org.springframework.beans.factory.support.ConstructorResolver.resolveAutowiredArgument(ConstructorResolver.java:819)
	at org.springframework.beans.factory.support.ConstructorResolver.createArgumentArray(ConstructorResolver.java:725)
	... 33 common frames omitted
Caused by: org.springframework.beans.BeanInstantiationException: Failed to instantiate [org.springframework.orm.jpa.JpaVendorAdapter]: Factory method 'jpaVendorAdapter' threw exception; nested exception is java.lang.IllegalArgumentException: jdbcUrl is required with driverClassName.
	at org.springframework.beans.factory.support.SimpleInstantiationStrategy.instantiate(SimpleInstantiationStrategy.java:185)
	at org.springframework.beans.factory.support.ConstructorResolver.instantiateUsingFactoryMethod(ConstructorResolver.java:583)
	... 46 common frames omitted
Caused by: java.lang.IllegalArgumentException: jdbcUrl is required with driverClassName.
	at com.zaxxer.hikari.HikariConfig.validate(HikariConfig.java:1059)
	at com.zaxxer.hikari.HikariDataSource.getConnection(HikariDataSource.java:109)
	at org.springframework.jdbc.datasource.DataSourceUtils.fetchConnection(DataSourceUtils.java:151)
	at org.springframework.jdbc.datasource.DataSourceUtils.doGetConnection(DataSourceUtils.java:115)
	at org.springframework.jdbc.datasource.DataSourceUtils.getConnection(DataSourceUtils.java:78)
	at org.springframework.jdbc.support.JdbcUtils.extractDatabaseMetaData(JdbcUtils.java:319)
	at org.springframework.jdbc.support.JdbcUtils.extractDatabaseMetaData(JdbcUtils.java:356)
	at org.springframework.boot.autoconfigure.orm.jpa.DatabaseLookup.getDatabase(DatabaseLookup.java:72)
	at org.springframework.boot.autoconfigure.orm.jpa.JpaProperties.determineDatabase(JpaProperties.java:166)
	at org.springframework.boot.autoconfigure.orm.jpa.JpaBaseConfiguration.jpaVendorAdapter(JpaBaseConfiguration.java:111)
	at org.springframework.boot.autoconfigure.orm.jpa.HibernateJpaConfiguration$$EnhancerBySpringCGLIB$$f335ca96.CGLIB$jpaVendorAdapter$4(<generated>)
	at org.springframework.boot.autoconfigure.orm.jpa.HibernateJpaConfiguration$$EnhancerBySpringCGLIB$$f335ca96$$FastClassBySpringCGLIB$$c6153dd9.invoke(<generated>)
	at org.springframework.cglib.proxy.MethodProxy.invokeSuper(MethodProxy.java:228)
	at org.springframework.context.annotation.ConfigurationClassEnhancer$BeanMethodInterceptor.intercept(ConfigurationClassEnhancer.java:365)
	at org.springframework.boot.autoconfigure.orm.jpa.HibernateJpaConfiguration$$EnhancerBySpringCGLIB$$f335ca96.jpaVendorAdapter(<generated>)
	at java.base/jdk.internal.reflect.NativeMethodAccessorImpl.invoke0(Native Method)
	at java.base/jdk.internal.reflect.NativeMethodAccessorImpl.invoke(NativeMethodAccessorImpl.java:62)
	at java.base/jdk.internal.reflect.DelegatingMethodAccessorImpl.invoke(DelegatingMethodAccessorImpl.java:43)
	at java.base/java.lang.reflect.Method.invoke(Method.java:566)
	at org.springframework.beans.factory.support.SimpleInstantiationStrategy.instantiate(SimpleInstantiationStrategy.java:154)
	... 47 common frames omitted
2025-07-01 19:05:09,346 INFO org.springframework.boot.StartupInfoLogger [main] Starting Application on DESKTOP-E21LGMU with PID 14980 (started by Dell in C:\Rithy\Responsibility 2025\Self Development\Pesith Java\project_structure)
2025-07-01 19:05:09,353 INFO org.springframework.boot.SpringApplication [main] No active profile set, falling back to default profiles: default
2025-07-01 19:05:09,432 INFO org.springframework.context.support.AbstractApplicationContext [main] Refreshing org.springframework.boot.web.servlet.context.AnnotationConfigServletWebServerApplicationContext@70f02c32: startup date [Tue Jul 01 19:05:09 ICT 2025]; root of context hierarchy
2025-07-01 19:05:12,968 WARN org.mybatis.logging.Logger [main] Skipping MapperFactoryBean with name 'activityLogMapper' and 'com.ut.utAttendance.mapper.primary.ActivityLogMapper' mapperInterface. Bean already defined with the same name!
2025-07-01 19:05:12,969 WARN org.mybatis.logging.Logger [main] Skipping MapperFactoryBean with name 'authMapper' and 'com.ut.utAttendance.mapper.primary.AuthMapper' mapperInterface. Bean already defined with the same name!
2025-07-01 19:05:12,970 WARN org.mybatis.logging.Logger [main] Skipping MapperFactoryBean with name 'calDateMapper' and 'com.ut.utAttendance.mapper.primary.CalDateMapper' mapperInterface. Bean already defined with the same name!
2025-07-01 19:05:12,971 WARN org.mybatis.logging.Logger [main] Skipping MapperFactoryBean with name 'moduleMapper' and 'com.ut.utAttendance.mapper.primary.ModuleMapper' mapperInterface. Bean already defined with the same name!
2025-07-01 19:05:12,971 WARN org.mybatis.logging.Logger [main] Skipping MapperFactoryBean with name 'moduleTypeMapper' and 'com.ut.utAttendance.mapper.primary.ModuleTypeMapper' mapperInterface. Bean already defined with the same name!
2025-07-01 19:05:12,972 WARN org.mybatis.logging.Logger [main] Skipping MapperFactoryBean with name 'permissionMapper' and 'com.ut.utAttendance.mapper.primary.PermissionMapper' mapperInterface. Bean already defined with the same name!
2025-07-01 19:05:12,973 WARN org.mybatis.logging.Logger [main] Skipping MapperFactoryBean with name 'roleMapper' and 'com.ut.utAttendance.mapper.primary.RoleMapper' mapperInterface. Bean already defined with the same name!
2025-07-01 19:05:12,974 WARN org.mybatis.logging.Logger [main] Skipping MapperFactoryBean with name 'userMapper' and 'com.ut.utAttendance.mapper.primary.UserMapper' mapperInterface. Bean already defined with the same name!
2025-07-01 19:05:12,975 WARN org.mybatis.logging.Logger [main] No MyBatis mapper was found in '[com.ut.utAttendance.mapper.primary]' package. Please check your configuration.
2025-07-01 19:05:13,767 INFO org.springframework.context.support.PostProcessorRegistrationDelegate$BeanPostProcessorChecker [main] Bean 'org.springframework.transaction.annotation.ProxyTransactionManagementConfiguration' of type [org.springframework.transaction.annotation.ProxyTransactionManagementConfiguration$$EnhancerBySpringCGLIB$$d45f0827] is not eligible for getting processed by all BeanPostProcessors (for example: not eligible for auto-proxying)
2025-07-01 19:05:14,606 INFO org.springframework.boot.web.embedded.tomcat.TomcatWebServer [main] Tomcat initialized with port(s): 8097 (http)
2025-07-01 19:05:14,636 INFO org.apache.juli.logging.DirectJDKLog [main] Initializing ProtocolHandler ["http-nio-8097"]
2025-07-01 19:05:14,658 INFO org.apache.juli.logging.DirectJDKLog [main] Starting service [Tomcat]
2025-07-01 19:05:14,659 INFO org.apache.juli.logging.DirectJDKLog [main] Starting Servlet Engine: Apache Tomcat/8.5.34
2025-07-01 19:05:14,669 INFO org.apache.juli.logging.DirectJDKLog [localhost-startStop-1] The APR based Apache Tomcat Native library which allows optimal performance in production environments was not found on the java.library.path: [C:\Users\Dell\.jdks\ms-11.0.27\bin;C:\Windows\Sun\Java\bin;C:\Windows\system32;C:\Windows;C:\Windows\system32;C:\Windows;C:\Windows\System32\Wbem;C:\Windows\System32\WindowsPowerShell\v1.0\;C:\Windows\System32\OpenSSH\;C:\Rithy\Software\apache-maven-3.8.1\apache-maven-3.8.1\bin;C:\Rithy\Software\jdk-21_windows-x64_bin\jdk-21.0.4\bin;C:\Program Files\FireDaemon OpenSSL 3\bin;C:\Program Files\Git\cmd;C:\Program Files (x86)\NetSarang\Xftp 7\;C:\Program Files\Docker\Docker\resources\bin;C:\Users\Dell\AppData\Local\Microsoft\WindowsApps;C:\Users\Dell\AppData\Local\GitHubDesktop\bin;C:\Users\Dell\AppData\Local\Programs\Microsoft VS Code\bin;.]
2025-07-01 19:05:15,031 INFO org.apache.juli.logging.DirectJDKLog [localhost-startStop-1] Initializing Spring embedded WebApplicationContext
2025-07-01 19:05:15,031 INFO org.springframework.boot.web.servlet.context.ServletWebServerApplicationContext [localhost-startStop-1] Root WebApplicationContext: initialization completed in 5599 ms
2025-07-01 19:05:16,287 INFO org.springframework.boot.web.servlet.AbstractFilterRegistrationBean [localhost-startStop-1] Mapping filter: 'characterEncodingFilter' to: [/*]
2025-07-01 19:05:16,288 INFO org.springframework.boot.web.servlet.AbstractFilterRegistrationBean [localhost-startStop-1] Mapping filter: 'webMvcMetricsFilter' to: [/*]
2025-07-01 19:05:16,288 INFO org.springframework.boot.web.servlet.AbstractFilterRegistrationBean [localhost-startStop-1] Mapping filter: 'hiddenHttpMethodFilter' to: [/*]
2025-07-01 19:05:16,288 INFO org.springframework.boot.web.servlet.AbstractFilterRegistrationBean [localhost-startStop-1] Mapping filter: 'httpPutFormContentFilter' to: [/*]
2025-07-01 19:05:16,289 INFO org.springframework.boot.web.servlet.AbstractFilterRegistrationBean [localhost-startStop-1] Mapping filter: 'requestContextFilter' to: [/*]
2025-07-01 19:05:16,290 INFO org.springframework.boot.web.servlet.AbstractFilterRegistrationBean [localhost-startStop-1] Mapping filter: 'springSecurityFilterChain' to: [/*]
2025-07-01 19:05:16,290 INFO org.springframework.boot.web.servlet.AbstractFilterRegistrationBean [localhost-startStop-1] Mapping filter: 'httpTraceFilter' to: [/*]
2025-07-01 19:05:16,291 INFO org.springframework.boot.web.servlet.AbstractFilterRegistrationBean [localhost-startStop-1] Mapping filter: 'corsFilter' to: [/*]
2025-07-01 19:05:16,292 INFO org.springframework.boot.web.servlet.ServletRegistrationBean [localhost-startStop-1] Servlet dispatcherServlet mapped to [/]
2025-07-01 19:05:16,404 INFO com.zaxxer.hikari.HikariDataSource [main] HikariPool-1 - Starting...
2025-07-01 19:05:16,410 WARN com.zaxxer.hikari.util.DriverDataSource [main] Registered driver with driverClassName=com.mysql.jdbc.Driver was not found, trying direct instantiation.
2025-07-01 19:05:20,344 ERROR com.zaxxer.hikari.pool.HikariPool [main] HikariPool-1 - Exception during pool initialization.
com.mysql.cj.jdbc.exceptions.CommunicationsException: Communications link failure

The last packet sent successfully to the server was 0 milliseconds ago. The driver has not received any packets from the server.
	at com.mysql.cj.jdbc.exceptions.SQLError.createCommunicationsException(SQLError.java:174)
	at com.mysql.cj.jdbc.exceptions.SQLExceptionsMapping.translateException(SQLExceptionsMapping.java:64)
	at com.mysql.cj.jdbc.ConnectionImpl.createNewIO(ConnectionImpl.java:836)
	at com.mysql.cj.jdbc.ConnectionImpl.<init>(ConnectionImpl.java:456)
	at com.mysql.cj.jdbc.ConnectionImpl.getInstance(ConnectionImpl.java:246)
	at com.mysql.cj.jdbc.NonRegisteringDriver.connect(NonRegisteringDriver.java:198)
	at com.zaxxer.hikari.util.DriverDataSource.getConnection(DriverDataSource.java:117)
	at com.zaxxer.hikari.util.DriverDataSource.getConnection(DriverDataSource.java:123)
	at com.zaxxer.hikari.pool.PoolBase.newConnection(PoolBase.java:365)
	at com.zaxxer.hikari.pool.PoolBase.newPoolEntry(PoolBase.java:194)
	at com.zaxxer.hikari.pool.HikariPool.createPoolEntry(HikariPool.java:460)
	at com.zaxxer.hikari.pool.HikariPool.checkFailFast(HikariPool.java:534)
	at com.zaxxer.hikari.pool.HikariPool.<init>(HikariPool.java:115)
	at com.zaxxer.hikari.HikariDataSource.getConnection(HikariDataSource.java:112)
	at org.springframework.jdbc.datasource.DataSourceUtils.fetchConnection(DataSourceUtils.java:151)
	at org.springframework.jdbc.datasource.DataSourceUtils.doGetConnection(DataSourceUtils.java:115)
	at org.springframework.jdbc.datasource.DataSourceUtils.getConnection(DataSourceUtils.java:78)
	at org.springframework.jdbc.support.JdbcUtils.extractDatabaseMetaData(JdbcUtils.java:319)
	at org.springframework.jdbc.support.JdbcUtils.extractDatabaseMetaData(JdbcUtils.java:356)
	at org.springframework.boot.autoconfigure.orm.jpa.DatabaseLookup.getDatabase(DatabaseLookup.java:72)
	at org.springframework.boot.autoconfigure.orm.jpa.JpaProperties.determineDatabase(JpaProperties.java:166)
	at org.springframework.boot.autoconfigure.orm.jpa.JpaBaseConfiguration.jpaVendorAdapter(JpaBaseConfiguration.java:111)
	at org.springframework.boot.autoconfigure.orm.jpa.HibernateJpaConfiguration$$EnhancerBySpringCGLIB$$f335ca96.CGLIB$jpaVendorAdapter$4(<generated>)
	at org.springframework.boot.autoconfigure.orm.jpa.HibernateJpaConfiguration$$EnhancerBySpringCGLIB$$f335ca96$$FastClassBySpringCGLIB$$c6153dd9.invoke(<generated>)
	at org.springframework.cglib.proxy.MethodProxy.invokeSuper(MethodProxy.java:228)
	at org.springframework.context.annotation.ConfigurationClassEnhancer$BeanMethodInterceptor.intercept(ConfigurationClassEnhancer.java:365)
	at org.springframework.boot.autoconfigure.orm.jpa.HibernateJpaConfiguration$$EnhancerBySpringCGLIB$$f335ca96.jpaVendorAdapter(<generated>)
	at java.base/jdk.internal.reflect.NativeMethodAccessorImpl.invoke0(Native Method)
	at java.base/jdk.internal.reflect.NativeMethodAccessorImpl.invoke(NativeMethodAccessorImpl.java:62)
	at java.base/jdk.internal.reflect.DelegatingMethodAccessorImpl.invoke(DelegatingMethodAccessorImpl.java:43)
	at java.base/java.lang.reflect.Method.invoke(Method.java:566)
	at org.springframework.beans.factory.support.SimpleInstantiationStrategy.instantiate(SimpleInstantiationStrategy.java:154)
	at org.springframework.beans.factory.support.ConstructorResolver.instantiateUsingFactoryMethod(ConstructorResolver.java:583)
	at org.springframework.beans.factory.support.AbstractAutowireCapableBeanFactory.instantiateUsingFactoryMethod(AbstractAutowireCapableBeanFactory.java:1246)
	at org.springframework.beans.factory.support.AbstractAutowireCapableBeanFactory.createBeanInstance(AbstractAutowireCapableBeanFactory.java:1096)
	at org.springframework.beans.factory.support.AbstractAutowireCapableBeanFactory.doCreateBean(AbstractAutowireCapableBeanFactory.java:535)
	at org.springframework.beans.factory.support.AbstractAutowireCapableBeanFactory.createBean(AbstractAutowireCapableBeanFactory.java:495)
	at org.springframework.beans.factory.support.AbstractBeanFactory.lambda$doGetBean$0(AbstractBeanFactory.java:317)
	at org.springframework.beans.factory.support.DefaultSingletonBeanRegistry.getSingleton(DefaultSingletonBeanRegistry.java:222)
	at org.springframework.beans.factory.support.AbstractBeanFactory.doGetBean(AbstractBeanFactory.java:315)
	at org.springframework.beans.factory.support.AbstractBeanFactory.getBean(AbstractBeanFactory.java:199)
	at org.springframework.beans.factory.config.DependencyDescriptor.resolveCandidate(DependencyDescriptor.java:251)
	at org.springframework.beans.factory.support.DefaultListableBeanFactory.doResolveDependency(DefaultListableBeanFactory.java:1135)
	at org.springframework.beans.factory.support.DefaultListableBeanFactory.resolveDependency(DefaultListableBeanFactory.java:1062)
	at org.springframework.beans.factory.support.ConstructorResolver.resolveAutowiredArgument(ConstructorResolver.java:819)
	at org.springframework.beans.factory.support.ConstructorResolver.createArgumentArray(ConstructorResolver.java:725)
	at org.springframework.beans.factory.support.ConstructorResolver.instantiateUsingFactoryMethod(ConstructorResolver.java:475)
	at org.springframework.beans.factory.support.AbstractAutowireCapableBeanFactory.instantiateUsingFactoryMethod(AbstractAutowireCapableBeanFactory.java:1246)
	at org.springframework.beans.factory.support.AbstractAutowireCapableBeanFactory.createBeanInstance(AbstractAutowireCapableBeanFactory.java:1096)
	at org.springframework.beans.factory.support.AbstractAutowireCapableBeanFactory.doCreateBean(AbstractAutowireCapableBeanFactory.java:535)
	at org.springframework.beans.factory.support.AbstractAutowireCapableBeanFactory.createBean(AbstractAutowireCapableBeanFactory.java:495)
	at org.springframework.beans.factory.support.AbstractBeanFactory.lambda$doGetBean$0(AbstractBeanFactory.java:317)
	at org.springframework.beans.factory.support.DefaultSingletonBeanRegistry.getSingleton(DefaultSingletonBeanRegistry.java:222)
	at org.springframework.beans.factory.support.AbstractBeanFactory.doGetBean(AbstractBeanFactory.java:315)
	at org.springframework.beans.factory.support.AbstractBeanFactory.getBean(AbstractBeanFactory.java:199)
	at org.springframework.beans.factory.config.DependencyDescriptor.resolveCandidate(DependencyDescriptor.java:251)
	at org.springframework.beans.factory.support.DefaultListableBeanFactory.doResolveDependency(DefaultListableBeanFactory.java:1135)
	at org.springframework.beans.factory.support.DefaultListableBeanFactory.resolveDependency(DefaultListableBeanFactory.java:1062)
	at org.springframework.beans.factory.support.ConstructorResolver.resolveAutowiredArgument(ConstructorResolver.java:819)
	at org.springframework.beans.factory.support.ConstructorResolver.createArgumentArray(ConstructorResolver.java:725)
	at org.springframework.beans.factory.support.ConstructorResolver.instantiateUsingFactoryMethod(ConstructorResolver.java:475)
	at org.springframework.beans.factory.support.AbstractAutowireCapableBeanFactory.instantiateUsingFactoryMethod(AbstractAutowireCapableBeanFactory.java:1246)
	at org.springframework.beans.factory.support.AbstractAutowireCapableBeanFactory.createBeanInstance(AbstractAutowireCapableBeanFactory.java:1096)
	at org.springframework.beans.factory.support.AbstractAutowireCapableBeanFactory.doCreateBean(AbstractAutowireCapableBeanFactory.java:535)
	at org.springframework.beans.factory.support.AbstractAutowireCapableBeanFactory.createBean(AbstractAutowireCapableBeanFactory.java:495)
	at org.springframework.beans.factory.support.AbstractBeanFactory.lambda$doGetBean$0(AbstractBeanFactory.java:317)
	at org.springframework.beans.factory.support.DefaultSingletonBeanRegistry.getSingleton(DefaultSingletonBeanRegistry.java:222)
	at org.springframework.beans.factory.support.AbstractBeanFactory.doGetBean(AbstractBeanFactory.java:315)
	at org.springframework.beans.factory.support.AbstractBeanFactory.getBean(AbstractBeanFactory.java:199)
	at org.springframework.context.support.AbstractApplicationContext.getBean(AbstractApplicationContext.java:1087)
	at org.springframework.context.support.AbstractApplicationContext.finishBeanFactoryInitialization(AbstractApplicationContext.java:857)
	at org.springframework.context.support.AbstractApplicationContext.refresh(AbstractApplicationContext.java:548)
	at org.springframework.boot.web.servlet.context.ServletWebServerApplicationContext.refresh(ServletWebServerApplicationContext.java:140)
	at org.springframework.boot.SpringApplication.refresh(SpringApplication.java:754)
	at org.springframework.boot.SpringApplication.refreshContext(SpringApplication.java:386)
	at org.springframework.boot.SpringApplication.run(SpringApplication.java:307)
	at org.springframework.boot.SpringApplication.run(SpringApplication.java:1242)
	at org.springframework.boot.SpringApplication.run(SpringApplication.java:1230)
	at com.ut.utAttendance.Application.main(Application.java:14)
Caused by: com.mysql.cj.exceptions.CJCommunicationsException: Communications link failure

The last packet sent successfully to the server was 0 milliseconds ago. The driver has not received any packets from the server.
	at java.base/jdk.internal.reflect.NativeConstructorAccessorImpl.newInstance0(Native Method)
	at java.base/jdk.internal.reflect.NativeConstructorAccessorImpl.newInstance(NativeConstructorAccessorImpl.java:62)
	at java.base/jdk.internal.reflect.DelegatingConstructorAccessorImpl.newInstance(DelegatingConstructorAccessorImpl.java:45)
	at java.base/java.lang.reflect.Constructor.newInstance(Constructor.java:490)
	at com.mysql.cj.exceptions.ExceptionFactory.createException(ExceptionFactory.java:61)
	at com.mysql.cj.exceptions.ExceptionFactory.createException(ExceptionFactory.java:105)
	at com.mysql.cj.exceptions.ExceptionFactory.createException(ExceptionFactory.java:151)
	at com.mysql.cj.exceptions.ExceptionFactory.createCommunicationsException(ExceptionFactory.java:167)
	at com.mysql.cj.protocol.a.NativeSocketConnection.connect(NativeSocketConnection.java:89)
	at com.mysql.cj.NativeSession.connect(NativeSession.java:144)
	at com.mysql.cj.jdbc.ConnectionImpl.connectOneTryOnly(ConnectionImpl.java:956)
	at com.mysql.cj.jdbc.ConnectionImpl.createNewIO(ConnectionImpl.java:826)
	... 76 common frames omitted
Caused by: java.net.UnknownHostException: No such host is known (mysql)
	at java.base/java.net.Inet6AddressImpl.lookupAllHostAddr(Native Method)
	at java.base/java.net.InetAddress$PlatformNameService.lookupAllHostAddr(InetAddress.java:930)
	at java.base/java.net.InetAddress.getAddressesFromNameService(InetAddress.java:1543)
	at java.base/java.net.InetAddress$NameServiceAddresses.get(InetAddress.java:848)
	at java.base/java.net.InetAddress.getAllByName0(InetAddress.java:1533)
	at java.base/java.net.InetAddress.getAllByName(InetAddress.java:1386)
	at java.base/java.net.InetAddress.getAllByName(InetAddress.java:1307)
	at com.mysql.cj.protocol.StandardSocketFactory.connect(StandardSocketFactory.java:132)
	at com.mysql.cj.protocol.a.NativeSocketConnection.connect(NativeSocketConnection.java:63)
	... 79 common frames omitted
2025-07-01 19:05:20,351 WARN org.springframework.boot.autoconfigure.orm.jpa.DatabaseLookup [main] Unable to determine jdbc url from datasource
org.springframework.jdbc.support.MetaDataAccessException: Could not get Connection for extracting meta-data; nested exception is org.springframework.jdbc.CannotGetJdbcConnectionException: Failed to obtain JDBC Connection; nested exception is com.mysql.cj.jdbc.exceptions.CommunicationsException: Communications link failure

The last packet sent successfully to the server was 0 milliseconds ago. The driver has not received any packets from the server.
	at org.springframework.jdbc.support.JdbcUtils.extractDatabaseMetaData(JdbcUtils.java:328)
	at org.springframework.jdbc.support.JdbcUtils.extractDatabaseMetaData(JdbcUtils.java:356)
	at org.springframework.boot.autoconfigure.orm.jpa.DatabaseLookup.getDatabase(DatabaseLookup.java:72)
	at org.springframework.boot.autoconfigure.orm.jpa.JpaProperties.determineDatabase(JpaProperties.java:166)
	at org.springframework.boot.autoconfigure.orm.jpa.JpaBaseConfiguration.jpaVendorAdapter(JpaBaseConfiguration.java:111)
	at org.springframework.boot.autoconfigure.orm.jpa.HibernateJpaConfiguration$$EnhancerBySpringCGLIB$$f335ca96.CGLIB$jpaVendorAdapter$4(<generated>)
	at org.springframework.boot.autoconfigure.orm.jpa.HibernateJpaConfiguration$$EnhancerBySpringCGLIB$$f335ca96$$FastClassBySpringCGLIB$$c6153dd9.invoke(<generated>)
	at org.springframework.cglib.proxy.MethodProxy.invokeSuper(MethodProxy.java:228)
	at org.springframework.context.annotation.ConfigurationClassEnhancer$BeanMethodInterceptor.intercept(ConfigurationClassEnhancer.java:365)
	at org.springframework.boot.autoconfigure.orm.jpa.HibernateJpaConfiguration$$EnhancerBySpringCGLIB$$f335ca96.jpaVendorAdapter(<generated>)
	at java.base/jdk.internal.reflect.NativeMethodAccessorImpl.invoke0(Native Method)
	at java.base/jdk.internal.reflect.NativeMethodAccessorImpl.invoke(NativeMethodAccessorImpl.java:62)
	at java.base/jdk.internal.reflect.DelegatingMethodAccessorImpl.invoke(DelegatingMethodAccessorImpl.java:43)
	at java.base/java.lang.reflect.Method.invoke(Method.java:566)
	at org.springframework.beans.factory.support.SimpleInstantiationStrategy.instantiate(SimpleInstantiationStrategy.java:154)
	at org.springframework.beans.factory.support.ConstructorResolver.instantiateUsingFactoryMethod(ConstructorResolver.java:583)
	at org.springframework.beans.factory.support.AbstractAutowireCapableBeanFactory.instantiateUsingFactoryMethod(AbstractAutowireCapableBeanFactory.java:1246)
	at org.springframework.beans.factory.support.AbstractAutowireCapableBeanFactory.createBeanInstance(AbstractAutowireCapableBeanFactory.java:1096)
	at org.springframework.beans.factory.support.AbstractAutowireCapableBeanFactory.doCreateBean(AbstractAutowireCapableBeanFactory.java:535)
	at org.springframework.beans.factory.support.AbstractAutowireCapableBeanFactory.createBean(AbstractAutowireCapableBeanFactory.java:495)
	at org.springframework.beans.factory.support.AbstractBeanFactory.lambda$doGetBean$0(AbstractBeanFactory.java:317)
	at org.springframework.beans.factory.support.DefaultSingletonBeanRegistry.getSingleton(DefaultSingletonBeanRegistry.java:222)
	at org.springframework.beans.factory.support.AbstractBeanFactory.doGetBean(AbstractBeanFactory.java:315)
	at org.springframework.beans.factory.support.AbstractBeanFactory.getBean(AbstractBeanFactory.java:199)
	at org.springframework.beans.factory.config.DependencyDescriptor.resolveCandidate(DependencyDescriptor.java:251)
	at org.springframework.beans.factory.support.DefaultListableBeanFactory.doResolveDependency(DefaultListableBeanFactory.java:1135)
	at org.springframework.beans.factory.support.DefaultListableBeanFactory.resolveDependency(DefaultListableBeanFactory.java:1062)
	at org.springframework.beans.factory.support.ConstructorResolver.resolveAutowiredArgument(ConstructorResolver.java:819)
	at org.springframework.beans.factory.support.ConstructorResolver.createArgumentArray(ConstructorResolver.java:725)
	at org.springframework.beans.factory.support.ConstructorResolver.instantiateUsingFactoryMethod(ConstructorResolver.java:475)
	at org.springframework.beans.factory.support.AbstractAutowireCapableBeanFactory.instantiateUsingFactoryMethod(AbstractAutowireCapableBeanFactory.java:1246)
	at org.springframework.beans.factory.support.AbstractAutowireCapableBeanFactory.createBeanInstance(AbstractAutowireCapableBeanFactory.java:1096)
	at org.springframework.beans.factory.support.AbstractAutowireCapableBeanFactory.doCreateBean(AbstractAutowireCapableBeanFactory.java:535)
	at org.springframework.beans.factory.support.AbstractAutowireCapableBeanFactory.createBean(AbstractAutowireCapableBeanFactory.java:495)
	at org.springframework.beans.factory.support.AbstractBeanFactory.lambda$doGetBean$0(AbstractBeanFactory.java:317)
	at org.springframework.beans.factory.support.DefaultSingletonBeanRegistry.getSingleton(DefaultSingletonBeanRegistry.java:222)
	at org.springframework.beans.factory.support.AbstractBeanFactory.doGetBean(AbstractBeanFactory.java:315)
	at org.springframework.beans.factory.support.AbstractBeanFactory.getBean(AbstractBeanFactory.java:199)
	at org.springframework.beans.factory.config.DependencyDescriptor.resolveCandidate(DependencyDescriptor.java:251)
	at org.springframework.beans.factory.support.DefaultListableBeanFactory.doResolveDependency(DefaultListableBeanFactory.java:1135)
	at org.springframework.beans.factory.support.DefaultListableBeanFactory.resolveDependency(DefaultListableBeanFactory.java:1062)
	at org.springframework.beans.factory.support.ConstructorResolver.resolveAutowiredArgument(ConstructorResolver.java:819)
	at org.springframework.beans.factory.support.ConstructorResolver.createArgumentArray(ConstructorResolver.java:725)
	at org.springframework.beans.factory.support.ConstructorResolver.instantiateUsingFactoryMethod(ConstructorResolver.java:475)
	at org.springframework.beans.factory.support.AbstractAutowireCapableBeanFactory.instantiateUsingFactoryMethod(AbstractAutowireCapableBeanFactory.java:1246)
	at org.springframework.beans.factory.support.AbstractAutowireCapableBeanFactory.createBeanInstance(AbstractAutowireCapableBeanFactory.java:1096)
	at org.springframework.beans.factory.support.AbstractAutowireCapableBeanFactory.doCreateBean(AbstractAutowireCapableBeanFactory.java:535)
	at org.springframework.beans.factory.support.AbstractAutowireCapableBeanFactory.createBean(AbstractAutowireCapableBeanFactory.java:495)
	at org.springframework.beans.factory.support.AbstractBeanFactory.lambda$doGetBean$0(AbstractBeanFactory.java:317)
	at org.springframework.beans.factory.support.DefaultSingletonBeanRegistry.getSingleton(DefaultSingletonBeanRegistry.java:222)
	at org.springframework.beans.factory.support.AbstractBeanFactory.doGetBean(AbstractBeanFactory.java:315)
	at org.springframework.beans.factory.support.AbstractBeanFactory.getBean(AbstractBeanFactory.java:199)
	at org.springframework.context.support.AbstractApplicationContext.getBean(AbstractApplicationContext.java:1087)
	at org.springframework.context.support.AbstractApplicationContext.finishBeanFactoryInitialization(AbstractApplicationContext.java:857)
	at org.springframework.context.support.AbstractApplicationContext.refresh(AbstractApplicationContext.java:548)
	at org.springframework.boot.web.servlet.context.ServletWebServerApplicationContext.refresh(ServletWebServerApplicationContext.java:140)
	at org.springframework.boot.SpringApplication.refresh(SpringApplication.java:754)
	at org.springframework.boot.SpringApplication.refreshContext(SpringApplication.java:386)
	at org.springframework.boot.SpringApplication.run(SpringApplication.java:307)
	at org.springframework.boot.SpringApplication.run(SpringApplication.java:1242)
	at org.springframework.boot.SpringApplication.run(SpringApplication.java:1230)
	at com.ut.utAttendance.Application.main(Application.java:14)
Caused by: org.springframework.jdbc.CannotGetJdbcConnectionException: Failed to obtain JDBC Connection; nested exception is com.mysql.cj.jdbc.exceptions.CommunicationsException: Communications link failure

The last packet sent successfully to the server was 0 milliseconds ago. The driver has not received any packets from the server.
	at org.springframework.jdbc.datasource.DataSourceUtils.getConnection(DataSourceUtils.java:81)
	at org.springframework.jdbc.support.JdbcUtils.extractDatabaseMetaData(JdbcUtils.java:319)
	... 61 common frames omitted
Caused by: com.mysql.cj.jdbc.exceptions.CommunicationsException: Communications link failure

The last packet sent successfully to the server was 0 milliseconds ago. The driver has not received any packets from the server.
	at com.mysql.cj.jdbc.exceptions.SQLError.createCommunicationsException(SQLError.java:174)
	at com.mysql.cj.jdbc.exceptions.SQLExceptionsMapping.translateException(SQLExceptionsMapping.java:64)
	at com.mysql.cj.jdbc.ConnectionImpl.createNewIO(ConnectionImpl.java:836)
	at com.mysql.cj.jdbc.ConnectionImpl.<init>(ConnectionImpl.java:456)
	at com.mysql.cj.jdbc.ConnectionImpl.getInstance(ConnectionImpl.java:246)
	at com.mysql.cj.jdbc.NonRegisteringDriver.connect(NonRegisteringDriver.java:198)
	at com.zaxxer.hikari.util.DriverDataSource.getConnection(DriverDataSource.java:117)
	at com.zaxxer.hikari.util.DriverDataSource.getConnection(DriverDataSource.java:123)
	at com.zaxxer.hikari.pool.PoolBase.newConnection(PoolBase.java:365)
	at com.zaxxer.hikari.pool.PoolBase.newPoolEntry(PoolBase.java:194)
	at com.zaxxer.hikari.pool.HikariPool.createPoolEntry(HikariPool.java:460)
	at com.zaxxer.hikari.pool.HikariPool.checkFailFast(HikariPool.java:534)
	at com.zaxxer.hikari.pool.HikariPool.<init>(HikariPool.java:115)
	at com.zaxxer.hikari.HikariDataSource.getConnection(HikariDataSource.java:112)
	at org.springframework.jdbc.datasource.DataSourceUtils.fetchConnection(DataSourceUtils.java:151)
	at org.springframework.jdbc.datasource.DataSourceUtils.doGetConnection(DataSourceUtils.java:115)
	at org.springframework.jdbc.datasource.DataSourceUtils.getConnection(DataSourceUtils.java:78)
	... 62 common frames omitted
Caused by: com.mysql.cj.exceptions.CJCommunicationsException: Communications link failure

The last packet sent successfully to the server was 0 milliseconds ago. The driver has not received any packets from the server.
	at java.base/jdk.internal.reflect.NativeConstructorAccessorImpl.newInstance0(Native Method)
	at java.base/jdk.internal.reflect.NativeConstructorAccessorImpl.newInstance(NativeConstructorAccessorImpl.java:62)
	at java.base/jdk.internal.reflect.DelegatingConstructorAccessorImpl.newInstance(DelegatingConstructorAccessorImpl.java:45)
	at java.base/java.lang.reflect.Constructor.newInstance(Constructor.java:490)
	at com.mysql.cj.exceptions.ExceptionFactory.createException(ExceptionFactory.java:61)
	at com.mysql.cj.exceptions.ExceptionFactory.createException(ExceptionFactory.java:105)
	at com.mysql.cj.exceptions.ExceptionFactory.createException(ExceptionFactory.java:151)
	at com.mysql.cj.exceptions.ExceptionFactory.createCommunicationsException(ExceptionFactory.java:167)
	at com.mysql.cj.protocol.a.NativeSocketConnection.connect(NativeSocketConnection.java:89)
	at com.mysql.cj.NativeSession.connect(NativeSession.java:144)
	at com.mysql.cj.jdbc.ConnectionImpl.connectOneTryOnly(ConnectionImpl.java:956)
	at com.mysql.cj.jdbc.ConnectionImpl.createNewIO(ConnectionImpl.java:826)
	... 76 common frames omitted
Caused by: java.net.UnknownHostException: No such host is known (mysql)
	at java.base/java.net.Inet6AddressImpl.lookupAllHostAddr(Native Method)
	at java.base/java.net.InetAddress$PlatformNameService.lookupAllHostAddr(InetAddress.java:930)
	at java.base/java.net.InetAddress.getAddressesFromNameService(InetAddress.java:1543)
	at java.base/java.net.InetAddress$NameServiceAddresses.get(InetAddress.java:848)
	at java.base/java.net.InetAddress.getAllByName0(InetAddress.java:1533)
	at java.base/java.net.InetAddress.getAllByName(InetAddress.java:1386)
	at java.base/java.net.InetAddress.getAllByName(InetAddress.java:1307)
	at com.mysql.cj.protocol.StandardSocketFactory.connect(StandardSocketFactory.java:132)
	at com.mysql.cj.protocol.a.NativeSocketConnection.connect(NativeSocketConnection.java:63)
	... 79 common frames omitted
2025-07-01 19:05:20,424 INFO org.springframework.orm.jpa.LocalContainerEntityManagerFactoryBean [main] Building JPA container EntityManagerFactory for persistence unit 'default'
2025-07-01 19:05:20,441 INFO org.hibernate.jpa.internal.util.LogHelper [main] HHH000204: Processing PersistenceUnitInfo [
	name: default
	...]
2025-07-01 19:05:20,537 INFO org.hibernate.Version [main] HHH000412: Hibernate Core {5.2.17.Final}
2025-07-01 19:05:20,539 INFO org.hibernate.cfg.Environment [main] HHH000206: hibernate.properties not found
2025-07-01 19:05:20,635 INFO org.hibernate.annotations.common.reflection.java.JavaReflectionManager [main] HCANN000001: Hibernate Commons Annotations {5.0.1.Final}
2025-07-01 19:05:21,045 INFO com.zaxxer.hikari.HikariDataSource [main] HikariPool-1 - Starting...
2025-07-01 19:05:21,047 WARN com.zaxxer.hikari.util.DriverDataSource [main] Registered driver with driverClassName=com.mysql.jdbc.Driver was not found, trying direct instantiation.
2025-07-01 19:05:22,055 ERROR com.zaxxer.hikari.pool.HikariPool [main] HikariPool-1 - Exception during pool initialization.
com.mysql.cj.jdbc.exceptions.CommunicationsException: Communications link failure

The last packet sent successfully to the server was 0 milliseconds ago. The driver has not received any packets from the server.
	at com.mysql.cj.jdbc.exceptions.SQLError.createCommunicationsException(SQLError.java:174)
	at com.mysql.cj.jdbc.exceptions.SQLExceptionsMapping.translateException(SQLExceptionsMapping.java:64)
	at com.mysql.cj.jdbc.ConnectionImpl.createNewIO(ConnectionImpl.java:836)
	at com.mysql.cj.jdbc.ConnectionImpl.<init>(ConnectionImpl.java:456)
	at com.mysql.cj.jdbc.ConnectionImpl.getInstance(ConnectionImpl.java:246)
	at com.mysql.cj.jdbc.NonRegisteringDriver.connect(NonRegisteringDriver.java:198)
	at com.zaxxer.hikari.util.DriverDataSource.getConnection(DriverDataSource.java:117)
	at com.zaxxer.hikari.util.DriverDataSource.getConnection(DriverDataSource.java:123)
	at com.zaxxer.hikari.pool.PoolBase.newConnection(PoolBase.java:365)
	at com.zaxxer.hikari.pool.PoolBase.newPoolEntry(PoolBase.java:194)
	at com.zaxxer.hikari.pool.HikariPool.createPoolEntry(HikariPool.java:460)
	at com.zaxxer.hikari.pool.HikariPool.checkFailFast(HikariPool.java:534)
	at com.zaxxer.hikari.pool.HikariPool.<init>(HikariPool.java:115)
	at com.zaxxer.hikari.HikariDataSource.getConnection(HikariDataSource.java:112)
	at org.hibernate.engine.jdbc.connections.internal.DatasourceConnectionProviderImpl.getConnection(DatasourceConnectionProviderImpl.java:122)
	at org.hibernate.engine.jdbc.env.internal.JdbcEnvironmentInitiator$ConnectionProviderJdbcConnectionAccess.obtainConnection(JdbcEnvironmentInitiator.java:180)
	at org.hibernate.engine.jdbc.env.internal.JdbcEnvironmentInitiator.initiateService(JdbcEnvironmentInitiator.java:68)
	at org.hibernate.engine.jdbc.env.internal.JdbcEnvironmentInitiator.initiateService(JdbcEnvironmentInitiator.java:35)
	at org.hibernate.boot.registry.internal.StandardServiceRegistryImpl.initiateService(StandardServiceRegistryImpl.java:88)
	at org.hibernate.service.internal.AbstractServiceRegistryImpl.createService(AbstractServiceRegistryImpl.java:259)
	at org.hibernate.service.internal.AbstractServiceRegistryImpl.initializeService(AbstractServiceRegistryImpl.java:233)
	at org.hibernate.service.internal.AbstractServiceRegistryImpl.getService(AbstractServiceRegistryImpl.java:210)
	at org.hibernate.engine.jdbc.internal.JdbcServicesImpl.configure(JdbcServicesImpl.java:51)
	at org.hibernate.boot.registry.internal.StandardServiceRegistryImpl.configureService(StandardServiceRegistryImpl.java:94)
	at org.hibernate.service.internal.AbstractServiceRegistryImpl.initializeService(AbstractServiceRegistryImpl.java:242)
	at org.hibernate.service.internal.AbstractServiceRegistryImpl.getService(AbstractServiceRegistryImpl.java:210)
	at org.hibernate.boot.model.process.spi.MetadataBuildingProcess.handleTypes(MetadataBuildingProcess.java:352)
	at org.hibernate.boot.model.process.spi.MetadataBuildingProcess.complete(MetadataBuildingProcess.java:111)
	at org.hibernate.jpa.boot.internal.EntityManagerFactoryBuilderImpl.metadata(EntityManagerFactoryBuilderImpl.java:861)
	at org.hibernate.jpa.boot.internal.EntityManagerFactoryBuilderImpl.build(EntityManagerFactoryBuilderImpl.java:888)
	at org.springframework.orm.jpa.vendor.SpringHibernateJpaPersistenceProvider.createContainerEntityManagerFactory(SpringHibernateJpaPersistenceProvider.java:57)
	at org.springframework.orm.jpa.LocalContainerEntityManagerFactoryBean.createNativeEntityManagerFactory(LocalContainerEntityManagerFactoryBean.java:365)
	at org.springframework.orm.jpa.AbstractEntityManagerFactoryBean.buildNativeEntityManagerFactory(AbstractEntityManagerFactoryBean.java:390)
	at org.springframework.orm.jpa.AbstractEntityManagerFactoryBean.afterPropertiesSet(AbstractEntityManagerFactoryBean.java:377)
	at org.springframework.orm.jpa.LocalContainerEntityManagerFactoryBean.afterPropertiesSet(LocalContainerEntityManagerFactoryBean.java:341)
	at org.springframework.beans.factory.support.AbstractAutowireCapableBeanFactory.invokeInitMethods(AbstractAutowireCapableBeanFactory.java:1753)
	at org.springframework.beans.factory.support.AbstractAutowireCapableBeanFactory.initializeBean(AbstractAutowireCapableBeanFactory.java:1690)
	at org.springframework.beans.factory.support.AbstractAutowireCapableBeanFactory.doCreateBean(AbstractAutowireCapableBeanFactory.java:573)
	at org.springframework.beans.factory.support.AbstractAutowireCapableBeanFactory.createBean(AbstractAutowireCapableBeanFactory.java:495)
	at org.springframework.beans.factory.support.AbstractBeanFactory.lambda$doGetBean$0(AbstractBeanFactory.java:317)
	at org.springframework.beans.factory.support.DefaultSingletonBeanRegistry.getSingleton(DefaultSingletonBeanRegistry.java:222)
	at org.springframework.beans.factory.support.AbstractBeanFactory.doGetBean(AbstractBeanFactory.java:315)
	at org.springframework.beans.factory.support.AbstractBeanFactory.getBean(AbstractBeanFactory.java:199)
	at org.springframework.context.support.AbstractApplicationContext.getBean(AbstractApplicationContext.java:1087)
	at org.springframework.context.support.AbstractApplicationContext.finishBeanFactoryInitialization(AbstractApplicationContext.java:857)
	at org.springframework.context.support.AbstractApplicationContext.refresh(AbstractApplicationContext.java:548)
	at org.springframework.boot.web.servlet.context.ServletWebServerApplicationContext.refresh(ServletWebServerApplicationContext.java:140)
	at org.springframework.boot.SpringApplication.refresh(SpringApplication.java:754)
	at org.springframework.boot.SpringApplication.refreshContext(SpringApplication.java:386)
	at org.springframework.boot.SpringApplication.run(SpringApplication.java:307)
	at org.springframework.boot.SpringApplication.run(SpringApplication.java:1242)
	at org.springframework.boot.SpringApplication.run(SpringApplication.java:1230)
	at com.ut.utAttendance.Application.main(Application.java:14)
Caused by: com.mysql.cj.exceptions.CJCommunicationsException: Communications link failure

The last packet sent successfully to the server was 0 milliseconds ago. The driver has not received any packets from the server.
	at java.base/jdk.internal.reflect.NativeConstructorAccessorImpl.newInstance0(Native Method)
	at java.base/jdk.internal.reflect.NativeConstructorAccessorImpl.newInstance(NativeConstructorAccessorImpl.java:62)
	at java.base/jdk.internal.reflect.DelegatingConstructorAccessorImpl.newInstance(DelegatingConstructorAccessorImpl.java:45)
	at java.base/java.lang.reflect.Constructor.newInstance(Constructor.java:490)
	at com.mysql.cj.exceptions.ExceptionFactory.createException(ExceptionFactory.java:61)
	at com.mysql.cj.exceptions.ExceptionFactory.createException(ExceptionFactory.java:105)
	at com.mysql.cj.exceptions.ExceptionFactory.createException(ExceptionFactory.java:151)
	at com.mysql.cj.exceptions.ExceptionFactory.createCommunicationsException(ExceptionFactory.java:167)
	at com.mysql.cj.protocol.a.NativeSocketConnection.connect(NativeSocketConnection.java:89)
	at com.mysql.cj.NativeSession.connect(NativeSession.java:144)
	at com.mysql.cj.jdbc.ConnectionImpl.connectOneTryOnly(ConnectionImpl.java:956)
	at com.mysql.cj.jdbc.ConnectionImpl.createNewIO(ConnectionImpl.java:826)
	... 50 common frames omitted
Caused by: java.net.UnknownHostException: mysql
	at java.base/java.net.InetAddress$CachedAddresses.get(InetAddress.java:797)
	at java.base/java.net.InetAddress.getAllByName0(InetAddress.java:1533)
	at java.base/java.net.InetAddress.getAllByName(InetAddress.java:1386)
	at java.base/java.net.InetAddress.getAllByName(InetAddress.java:1307)
	at com.mysql.cj.protocol.StandardSocketFactory.connect(StandardSocketFactory.java:132)
	at com.mysql.cj.protocol.a.NativeSocketConnection.connect(NativeSocketConnection.java:63)
	... 53 common frames omitted
2025-07-01 19:05:22,057 WARN org.hibernate.engine.jdbc.env.internal.JdbcEnvironmentInitiator [main] HHH000342: Could not obtain connection to query metadata : Communications link failure

The last packet sent successfully to the server was 0 milliseconds ago. The driver has not received any packets from the server.
2025-07-01 19:05:22,060 WARN org.springframework.context.support.AbstractApplicationContext [main] Exception encountered during context initialization - cancelling refresh attempt: org.springframework.beans.factory.BeanCreationException: Error creating bean with name 'entityManagerFactory' defined in class path resource [org/springframework/boot/autoconfigure/orm/jpa/HibernateJpaConfiguration.class]: Invocation of init method failed; nested exception is org.hibernate.service.spi.ServiceException: Unable to create requested service [org.hibernate.engine.jdbc.env.spi.JdbcEnvironment]
2025-07-01 19:05:22,066 INFO org.apache.juli.logging.DirectJDKLog [main] Stopping service [Tomcat]
2025-07-01 19:05:22,072 WARN org.apache.juli.logging.DirectJDKLog [localhost-startStop-1] Failed to clear soft references from ObjectStreamClass$Caches for web application [UTAttendanceAPi]
java.lang.ClassCastException: class java.io.ObjectStreamClass$Caches$1 cannot be cast to class java.util.Map (java.io.ObjectStreamClass$Caches$1 and java.util.Map are in module java.base of loader 'bootstrap')
	at org.apache.catalina.loader.WebappClassLoaderBase.clearCache(WebappClassLoaderBase.java:2192)
	at org.apache.catalina.loader.WebappClassLoaderBase.clearReferencesObjectStreamClassCaches(WebappClassLoaderBase.java:2179)
	at org.apache.catalina.loader.WebappClassLoaderBase.clearReferences(WebappClassLoaderBase.java:1554)
	at org.apache.catalina.loader.WebappClassLoaderBase.stop(WebappClassLoaderBase.java:1499)
	at org.apache.catalina.loader.WebappLoader.stopInternal(WebappLoader.java:446)
	at org.apache.catalina.util.LifecycleBase.stop(LifecycleBase.java:226)
	at org.apache.catalina.core.StandardContext.stopInternal(StandardContext.java:5514)
	at org.apache.catalina.util.LifecycleBase.stop(LifecycleBase.java:226)
	at org.apache.catalina.core.ContainerBase$StopChild.call(ContainerBase.java:1436)
	at org.apache.catalina.core.ContainerBase$StopChild.call(ContainerBase.java:1425)
	at java.base/java.util.concurrent.FutureTask.run(FutureTask.java:264)
	at java.base/java.util.concurrent.ThreadPoolExecutor.runWorker(ThreadPoolExecutor.java:1128)
	at java.base/java.util.concurrent.ThreadPoolExecutor$Worker.run(ThreadPoolExecutor.java:628)
	at java.base/java.lang.Thread.run(Thread.java:829)
2025-07-01 19:05:22,096 INFO org.springframework.boot.autoconfigure.logging.ConditionEvaluationReportLoggingListener [main] 

Error starting ApplicationContext. To display the conditions report re-run your application with 'debug' enabled.
2025-07-01 19:05:22,108 ERROR org.springframework.boot.SpringApplication [main] Application run failed
org.springframework.beans.factory.BeanCreationException: Error creating bean with name 'entityManagerFactory' defined in class path resource [org/springframework/boot/autoconfigure/orm/jpa/HibernateJpaConfiguration.class]: Invocation of init method failed; nested exception is org.hibernate.service.spi.ServiceException: Unable to create requested service [org.hibernate.engine.jdbc.env.spi.JdbcEnvironment]
	at org.springframework.beans.factory.support.AbstractAutowireCapableBeanFactory.initializeBean(AbstractAutowireCapableBeanFactory.java:1694)
	at org.springframework.beans.factory.support.AbstractAutowireCapableBeanFactory.doCreateBean(AbstractAutowireCapableBeanFactory.java:573)
	at org.springframework.beans.factory.support.AbstractAutowireCapableBeanFactory.createBean(AbstractAutowireCapableBeanFactory.java:495)
	at org.springframework.beans.factory.support.AbstractBeanFactory.lambda$doGetBean$0(AbstractBeanFactory.java:317)
	at org.springframework.beans.factory.support.DefaultSingletonBeanRegistry.getSingleton(DefaultSingletonBeanRegistry.java:222)
	at org.springframework.beans.factory.support.AbstractBeanFactory.doGetBean(AbstractBeanFactory.java:315)
	at org.springframework.beans.factory.support.AbstractBeanFactory.getBean(AbstractBeanFactory.java:199)
	at org.springframework.context.support.AbstractApplicationContext.getBean(AbstractApplicationContext.java:1087)
	at org.springframework.context.support.AbstractApplicationContext.finishBeanFactoryInitialization(AbstractApplicationContext.java:857)
	at org.springframework.context.support.AbstractApplicationContext.refresh(AbstractApplicationContext.java:548)
	at org.springframework.boot.web.servlet.context.ServletWebServerApplicationContext.refresh(ServletWebServerApplicationContext.java:140)
	at org.springframework.boot.SpringApplication.refresh(SpringApplication.java:754)
	at org.springframework.boot.SpringApplication.refreshContext(SpringApplication.java:386)
	at org.springframework.boot.SpringApplication.run(SpringApplication.java:307)
	at org.springframework.boot.SpringApplication.run(SpringApplication.java:1242)
	at org.springframework.boot.SpringApplication.run(SpringApplication.java:1230)
	at com.ut.utAttendance.Application.main(Application.java:14)
Caused by: org.hibernate.service.spi.ServiceException: Unable to create requested service [org.hibernate.engine.jdbc.env.spi.JdbcEnvironment]
	at org.hibernate.service.internal.AbstractServiceRegistryImpl.createService(AbstractServiceRegistryImpl.java:271)
	at org.hibernate.service.internal.AbstractServiceRegistryImpl.initializeService(AbstractServiceRegistryImpl.java:233)
	at org.hibernate.service.internal.AbstractServiceRegistryImpl.getService(AbstractServiceRegistryImpl.java:210)
	at org.hibernate.engine.jdbc.internal.JdbcServicesImpl.configure(JdbcServicesImpl.java:51)
	at org.hibernate.boot.registry.internal.StandardServiceRegistryImpl.configureService(StandardServiceRegistryImpl.java:94)
	at org.hibernate.service.internal.AbstractServiceRegistryImpl.initializeService(AbstractServiceRegistryImpl.java:242)
	at org.hibernate.service.internal.AbstractServiceRegistryImpl.getService(AbstractServiceRegistryImpl.java:210)
	at org.hibernate.boot.model.process.spi.MetadataBuildingProcess.handleTypes(MetadataBuildingProcess.java:352)
	at org.hibernate.boot.model.process.spi.MetadataBuildingProcess.complete(MetadataBuildingProcess.java:111)
	at org.hibernate.jpa.boot.internal.EntityManagerFactoryBuilderImpl.metadata(EntityManagerFactoryBuilderImpl.java:861)
	at org.hibernate.jpa.boot.internal.EntityManagerFactoryBuilderImpl.build(EntityManagerFactoryBuilderImpl.java:888)
	at org.springframework.orm.jpa.vendor.SpringHibernateJpaPersistenceProvider.createContainerEntityManagerFactory(SpringHibernateJpaPersistenceProvider.java:57)
	at org.springframework.orm.jpa.LocalContainerEntityManagerFactoryBean.createNativeEntityManagerFactory(LocalContainerEntityManagerFactoryBean.java:365)
	at org.springframework.orm.jpa.AbstractEntityManagerFactoryBean.buildNativeEntityManagerFactory(AbstractEntityManagerFactoryBean.java:390)
	at org.springframework.orm.jpa.AbstractEntityManagerFactoryBean.afterPropertiesSet(AbstractEntityManagerFactoryBean.java:377)
	at org.springframework.orm.jpa.LocalContainerEntityManagerFactoryBean.afterPropertiesSet(LocalContainerEntityManagerFactoryBean.java:341)
	at org.springframework.beans.factory.support.AbstractAutowireCapableBeanFactory.invokeInitMethods(AbstractAutowireCapableBeanFactory.java:1753)
	at org.springframework.beans.factory.support.AbstractAutowireCapableBeanFactory.initializeBean(AbstractAutowireCapableBeanFactory.java:1690)
	... 16 common frames omitted
Caused by: org.hibernate.HibernateException: Access to DialectResolutionInfo cannot be null when 'hibernate.dialect' not set
	at org.hibernate.engine.jdbc.dialect.internal.DialectFactoryImpl.determineDialect(DialectFactoryImpl.java:100)
	at org.hibernate.engine.jdbc.dialect.internal.DialectFactoryImpl.buildDialect(DialectFactoryImpl.java:54)
	at org.hibernate.engine.jdbc.env.internal.JdbcEnvironmentInitiator.initiateService(JdbcEnvironmentInitiator.java:137)
	at org.hibernate.engine.jdbc.env.internal.JdbcEnvironmentInitiator.initiateService(JdbcEnvironmentInitiator.java:35)
	at org.hibernate.boot.registry.internal.StandardServiceRegistryImpl.initiateService(StandardServiceRegistryImpl.java:88)
	at org.hibernate.service.internal.AbstractServiceRegistryImpl.createService(AbstractServiceRegistryImpl.java:259)
	... 33 common frames omitted
2025-07-01 19:06:04,048 INFO org.springframework.boot.StartupInfoLogger [main] Starting Application on DESKTOP-E21LGMU with PID 12660 (started by Dell in C:\Rithy\Responsibility 2025\Self Development\Pesith Java\project_structure)
2025-07-01 19:06:04,058 INFO org.springframework.boot.SpringApplication [main] No active profile set, falling back to default profiles: default
2025-07-01 19:06:04,156 INFO org.springframework.context.support.AbstractApplicationContext [main] Refreshing org.springframework.boot.web.servlet.context.AnnotationConfigServletWebServerApplicationContext@70f02c32: startup date [Tue Jul 01 19:06:04 ICT 2025]; root of context hierarchy
2025-07-01 19:06:06,936 WARN org.mybatis.logging.Logger [main] Skipping MapperFactoryBean with name 'activityLogMapper' and 'com.ut.utAttendance.mapper.primary.ActivityLogMapper' mapperInterface. Bean already defined with the same name!
2025-07-01 19:06:06,937 WARN org.mybatis.logging.Logger [main] Skipping MapperFactoryBean with name 'authMapper' and 'com.ut.utAttendance.mapper.primary.AuthMapper' mapperInterface. Bean already defined with the same name!
2025-07-01 19:06:06,937 WARN org.mybatis.logging.Logger [main] Skipping MapperFactoryBean with name 'calDateMapper' and 'com.ut.utAttendance.mapper.primary.CalDateMapper' mapperInterface. Bean already defined with the same name!
2025-07-01 19:06:06,938 WARN org.mybatis.logging.Logger [main] Skipping MapperFactoryBean with name 'moduleMapper' and 'com.ut.utAttendance.mapper.primary.ModuleMapper' mapperInterface. Bean already defined with the same name!
2025-07-01 19:06:06,938 WARN org.mybatis.logging.Logger [main] Skipping MapperFactoryBean with name 'moduleTypeMapper' and 'com.ut.utAttendance.mapper.primary.ModuleTypeMapper' mapperInterface. Bean already defined with the same name!
2025-07-01 19:06:06,939 WARN org.mybatis.logging.Logger [main] Skipping MapperFactoryBean with name 'permissionMapper' and 'com.ut.utAttendance.mapper.primary.PermissionMapper' mapperInterface. Bean already defined with the same name!
2025-07-01 19:06:06,940 WARN org.mybatis.logging.Logger [main] Skipping MapperFactoryBean with name 'roleMapper' and 'com.ut.utAttendance.mapper.primary.RoleMapper' mapperInterface. Bean already defined with the same name!
2025-07-01 19:06:06,940 WARN org.mybatis.logging.Logger [main] Skipping MapperFactoryBean with name 'userMapper' and 'com.ut.utAttendance.mapper.primary.UserMapper' mapperInterface. Bean already defined with the same name!
2025-07-01 19:06:06,941 WARN org.mybatis.logging.Logger [main] No MyBatis mapper was found in '[com.ut.utAttendance.mapper.primary]' package. Please check your configuration.
2025-07-01 19:06:07,700 INFO org.springframework.context.support.PostProcessorRegistrationDelegate$BeanPostProcessorChecker [main] Bean 'org.springframework.transaction.annotation.ProxyTransactionManagementConfiguration' of type [org.springframework.transaction.annotation.ProxyTransactionManagementConfiguration$$EnhancerBySpringCGLIB$$d45f0827] is not eligible for getting processed by all BeanPostProcessors (for example: not eligible for auto-proxying)
2025-07-01 19:06:08,232 INFO org.springframework.boot.web.embedded.tomcat.TomcatWebServer [main] Tomcat initialized with port(s): 8097 (http)
2025-07-01 19:06:08,250 INFO org.apache.juli.logging.DirectJDKLog [main] Initializing ProtocolHandler ["http-nio-8097"]
2025-07-01 19:06:08,262 INFO org.apache.juli.logging.DirectJDKLog [main] Starting service [Tomcat]
2025-07-01 19:06:08,263 INFO org.apache.juli.logging.DirectJDKLog [main] Starting Servlet Engine: Apache Tomcat/8.5.34
2025-07-01 19:06:08,271 INFO org.apache.juli.logging.DirectJDKLog [localhost-startStop-1] The APR based Apache Tomcat Native library which allows optimal performance in production environments was not found on the java.library.path: [C:\Users\Dell\.jdks\ms-11.0.27\bin;C:\Windows\Sun\Java\bin;C:\Windows\system32;C:\Windows;C:\Windows\system32;C:\Windows;C:\Windows\System32\Wbem;C:\Windows\System32\WindowsPowerShell\v1.0\;C:\Windows\System32\OpenSSH\;C:\Rithy\Software\apache-maven-3.8.1\apache-maven-3.8.1\bin;C:\Rithy\Software\jdk-21_windows-x64_bin\jdk-21.0.4\bin;C:\Program Files\FireDaemon OpenSSL 3\bin;C:\Program Files\Git\cmd;C:\Program Files (x86)\NetSarang\Xftp 7\;C:\Program Files\Docker\Docker\resources\bin;C:\Users\Dell\AppData\Local\Microsoft\WindowsApps;C:\Users\Dell\AppData\Local\GitHubDesktop\bin;C:\Users\Dell\AppData\Local\Programs\Microsoft VS Code\bin;.]
2025-07-01 19:06:08,473 INFO org.apache.juli.logging.DirectJDKLog [localhost-startStop-1] Initializing Spring embedded WebApplicationContext
2025-07-01 19:06:08,474 INFO org.springframework.boot.web.servlet.context.ServletWebServerApplicationContext [localhost-startStop-1] Root WebApplicationContext: initialization completed in 4318 ms
2025-07-01 19:06:09,556 INFO org.springframework.boot.web.servlet.AbstractFilterRegistrationBean [localhost-startStop-1] Mapping filter: 'characterEncodingFilter' to: [/*]
2025-07-01 19:06:09,557 INFO org.springframework.boot.web.servlet.AbstractFilterRegistrationBean [localhost-startStop-1] Mapping filter: 'webMvcMetricsFilter' to: [/*]
2025-07-01 19:06:09,558 INFO org.springframework.boot.web.servlet.AbstractFilterRegistrationBean [localhost-startStop-1] Mapping filter: 'hiddenHttpMethodFilter' to: [/*]
2025-07-01 19:06:09,558 INFO org.springframework.boot.web.servlet.AbstractFilterRegistrationBean [localhost-startStop-1] Mapping filter: 'httpPutFormContentFilter' to: [/*]
2025-07-01 19:06:09,559 INFO org.springframework.boot.web.servlet.AbstractFilterRegistrationBean [localhost-startStop-1] Mapping filter: 'requestContextFilter' to: [/*]
2025-07-01 19:06:09,560 INFO org.springframework.boot.web.servlet.AbstractFilterRegistrationBean [localhost-startStop-1] Mapping filter: 'springSecurityFilterChain' to: [/*]
2025-07-01 19:06:09,560 INFO org.springframework.boot.web.servlet.AbstractFilterRegistrationBean [localhost-startStop-1] Mapping filter: 'httpTraceFilter' to: [/*]
2025-07-01 19:06:09,560 INFO org.springframework.boot.web.servlet.AbstractFilterRegistrationBean [localhost-startStop-1] Mapping filter: 'corsFilter' to: [/*]
2025-07-01 19:06:09,561 INFO org.springframework.boot.web.servlet.ServletRegistrationBean [localhost-startStop-1] Servlet dispatcherServlet mapped to [/]
2025-07-01 19:06:09,669 INFO com.zaxxer.hikari.HikariDataSource [main] HikariPool-1 - Starting...
2025-07-01 19:06:09,674 WARN com.zaxxer.hikari.util.DriverDataSource [main] Registered driver with driverClassName=com.mysql.jdbc.Driver was not found, trying direct instantiation.
2025-07-01 19:06:10,192 INFO com.zaxxer.hikari.HikariDataSource [main] HikariPool-1 - Start completed.
2025-07-01 19:06:10,260 INFO org.springframework.orm.jpa.LocalContainerEntityManagerFactoryBean [main] Building JPA container EntityManagerFactory for persistence unit 'default'
2025-07-01 19:06:10,276 INFO org.hibernate.jpa.internal.util.LogHelper [main] HHH000204: Processing PersistenceUnitInfo [
	name: default
	...]
2025-07-01 19:06:10,391 INFO org.hibernate.Version [main] HHH000412: Hibernate Core {5.2.17.Final}
2025-07-01 19:06:10,393 INFO org.hibernate.cfg.Environment [main] HHH000206: hibernate.properties not found
2025-07-01 19:06:10,490 INFO org.hibernate.annotations.common.reflection.java.JavaReflectionManager [main] HCANN000001: Hibernate Commons Annotations {5.0.1.Final}
2025-07-01 19:06:10,746 INFO org.hibernate.dialect.Dialect [main] HHH000400: Using dialect: org.hibernate.dialect.MySQL5Dialect
2025-07-01 19:06:11,182 INFO org.springframework.orm.jpa.AbstractEntityManagerFactoryBean [main] Initialized JPA EntityManagerFactory for persistence unit 'default'
2025-07-01 19:06:12,858 INFO org.springframework.web.servlet.handler.AbstractHandlerMethodMapping$MappingRegistry [main] Mapped "{[/oauth/authorize]}" onto public org.springframework.web.servlet.ModelAndView org.springframework.security.oauth2.provider.endpoint.AuthorizationEndpoint.authorize(java.util.Map<java.lang.String, java.lang.Object>,java.util.Map<java.lang.String, java.lang.String>,org.springframework.web.bind.support.SessionStatus,java.security.Principal)
2025-07-01 19:06:12,860 INFO org.springframework.web.servlet.handler.AbstractHandlerMethodMapping$MappingRegistry [main] Mapped "{[/oauth/authorize],methods=[POST],params=[user_oauth_approval]}" onto public org.springframework.web.servlet.View org.springframework.security.oauth2.provider.endpoint.AuthorizationEndpoint.approveOrDeny(java.util.Map<java.lang.String, java.lang.String>,java.util.Map<java.lang.String, ?>,org.springframework.web.bind.support.SessionStatus,java.security.Principal)
2025-07-01 19:06:12,862 INFO org.springframework.web.servlet.handler.AbstractHandlerMethodMapping$MappingRegistry [main] Mapped "{[/oauth/token],methods=[GET]}" onto public org.springframework.http.ResponseEntity<org.springframework.security.oauth2.common.OAuth2AccessToken> org.springframework.security.oauth2.provider.endpoint.TokenEndpoint.getAccessToken(java.security.Principal,java.util.Map<java.lang.String, java.lang.String>) throws org.springframework.web.HttpRequestMethodNotSupportedException
2025-07-01 19:06:12,863 INFO org.springframework.web.servlet.handler.AbstractHandlerMethodMapping$MappingRegistry [main] Mapped "{[/oauth/token],methods=[POST]}" onto public org.springframework.http.ResponseEntity<org.springframework.security.oauth2.common.OAuth2AccessToken> org.springframework.security.oauth2.provider.endpoint.TokenEndpoint.postAccessToken(java.security.Principal,java.util.Map<java.lang.String, java.lang.String>) throws org.springframework.web.HttpRequestMethodNotSupportedException
2025-07-01 19:06:12,866 INFO org.springframework.web.servlet.handler.AbstractHandlerMethodMapping$MappingRegistry [main] Mapped "{[/oauth/check_token]}" onto public java.util.Map<java.lang.String, ?> org.springframework.security.oauth2.provider.endpoint.CheckTokenEndpoint.checkToken(java.lang.String)
2025-07-01 19:06:12,871 INFO org.springframework.web.servlet.handler.AbstractHandlerMethodMapping$MappingRegistry [main] Mapped "{[/oauth/confirm_access]}" onto public org.springframework.web.servlet.ModelAndView org.springframework.security.oauth2.provider.endpoint.WhitelabelApprovalEndpoint.getAccessConfirmation(java.util.Map<java.lang.String, java.lang.Object>,javax.servlet.http.HttpServletRequest) throws java.lang.Exception
2025-07-01 19:06:12,875 INFO org.springframework.web.servlet.handler.AbstractHandlerMethodMapping$MappingRegistry [main] Mapped "{[/oauth/error]}" onto public org.springframework.web.servlet.ModelAndView org.springframework.security.oauth2.provider.endpoint.WhitelabelErrorEndpoint.handleError(javax.servlet.http.HttpServletRequest)
2025-07-01 19:06:12,902 WARN org.springframework.boot.autoconfigure.orm.jpa.JpaBaseConfiguration$JpaWebConfiguration$JpaWebMvcConfiguration [main] spring.jpa.open-in-view is enabled by default. Therefore, database queries may be performed during view rendering. Explicitly configure spring.jpa.open-in-view to disable this warning
2025-07-01 19:06:12,971 INFO org.springframework.web.servlet.handler.AbstractHandlerMethodMapping$MappingRegistry [main] Mapped "{[/system-activity/find/{id}],methods=[POST]}" onto public com.ut.utAttendance.model.base.ResponseMessage<com.ut.utAttendance.model.base.BaseResult> com.ut.utAttendance.controller.ActivityController.findById(java.lang.Long,javax.servlet.http.HttpServletRequest) throws java.net.UnknownHostException
2025-07-01 19:06:12,972 INFO org.springframework.web.servlet.handler.AbstractHandlerMethodMapping$MappingRegistry [main] Mapped "{[/system-activity/list],methods=[POST]}" onto public com.ut.utAttendance.model.base.ResponseMessage<com.ut.utAttendance.model.base.BaseResult> com.ut.utAttendance.controller.ActivityController.getList(com.ut.utAttendance.model.filter.ActivityFilter,javax.servlet.http.HttpServletRequest) throws java.net.UnknownHostException
2025-07-01 19:06:12,975 INFO org.springframework.web.servlet.handler.AbstractHandlerMethodMapping$MappingRegistry [main] Mapped "{[/auth/checkToken],methods=[POST]}" onto public com.ut.utAttendance.model.base.ResponseMessage<java.lang.String> com.ut.utAttendance.controller.AuthController.checkToken()
2025-07-01 19:06:12,975 INFO org.springframework.web.servlet.handler.AbstractHandlerMethodMapping$MappingRegistry [main] Mapped "{[/auth/login-with-refresh-token],methods=[POST]}" onto public com.ut.utAttendance.model.base.ResponseMessage<com.ut.utAttendance.model.base.OauthToken> com.ut.utAttendance.controller.AuthController.loginWithRefreshToken(java.lang.String,java.lang.String,javax.servlet.http.HttpServletRequest) throws java.net.UnknownHostException
2025-07-01 19:06:12,976 INFO org.springframework.web.servlet.handler.AbstractHandlerMethodMapping$MappingRegistry [main] Mapped "{[/auth/logout],methods=[POST]}" onto public com.ut.utAttendance.model.base.ResponseMessage<java.lang.String> com.ut.utAttendance.controller.AuthController.loginWithRefreshToken(java.lang.String)
2025-07-01 19:06:12,977 INFO org.springframework.web.servlet.handler.AbstractHandlerMethodMapping$MappingRegistry [main] Mapped "{[/auth/login],methods=[POST],consumes=[application/json]}" onto public com.ut.utAttendance.model.base.ResponseMessage<com.ut.utAttendance.model.base.OauthToken> com.ut.utAttendance.controller.AuthController.login(com.ut.utAttendance.model.request.LoginRequest,javax.servlet.http.HttpServletRequest) throws java.io.IOException
2025-07-01 19:06:12,982 INFO org.springframework.web.servlet.handler.AbstractHandlerMethodMapping$MappingRegistry [main] Mapped "{[/role/add],methods=[POST],consumes=[application/json]}" onto public com.ut.utAttendance.model.base.ResponseMessage<com.ut.utAttendance.model.base.BaseResult> com.ut.utAttendance.controller.RoleController.add(com.ut.utAttendance.model.RoleData,org.springframework.validation.BindingResult,javax.servlet.http.HttpServletRequest) throws java.net.UnknownHostException
2025-07-01 19:06:12,983 INFO org.springframework.web.servlet.handler.AbstractHandlerMethodMapping$MappingRegistry [main] Mapped "{[/role/update],methods=[POST],consumes=[application/json]}" onto public com.ut.utAttendance.model.base.ResponseMessage<com.ut.utAttendance.model.base.BaseResult> com.ut.utAttendance.controller.RoleController.update(com.ut.utAttendance.model.RoleDataUpdate,org.springframework.validation.BindingResult,javax.servlet.http.HttpServletRequest) throws java.net.UnknownHostException
2025-07-01 19:06:12,984 INFO org.springframework.web.servlet.handler.AbstractHandlerMethodMapping$MappingRegistry [main] Mapped "{[/role/list],methods=[POST]}" onto public com.ut.utAttendance.model.base.ResponseMessage<com.ut.utAttendance.model.base.BaseResult> com.ut.utAttendance.controller.RoleController.list(com.ut.utAttendance.model.base.Filter,javax.servlet.http.HttpServletRequest) throws java.net.UnknownHostException
2025-07-01 19:06:12,985 INFO org.springframework.web.servlet.handler.AbstractHandlerMethodMapping$MappingRegistry [main] Mapped "{[/role/delete/{id}],methods=[POST]}" onto public com.ut.utAttendance.model.base.ResponseMessage<com.ut.utAttendance.model.base.BaseResult> com.ut.utAttendance.controller.RoleController.delete(java.lang.Long,javax.servlet.http.HttpServletRequest) throws java.net.UnknownHostException
2025-07-01 19:06:12,986 INFO org.springframework.web.servlet.handler.AbstractHandlerMethodMapping$MappingRegistry [main] Mapped "{[/role/find/{id}],methods=[POST]}" onto public com.ut.utAttendance.model.base.ResponseMessage<com.ut.utAttendance.model.base.BaseResult> com.ut.utAttendance.controller.RoleController.findById(java.lang.Long,javax.servlet.http.HttpServletRequest) throws java.net.UnknownHostException
2025-07-01 19:06:12,987 INFO org.springframework.web.servlet.handler.AbstractHandlerMethodMapping$MappingRegistry [main] Mapped "{[/role/menu],methods=[POST]}" onto public com.ut.utAttendance.model.base.ResponseMessage<com.ut.utAttendance.model.base.BaseResult> com.ut.utAttendance.controller.RoleController.menu(javax.servlet.http.HttpServletRequest) throws java.net.UnknownHostException
2025-07-01 19:06:12,991 INFO org.springframework.web.servlet.handler.AbstractHandlerMethodMapping$MappingRegistry [main] Mapped "{[/user/add],methods=[POST],consumes=[multipart/form-data]}" onto public com.ut.utAttendance.model.base.ResponseMessage<com.ut.utAttendance.model.base.BaseResult> com.ut.utAttendance.controller.UserController.add(com.ut.utAttendance.model.Users.User,org.springframework.validation.BindingResult,org.springframework.web.multipart.MultipartFile,javax.servlet.http.HttpServletRequest) throws java.net.UnknownHostException
2025-07-01 19:06:12,992 INFO org.springframework.web.servlet.handler.AbstractHandlerMethodMapping$MappingRegistry [main] Mapped "{[/user/update],methods=[POST],consumes=[multipart/form-data]}" onto public com.ut.utAttendance.model.base.ResponseMessage<com.ut.utAttendance.model.base.BaseResult> com.ut.utAttendance.controller.UserController.update(com.ut.utAttendance.model.Users.User,org.springframework.validation.BindingResult,org.springframework.web.multipart.MultipartFile,javax.servlet.http.HttpServletRequest) throws java.net.UnknownHostException
2025-07-01 19:06:12,992 INFO org.springframework.web.servlet.handler.AbstractHandlerMethodMapping$MappingRegistry [main] Mapped "{[/user/list],methods=[POST]}" onto public com.ut.utAttendance.model.base.ResponseMessage<com.ut.utAttendance.model.base.BaseResult> com.ut.utAttendance.controller.UserController.list(com.ut.utAttendance.model.Users.UserFilter,javax.servlet.http.HttpServletRequest) throws java.net.UnknownHostException
2025-07-01 19:06:12,993 INFO org.springframework.web.servlet.handler.AbstractHandlerMethodMapping$MappingRegistry [main] Mapped "{[/user/delete/{id}],methods=[POST]}" onto public com.ut.utAttendance.model.base.ResponseMessage<java.lang.String> com.ut.utAttendance.controller.UserController.delete(java.lang.Long,javax.servlet.http.HttpServletRequest) throws java.net.UnknownHostException
2025-07-01 19:06:12,994 INFO org.springframework.web.servlet.handler.AbstractHandlerMethodMapping$MappingRegistry [main] Mapped "{[/user/me],methods=[POST]}" onto public com.ut.utAttendance.model.base.ResponseMessage<com.ut.utAttendance.model.response.UserResponse> com.ut.utAttendance.controller.UserController.me(javax.servlet.http.HttpServletRequest) throws java.net.UnknownHostException
2025-07-01 19:06:12,995 INFO org.springframework.web.servlet.handler.AbstractHandlerMethodMapping$MappingRegistry [main] Mapped "{[/user/find/{id}],methods=[POST]}" onto public com.ut.utAttendance.model.base.ResponseMessage<com.ut.utAttendance.model.base.BaseResult> com.ut.utAttendance.controller.UserController.findById(java.lang.Long,javax.servlet.http.HttpServletRequest) throws java.net.UnknownHostException
2025-07-01 19:06:12,996 INFO org.springframework.web.servlet.handler.AbstractHandlerMethodMapping$MappingRegistry [main] Mapped "{[/user/change-password],methods=[POST],consumes=[multipart/form-data]}" onto public com.ut.utAttendance.model.base.ResponseMessage<java.lang.String> com.ut.utAttendance.controller.UserController.changePassword(java.lang.String,java.lang.String,javax.servlet.http.HttpServletRequest) throws java.net.UnknownHostException
2025-07-01 19:06:12,996 INFO org.springframework.web.servlet.handler.AbstractHandlerMethodMapping$MappingRegistry [main] Mapped "{[/user/edit-profile],methods=[POST],consumes=[multipart/form-data]}" onto public com.ut.utAttendance.model.base.ResponseMessage<com.ut.utAttendance.model.base.BaseResult> com.ut.utAttendance.controller.UserController.updateUser(com.ut.utAttendance.model.Users.User,javax.servlet.http.HttpServletRequest) throws java.net.UnknownHostException
2025-07-01 19:06:12,998 INFO org.springframework.web.servlet.handler.AbstractHandlerMethodMapping$MappingRegistry [main] Mapped "{[/push-server/dev/send],methods=[POST]}" onto public com.ut.utAttendance.model.base.ResponseMessage<java.lang.String> com.ut.utAttendance.notification.PushController.publicPushServerDevSend(com.ut.utAttendance.model.notification.PushMessage) throws java.io.IOException
2025-07-01 19:06:12,999 INFO org.springframework.web.servlet.handler.AbstractHandlerMethodMapping$MappingRegistry [main] Mapped "{[/push-server/prod/send],methods=[POST]}" onto public com.ut.utAttendance.model.base.ResponseMessage<java.lang.String> com.ut.utAttendance.notification.PushController.publicPushServerProdSend(com.ut.utAttendance.model.notification.PushMessage) throws java.io.IOException
2025-07-01 19:06:13,002 INFO org.springframework.web.servlet.handler.AbstractHandlerMethodMapping$MappingRegistry [main] Mapped "{[/swagger-resources/configuration/security]}" onto public org.springframework.http.ResponseEntity<springfox.documentation.swagger.web.SecurityConfiguration> springfox.documentation.swagger.web.ApiResourceController.securityConfiguration()
2025-07-01 19:06:13,004 INFO org.springframework.web.servlet.handler.AbstractHandlerMethodMapping$MappingRegistry [main] Mapped "{[/swagger-resources]}" onto public org.springframework.http.ResponseEntity<java.util.List<springfox.documentation.swagger.web.SwaggerResource>> springfox.documentation.swagger.web.ApiResourceController.swaggerResources()
2025-07-01 19:06:13,005 INFO org.springframework.web.servlet.handler.AbstractHandlerMethodMapping$MappingRegistry [main] Mapped "{[/swagger-resources/configuration/ui]}" onto public org.springframework.http.ResponseEntity<springfox.documentation.swagger.web.UiConfiguration> springfox.documentation.swagger.web.ApiResourceController.uiConfiguration()
2025-07-01 19:06:13,008 INFO org.springframework.web.servlet.handler.AbstractHandlerMethodMapping$MappingRegistry [main] Mapped "{[/error]}" onto public org.springframework.http.ResponseEntity<java.util.Map<java.lang.String, java.lang.Object>> org.springframework.boot.autoconfigure.web.servlet.error.BasicErrorController.error(javax.servlet.http.HttpServletRequest)
2025-07-01 19:06:13,009 INFO org.springframework.web.servlet.handler.AbstractHandlerMethodMapping$MappingRegistry [main] Mapped "{[/error],produces=[text/html]}" onto public org.springframework.web.servlet.ModelAndView org.springframework.boot.autoconfigure.web.servlet.error.BasicErrorController.errorHtml(javax.servlet.http.HttpServletRequest,javax.servlet.http.HttpServletResponse)
2025-07-01 19:06:13,158 INFO org.springframework.boot.actuate.endpoint.web.EndpointLinksResolver [main] Exposing 15 endpoint(s) beneath base path '/actuator'
2025-07-01 19:06:13,181 INFO org.springframework.web.servlet.handler.AbstractHandlerMethodMapping$MappingRegistry [main] Mapped "{[/actuator/auditevents],methods=[GET],produces=[application/vnd.spring-boot.actuator.v2+json || application/json]}" onto public java.lang.Object org.springframework.boot.actuate.endpoint.web.servlet.AbstractWebMvcEndpointHandlerMapping$OperationHandler.handle(javax.servlet.http.HttpServletRequest,java.util.Map<java.lang.String, java.lang.String>)
2025-07-01 19:06:13,185 INFO org.springframework.web.servlet.handler.AbstractHandlerMethodMapping$MappingRegistry [main] Mapped "{[/actuator/beans],methods=[GET],produces=[application/vnd.spring-boot.actuator.v2+json || application/json]}" onto public java.lang.Object org.springframework.boot.actuate.endpoint.web.servlet.AbstractWebMvcEndpointHandlerMapping$OperationHandler.handle(javax.servlet.http.HttpServletRequest,java.util.Map<java.lang.String, java.lang.String>)
2025-07-01 19:06:13,186 INFO org.springframework.web.servlet.handler.AbstractHandlerMethodMapping$MappingRegistry [main] Mapped "{[/actuator/health],methods=[GET],produces=[application/vnd.spring-boot.actuator.v2+json || application/json]}" onto public java.lang.Object org.springframework.boot.actuate.endpoint.web.servlet.AbstractWebMvcEndpointHandlerMapping$OperationHandler.handle(javax.servlet.http.HttpServletRequest,java.util.Map<java.lang.String, java.lang.String>)
2025-07-01 19:06:13,187 INFO org.springframework.web.servlet.handler.AbstractHandlerMethodMapping$MappingRegistry [main] Mapped "{[/actuator/conditions],methods=[GET],produces=[application/vnd.spring-boot.actuator.v2+json || application/json]}" onto public java.lang.Object org.springframework.boot.actuate.endpoint.web.servlet.AbstractWebMvcEndpointHandlerMapping$OperationHandler.handle(javax.servlet.http.HttpServletRequest,java.util.Map<java.lang.String, java.lang.String>)
2025-07-01 19:06:13,188 INFO org.springframework.web.servlet.handler.AbstractHandlerMethodMapping$MappingRegistry [main] Mapped "{[/actuator/configprops],methods=[GET],produces=[application/vnd.spring-boot.actuator.v2+json || application/json]}" onto public java.lang.Object org.springframework.boot.actuate.endpoint.web.servlet.AbstractWebMvcEndpointHandlerMapping$OperationHandler.handle(javax.servlet.http.HttpServletRequest,java.util.Map<java.lang.String, java.lang.String>)
2025-07-01 19:06:13,189 INFO org.springframework.web.servlet.handler.AbstractHandlerMethodMapping$MappingRegistry [main] Mapped "{[/actuator/env],methods=[GET],produces=[application/vnd.spring-boot.actuator.v2+json || application/json]}" onto public java.lang.Object org.springframework.boot.actuate.endpoint.web.servlet.AbstractWebMvcEndpointHandlerMapping$OperationHandler.handle(javax.servlet.http.HttpServletRequest,java.util.Map<java.lang.String, java.lang.String>)
2025-07-01 19:06:13,189 INFO org.springframework.web.servlet.handler.AbstractHandlerMethodMapping$MappingRegistry [main] Mapped "{[/actuator/env/{toMatch}],methods=[GET],produces=[application/vnd.spring-boot.actuator.v2+json || application/json]}" onto public java.lang.Object org.springframework.boot.actuate.endpoint.web.servlet.AbstractWebMvcEndpointHandlerMapping$OperationHandler.handle(javax.servlet.http.HttpServletRequest,java.util.Map<java.lang.String, java.lang.String>)
2025-07-01 19:06:13,190 INFO org.springframework.web.servlet.handler.AbstractHandlerMethodMapping$MappingRegistry [main] Mapped "{[/actuator/info],methods=[GET],produces=[application/vnd.spring-boot.actuator.v2+json || application/json]}" onto public java.lang.Object org.springframework.boot.actuate.endpoint.web.servlet.AbstractWebMvcEndpointHandlerMapping$OperationHandler.handle(javax.servlet.http.HttpServletRequest,java.util.Map<java.lang.String, java.lang.String>)
2025-07-01 19:06:13,191 INFO org.springframework.web.servlet.handler.AbstractHandlerMethodMapping$MappingRegistry [main] Mapped "{[/actuator/loggers],methods=[GET],produces=[application/vnd.spring-boot.actuator.v2+json || application/json]}" onto public java.lang.Object org.springframework.boot.actuate.endpoint.web.servlet.AbstractWebMvcEndpointHandlerMapping$OperationHandler.handle(javax.servlet.http.HttpServletRequest,java.util.Map<java.lang.String, java.lang.String>)
2025-07-01 19:06:13,192 INFO org.springframework.web.servlet.handler.AbstractHandlerMethodMapping$MappingRegistry [main] Mapped "{[/actuator/loggers/{name}],methods=[GET],produces=[application/vnd.spring-boot.actuator.v2+json || application/json]}" onto public java.lang.Object org.springframework.boot.actuate.endpoint.web.servlet.AbstractWebMvcEndpointHandlerMapping$OperationHandler.handle(javax.servlet.http.HttpServletRequest,java.util.Map<java.lang.String, java.lang.String>)
2025-07-01 19:06:13,192 INFO org.springframework.web.servlet.handler.AbstractHandlerMethodMapping$MappingRegistry [main] Mapped "{[/actuator/loggers/{name}],methods=[POST],consumes=[application/vnd.spring-boot.actuator.v2+json || application/json]}" onto public java.lang.Object org.springframework.boot.actuate.endpoint.web.servlet.AbstractWebMvcEndpointHandlerMapping$OperationHandler.handle(javax.servlet.http.HttpServletRequest,java.util.Map<java.lang.String, java.lang.String>)
2025-07-01 19:06:13,193 INFO org.springframework.web.servlet.handler.AbstractHandlerMethodMapping$MappingRegistry [main] Mapped "{[/actuator/heapdump],methods=[GET],produces=[application/octet-stream]}" onto public java.lang.Object org.springframework.boot.actuate.endpoint.web.servlet.AbstractWebMvcEndpointHandlerMapping$OperationHandler.handle(javax.servlet.http.HttpServletRequest,java.util.Map<java.lang.String, java.lang.String>)
2025-07-01 19:06:13,194 INFO org.springframework.web.servlet.handler.AbstractHandlerMethodMapping$MappingRegistry [main] Mapped "{[/actuator/threaddump],methods=[GET],produces=[application/vnd.spring-boot.actuator.v2+json || application/json]}" onto public java.lang.Object org.springframework.boot.actuate.endpoint.web.servlet.AbstractWebMvcEndpointHandlerMapping$OperationHandler.handle(javax.servlet.http.HttpServletRequest,java.util.Map<java.lang.String, java.lang.String>)
2025-07-01 19:06:13,195 INFO org.springframework.web.servlet.handler.AbstractHandlerMethodMapping$MappingRegistry [main] Mapped "{[/actuator/prometheus],methods=[GET],produces=[text/plain;version=0.0.4;charset=utf-8]}" onto public java.lang.Object org.springframework.boot.actuate.endpoint.web.servlet.AbstractWebMvcEndpointHandlerMapping$OperationHandler.handle(javax.servlet.http.HttpServletRequest,java.util.Map<java.lang.String, java.lang.String>)
2025-07-01 19:06:13,196 INFO org.springframework.web.servlet.handler.AbstractHandlerMethodMapping$MappingRegistry [main] Mapped "{[/actuator/metrics],methods=[GET],produces=[application/vnd.spring-boot.actuator.v2+json || application/json]}" onto public java.lang.Object org.springframework.boot.actuate.endpoint.web.servlet.AbstractWebMvcEndpointHandlerMapping$OperationHandler.handle(javax.servlet.http.HttpServletRequest,java.util.Map<java.lang.String, java.lang.String>)
2025-07-01 19:06:13,196 INFO org.springframework.web.servlet.handler.AbstractHandlerMethodMapping$MappingRegistry [main] Mapped "{[/actuator/metrics/{requiredMetricName}],methods=[GET],produces=[application/vnd.spring-boot.actuator.v2+json || application/json]}" onto public java.lang.Object org.springframework.boot.actuate.endpoint.web.servlet.AbstractWebMvcEndpointHandlerMapping$OperationHandler.handle(javax.servlet.http.HttpServletRequest,java.util.Map<java.lang.String, java.lang.String>)
2025-07-01 19:06:13,197 INFO org.springframework.web.servlet.handler.AbstractHandlerMethodMapping$MappingRegistry [main] Mapped "{[/actuator/scheduledtasks],methods=[GET],produces=[application/vnd.spring-boot.actuator.v2+json || application/json]}" onto public java.lang.Object org.springframework.boot.actuate.endpoint.web.servlet.AbstractWebMvcEndpointHandlerMapping$OperationHandler.handle(javax.servlet.http.HttpServletRequest,java.util.Map<java.lang.String, java.lang.String>)
2025-07-01 19:06:13,200 INFO org.springframework.web.servlet.handler.AbstractHandlerMethodMapping$MappingRegistry [main] Mapped "{[/actuator/httptrace],methods=[GET],produces=[application/vnd.spring-boot.actuator.v2+json || application/json]}" onto public java.lang.Object org.springframework.boot.actuate.endpoint.web.servlet.AbstractWebMvcEndpointHandlerMapping$OperationHandler.handle(javax.servlet.http.HttpServletRequest,java.util.Map<java.lang.String, java.lang.String>)
2025-07-01 19:06:13,201 INFO org.springframework.web.servlet.handler.AbstractHandlerMethodMapping$MappingRegistry [main] Mapped "{[/actuator/mappings],methods=[GET],produces=[application/vnd.spring-boot.actuator.v2+json || application/json]}" onto public java.lang.Object org.springframework.boot.actuate.endpoint.web.servlet.AbstractWebMvcEndpointHandlerMapping$OperationHandler.handle(javax.servlet.http.HttpServletRequest,java.util.Map<java.lang.String, java.lang.String>)
2025-07-01 19:06:13,202 INFO org.springframework.web.servlet.handler.AbstractHandlerMethodMapping$MappingRegistry [main] Mapped "{[/actuator],methods=[GET],produces=[application/vnd.spring-boot.actuator.v2+json || application/json]}" onto protected java.util.Map<java.lang.String, java.util.Map<java.lang.String, org.springframework.boot.actuate.endpoint.web.Link>> org.springframework.boot.actuate.endpoint.web.servlet.WebMvcEndpointHandlerMapping.links(javax.servlet.http.HttpServletRequest,javax.servlet.http.HttpServletResponse)
2025-07-01 19:06:13,959 INFO org.springframework.security.web.DefaultSecurityFilterChain [main] Creating filter chain: OrRequestMatcher [requestMatchers=[Ant [pattern='/oauth/token'], Ant [pattern='/oauth/token_key'], Ant [pattern='/oauth/check_token']]], [org.springframework.security.web.context.request.async.WebAsyncManagerIntegrationFilter@32d46229, org.springframework.security.web.context.SecurityContextPersistenceFilter@10abd94f, org.springframework.security.web.header.HeaderWriterFilter@145ef9e8, org.springframework.security.web.authentication.logout.LogoutFilter@46a9c368, org.springframework.security.oauth2.provider.client.ClientCredentialsTokenEndpointFilter@490704a5, org.springframework.security.web.authentication.www.BasicAuthenticationFilter@551725e4, org.springframework.security.web.savedrequest.RequestCacheAwareFilter@20706e70, org.springframework.security.web.servletapi.SecurityContextHolderAwareRequestFilter@45494046, org.springframework.security.web.authentication.AnonymousAuthenticationFilter@35198da3, org.springframework.security.web.session.SessionManagementFilter@514b247b, org.springframework.security.web.access.ExceptionTranslationFilter@52b49891, org.springframework.security.web.access.intercept.FilterSecurityInterceptor@5e94947e]
2025-07-01 19:06:14,005 INFO org.springframework.security.web.DefaultSecurityFilterChain [main] Creating filter chain: org.springframework.security.oauth2.config.annotation.web.configuration.ResourceServerConfiguration$NotOAuthRequestMatcher@3891b430, [com.ut.utAttendance.config.CorsFilter@769f6023, org.springframework.security.web.context.request.async.WebAsyncManagerIntegrationFilter@38a61c81, org.springframework.security.web.context.SecurityContextPersistenceFilter@8942ece, org.springframework.security.web.header.HeaderWriterFilter@7dda5b25, org.springframework.security.web.authentication.logout.LogoutFilter@1390a415, org.springframework.security.oauth2.client.web.OAuth2AuthorizationRequestRedirectFilter@2178d296, org.springframework.security.oauth2.provider.authentication.OAuth2AuthenticationProcessingFilter@1f7b8d59, org.springframework.security.oauth2.client.web.OAuth2LoginAuthenticationFilter@5f1db390, org.springframework.security.web.savedrequest.RequestCacheAwareFilter@3a89226e, org.springframework.security.web.servletapi.SecurityContextHolderAwareRequestFilter@15254569, org.springframework.security.web.session.SessionManagementFilter@3e371088, org.springframework.security.web.access.ExceptionTranslationFilter@6bbb3280, org.springframework.security.web.access.intercept.FilterSecurityInterceptor@21d6dc81]
2025-07-01 19:06:14,007 INFO org.springframework.security.web.DefaultSecurityFilterChain [main] Creating filter chain: org.springframework.security.web.util.matcher.AnyRequestMatcher@1, [org.springframework.security.web.context.request.async.WebAsyncManagerIntegrationFilter@242c4a94, org.springframework.security.web.context.SecurityContextPersistenceFilter@6530a1de, org.springframework.security.web.header.HeaderWriterFilter@3dabdd11, org.springframework.security.web.authentication.logout.LogoutFilter@44723d95, org.springframework.security.web.savedrequest.RequestCacheAwareFilter@20b921be, org.springframework.security.web.servletapi.SecurityContextHolderAwareRequestFilter@431923ed, org.springframework.security.web.session.SessionManagementFilter@587bf2e1, org.springframework.security.web.access.ExceptionTranslationFilter@2c8e096]
2025-07-01 19:06:14,049 INFO springfox.documentation.spring.web.PropertySourcedRequestMappingHandlerMapping [main] Mapped URL path [/v2/api-docs] onto method [public org.springframework.http.ResponseEntity<springfox.documentation.spring.web.json.Json> springfox.documentation.swagger2.web.Swagger2Controller.getDocumentation(java.lang.String,javax.servlet.http.HttpServletRequest)]
2025-07-01 19:06:14,137 INFO org.springframework.web.servlet.handler.AbstractUrlHandlerMapping [main] Mapped URL path [/**/favicon.ico] onto handler of type [class org.springframework.web.servlet.resource.ResourceHttpRequestHandler]
2025-07-01 19:06:14,210 INFO org.springframework.web.servlet.mvc.method.annotation.RequestMappingHandlerAdapter [main] Looking for @ControllerAdvice: org.springframework.boot.web.servlet.context.AnnotationConfigServletWebServerApplicationContext@70f02c32: startup date [Tue Jul 01 19:06:04 ICT 2025]; root of context hierarchy
2025-07-01 19:06:14,272 INFO org.springframework.web.servlet.handler.AbstractUrlHandlerMapping [main] Mapped URL path [/webjars/**] onto handler of type [class org.springframework.web.servlet.resource.ResourceHttpRequestHandler]
2025-07-01 19:06:14,273 INFO org.springframework.web.servlet.handler.AbstractUrlHandlerMapping [main] Mapped URL path [/**] onto handler of type [class org.springframework.web.servlet.resource.ResourceHttpRequestHandler]
2025-07-01 19:06:14,273 INFO org.springframework.web.servlet.handler.AbstractUrlHandlerMapping [main] Mapped URL path [/upload/**] onto handler of type [class org.springframework.web.servlet.resource.ResourceHttpRequestHandler]
2025-07-01 19:06:14,291 INFO org.springframework.web.servlet.mvc.method.annotation.ExceptionHandlerExceptionResolver [main] Detected @ExceptionHandler methods in customResponseEntityExceptionHandler
2025-07-01 19:06:14,855 INFO org.springframework.jmx.export.MBeanExporter [main] Registering beans for JMX exposure on startup
2025-07-01 19:06:14,859 INFO org.springframework.jmx.export.MBeanExporter [main] Bean with name 'primaryDataSource' has been autodetected for JMX exposure
2025-07-01 19:06:14,877 INFO org.springframework.jmx.export.MBeanExporter [main] Located MBean 'primaryDataSource': registering with JMX server as MBean [ut.emr-mobile-api.com:name=primaryDataSource,type=HikariDataSource]
2025-07-01 19:06:14,893 INFO org.springframework.context.support.DefaultLifecycleProcessor$LifecycleGroup [main] Starting beans in phase 2147483647
2025-07-01 19:06:14,895 INFO springfox.documentation.spring.web.plugins.DocumentationPluginsBootstrapper [main] Context refreshed
2025-07-01 19:06:14,920 INFO springfox.documentation.spring.web.plugins.DocumentationPluginsBootstrapper [main] Found 1 custom documentation plugin(s)
2025-07-01 19:06:14,981 INFO springfox.documentation.spring.web.scanners.ApiListingReferenceScanner [main] Scanning for api listing references
2025-07-01 19:06:15,202 INFO springfox.documentation.spring.web.readers.operation.CachingOperationNameGenerator [main] Generating unique operation named: loginWithRefreshTokenUsingPOST_1
2025-07-01 19:06:15,231 INFO springfox.documentation.spring.web.readers.operation.CachingOperationNameGenerator [main] Generating unique operation named: findByIdUsingPOST_1
2025-07-01 19:06:15,255 INFO springfox.documentation.spring.web.readers.operation.CachingOperationNameGenerator [main] Generating unique operation named: addUsingPOST_1
2025-07-01 19:06:15,262 INFO springfox.documentation.spring.web.readers.operation.CachingOperationNameGenerator [main] Generating unique operation named: deleteUsingPOST_1
2025-07-01 19:06:15,264 INFO springfox.documentation.spring.web.readers.operation.CachingOperationNameGenerator [main] Generating unique operation named: findByIdUsingPOST_2
2025-07-01 19:06:15,270 INFO springfox.documentation.spring.web.readers.operation.CachingOperationNameGenerator [main] Generating unique operation named: listUsingPOST_1
2025-07-01 19:06:15,288 INFO springfox.documentation.spring.web.readers.operation.CachingOperationNameGenerator [main] Generating unique operation named: updateUsingPOST_1
2025-07-01 19:06:15,316 INFO org.apache.juli.logging.DirectJDKLog [main] Starting ProtocolHandler ["http-nio-8097"]
2025-07-01 19:06:15,330 INFO org.apache.juli.logging.DirectJDKLog [main] Using a shared selector for servlet write/read
2025-07-01 19:06:15,349 INFO org.springframework.boot.web.embedded.tomcat.TomcatWebServer [main] Tomcat started on port(s): 8097 (http) with context path '/UTAttendanceAPi'
2025-07-01 19:06:15,354 INFO org.springframework.boot.StartupInfoLogger [main] Started Application in 12.088 seconds (JVM running for 14.015)
2025-07-01 19:06:16,660 INFO org.apache.juli.logging.DirectJDKLog [RMI TCP Connection(4)-192.168.8.15] Initializing Spring FrameworkServlet 'dispatcherServlet'
2025-07-01 19:06:16,661 INFO org.springframework.web.servlet.FrameworkServlet [RMI TCP Connection(4)-192.168.8.15] FrameworkServlet 'dispatcherServlet': initialization started
2025-07-01 19:06:16,692 INFO org.springframework.web.servlet.FrameworkServlet [RMI TCP Connection(4)-192.168.8.15] FrameworkServlet 'dispatcherServlet': initialization completed in 30 ms
2025-07-01 19:06:40,684 WARN io.swagger.models.parameters.AbstractSerializableParameter [http-nio-8097-exec-1] Illegal DefaultValue  for parameter type integer
java.lang.NumberFormatException: For input string: ""
	at java.base/java.lang.NumberFormatException.forInputString(NumberFormatException.java:65)
	at java.base/java.lang.Long.parseLong(Long.java:702)
	at java.base/java.lang.Long.valueOf(Long.java:1144)
	at io.swagger.models.parameters.AbstractSerializableParameter.getExample(AbstractSerializableParameter.java:412)
	at java.base/jdk.internal.reflect.NativeMethodAccessorImpl.invoke0(Native Method)
	at java.base/jdk.internal.reflect.NativeMethodAccessorImpl.invoke(NativeMethodAccessorImpl.java:62)
	at java.base/jdk.internal.reflect.DelegatingMethodAccessorImpl.invoke(DelegatingMethodAccessorImpl.java:43)
	at java.base/java.lang.reflect.Method.invoke(Method.java:566)
	at com.fasterxml.jackson.databind.ser.BeanPropertyWriter.serializeAsField(BeanPropertyWriter.java:687)
	at com.fasterxml.jackson.databind.ser.std.BeanSerializerBase.serializeFields(BeanSerializerBase.java:719)
	at com.fasterxml.jackson.databind.ser.BeanSerializer.serialize(BeanSerializer.java:155)
	at com.fasterxml.jackson.databind.ser.impl.IndexedListSerializer.serializeContents(IndexedListSerializer.java:119)
	at com.fasterxml.jackson.databind.ser.impl.IndexedListSerializer.serialize(IndexedListSerializer.java:79)
	at com.fasterxml.jackson.databind.ser.impl.IndexedListSerializer.serialize(IndexedListSerializer.java:18)
	at com.fasterxml.jackson.databind.ser.BeanPropertyWriter.serializeAsField(BeanPropertyWriter.java:727)
	at com.fasterxml.jackson.databind.ser.std.BeanSerializerBase.serializeFields(BeanSerializerBase.java:719)
	at com.fasterxml.jackson.databind.ser.BeanSerializer.serialize(BeanSerializer.java:155)
	at com.fasterxml.jackson.databind.ser.BeanPropertyWriter.serializeAsField(BeanPropertyWriter.java:727)
	at com.fasterxml.jackson.databind.ser.std.BeanSerializerBase.serializeFields(BeanSerializerBase.java:719)
	at com.fasterxml.jackson.databind.ser.BeanSerializer.serialize(BeanSerializer.java:155)
	at com.fasterxml.jackson.databind.ser.std.MapSerializer.serializeFields(MapSerializer.java:718)
	at com.fasterxml.jackson.databind.ser.std.MapSerializer.serialize(MapSerializer.java:639)
	at com.fasterxml.jackson.databind.ser.std.MapSerializer.serialize(MapSerializer.java:33)
	at com.fasterxml.jackson.databind.ser.BeanPropertyWriter.serializeAsField(BeanPropertyWriter.java:727)
	at com.fasterxml.jackson.databind.ser.std.BeanSerializerBase.serializeFields(BeanSerializerBase.java:719)
	at com.fasterxml.jackson.databind.ser.BeanSerializer.serialize(BeanSerializer.java:155)
	at com.fasterxml.jackson.databind.ser.DefaultSerializerProvider._serialize(DefaultSerializerProvider.java:480)
	at com.fasterxml.jackson.databind.ser.DefaultSerializerProvider.serializeValue(DefaultSerializerProvider.java:319)
	at com.fasterxml.jackson.databind.ObjectMapper._configAndWriteValue(ObjectMapper.java:3905)
	at com.fasterxml.jackson.databind.ObjectMapper.writeValueAsString(ObjectMapper.java:3219)
	at springfox.documentation.spring.web.json.JsonSerializer.toJson(JsonSerializer.java:38)
	at springfox.documentation.swagger2.web.Swagger2Controller.getDocumentation(Swagger2Controller.java:105)
	at java.base/jdk.internal.reflect.NativeMethodAccessorImpl.invoke0(Native Method)
	at java.base/jdk.internal.reflect.NativeMethodAccessorImpl.invoke(NativeMethodAccessorImpl.java:62)
	at java.base/jdk.internal.reflect.DelegatingMethodAccessorImpl.invoke(DelegatingMethodAccessorImpl.java:43)
	at java.base/java.lang.reflect.Method.invoke(Method.java:566)
	at org.springframework.web.method.support.InvocableHandlerMethod.doInvoke(InvocableHandlerMethod.java:209)
	at org.springframework.web.method.support.InvocableHandlerMethod.invokeForRequest(InvocableHandlerMethod.java:136)
	at org.springframework.web.servlet.mvc.method.annotation.ServletInvocableHandlerMethod.invokeAndHandle(ServletInvocableHandlerMethod.java:102)
	at org.springframework.web.servlet.mvc.method.annotation.RequestMappingHandlerAdapter.invokeHandlerMethod(RequestMappingHandlerAdapter.java:891)
	at org.springframework.web.servlet.mvc.method.annotation.RequestMappingHandlerAdapter.handleInternal(RequestMappingHandlerAdapter.java:797)
	at org.springframework.web.servlet.mvc.method.AbstractHandlerMethodAdapter.handle(AbstractHandlerMethodAdapter.java:87)
	at org.springframework.web.servlet.DispatcherServlet.doDispatch(DispatcherServlet.java:991)
	at org.springframework.web.servlet.DispatcherServlet.doService(DispatcherServlet.java:925)
	at org.springframework.web.servlet.FrameworkServlet.processRequest(FrameworkServlet.java:974)
	at org.springframework.web.servlet.FrameworkServlet.doGet(FrameworkServlet.java:866)
	at javax.servlet.http.HttpServlet.service(HttpServlet.java:635)
	at org.springframework.web.servlet.FrameworkServlet.service(FrameworkServlet.java:851)
	at javax.servlet.http.HttpServlet.service(HttpServlet.java:742)
	at org.apache.catalina.core.ApplicationFilterChain.internalDoFilter(ApplicationFilterChain.java:231)
	at org.apache.catalina.core.ApplicationFilterChain.doFilter(ApplicationFilterChain.java:166)
	at org.apache.tomcat.websocket.server.WsFilter.doFilter(WsFilter.java:52)
	at org.apache.catalina.core.ApplicationFilterChain.internalDoFilter(ApplicationFilterChain.java:193)
	at org.apache.catalina.core.ApplicationFilterChain.doFilter(ApplicationFilterChain.java:166)
	at com.ut.utAttendance.config.CorsFilter.doFilter(CorsFilter.java:23)
	at org.apache.catalina.core.ApplicationFilterChain.internalDoFilter(ApplicationFilterChain.java:193)
	at org.apache.catalina.core.ApplicationFilterChain.doFilter(ApplicationFilterChain.java:166)
	at org.springframework.boot.actuate.web.trace.servlet.HttpTraceFilter.doFilterInternal(HttpTraceFilter.java:90)
	at org.springframework.web.filter.OncePerRequestFilter.doFilter(OncePerRequestFilter.java:107)
	at org.apache.catalina.core.ApplicationFilterChain.internalDoFilter(ApplicationFilterChain.java:193)
	at org.apache.catalina.core.ApplicationFilterChain.doFilter(ApplicationFilterChain.java:166)
	at org.springframework.security.web.FilterChainProxy$VirtualFilterChain.doFilter(FilterChainProxy.java:320)
	at org.springframework.security.web.access.intercept.FilterSecurityInterceptor.invoke(FilterSecurityInterceptor.java:127)
	at org.springframework.security.web.access.intercept.FilterSecurityInterceptor.doFilter(FilterSecurityInterceptor.java:91)
	at org.springframework.security.web.FilterChainProxy$VirtualFilterChain.doFilter(FilterChainProxy.java:334)
	at org.springframework.security.web.access.ExceptionTranslationFilter.doFilter(ExceptionTranslationFilter.java:119)
	at org.springframework.security.web.FilterChainProxy$VirtualFilterChain.doFilter(FilterChainProxy.java:334)
	at org.springframework.security.web.session.SessionManagementFilter.doFilter(SessionManagementFilter.java:137)
	at org.springframework.security.web.FilterChainProxy$VirtualFilterChain.doFilter(FilterChainProxy.java:334)
	at org.springframework.security.web.servletapi.SecurityContextHolderAwareRequestFilter.doFilter(SecurityContextHolderAwareRequestFilter.java:170)
	at org.springframework.security.web.FilterChainProxy$VirtualFilterChain.doFilter(FilterChainProxy.java:334)
	at org.springframework.security.web.savedrequest.RequestCacheAwareFilter.doFilter(RequestCacheAwareFilter.java:63)
	at org.springframework.security.web.FilterChainProxy$VirtualFilterChain.doFilter(FilterChainProxy.java:334)
	at org.springframework.security.web.authentication.AbstractAuthenticationProcessingFilter.doFilter(AbstractAuthenticationProcessingFilter.java:200)
	at org.springframework.security.web.FilterChainProxy$VirtualFilterChain.doFilter(FilterChainProxy.java:334)
	at org.springframework.security.oauth2.provider.authentication.OAuth2AuthenticationProcessingFilter.doFilter(OAuth2AuthenticationProcessingFilter.java:176)
	at org.springframework.security.web.FilterChainProxy$VirtualFilterChain.doFilter(FilterChainProxy.java:334)
	at org.springframework.security.oauth2.client.web.OAuth2AuthorizationRequestRedirectFilter.doFilterInternal(OAuth2AuthorizationRequestRedirectFilter.java:129)
	at org.springframework.web.filter.OncePerRequestFilter.doFilter(OncePerRequestFilter.java:107)
	at org.springframework.security.web.FilterChainProxy$VirtualFilterChain.doFilter(FilterChainProxy.java:334)
	at org.springframework.security.web.authentication.logout.LogoutFilter.doFilter(LogoutFilter.java:116)
	at org.springframework.security.web.FilterChainProxy$VirtualFilterChain.doFilter(FilterChainProxy.java:334)
	at org.springframework.security.web.header.HeaderWriterFilter.doFilterInternal(HeaderWriterFilter.java:66)
	at org.springframework.web.filter.OncePerRequestFilter.doFilter(OncePerRequestFilter.java:107)
	at org.springframework.security.web.FilterChainProxy$VirtualFilterChain.doFilter(FilterChainProxy.java:334)
	at org.springframework.security.web.context.SecurityContextPersistenceFilter.doFilter(SecurityContextPersistenceFilter.java:105)
	at org.springframework.security.web.FilterChainProxy$VirtualFilterChain.doFilter(FilterChainProxy.java:334)
	at org.springframework.security.web.context.request.async.WebAsyncManagerIntegrationFilter.doFilterInternal(WebAsyncManagerIntegrationFilter.java:56)
	at org.springframework.web.filter.OncePerRequestFilter.doFilter(OncePerRequestFilter.java:107)
	at org.springframework.security.web.FilterChainProxy$VirtualFilterChain.doFilter(FilterChainProxy.java:334)
	at com.ut.utAttendance.config.CorsFilter.doFilter(CorsFilter.java:23)
	at org.springframework.security.web.FilterChainProxy$VirtualFilterChain.doFilter(FilterChainProxy.java:334)
	at org.springframework.security.web.FilterChainProxy.doFilterInternal(FilterChainProxy.java:215)
	at org.springframework.security.web.FilterChainProxy.doFilter(FilterChainProxy.java:178)
	at org.springframework.web.filter.DelegatingFilterProxy.invokeDelegate(DelegatingFilterProxy.java:357)
	at org.springframework.web.filter.DelegatingFilterProxy.doFilter(DelegatingFilterProxy.java:270)
	at org.apache.catalina.core.ApplicationFilterChain.internalDoFilter(ApplicationFilterChain.java:193)
	at org.apache.catalina.core.ApplicationFilterChain.doFilter(ApplicationFilterChain.java:166)
	at org.springframework.web.filter.RequestContextFilter.doFilterInternal(RequestContextFilter.java:99)
	at org.springframework.web.filter.OncePerRequestFilter.doFilter(OncePerRequestFilter.java:107)
	at org.apache.catalina.core.ApplicationFilterChain.internalDoFilter(ApplicationFilterChain.java:193)
	at org.apache.catalina.core.ApplicationFilterChain.doFilter(ApplicationFilterChain.java:166)
	at org.springframework.web.filter.HttpPutFormContentFilter.doFilterInternal(HttpPutFormContentFilter.java:109)
	at org.springframework.web.filter.OncePerRequestFilter.doFilter(OncePerRequestFilter.java:107)
	at org.apache.catalina.core.ApplicationFilterChain.internalDoFilter(ApplicationFilterChain.java:193)
	at org.apache.catalina.core.ApplicationFilterChain.doFilter(ApplicationFilterChain.java:166)
	at org.springframework.web.filter.HiddenHttpMethodFilter.doFilterInternal(HiddenHttpMethodFilter.java:93)
	at org.springframework.web.filter.OncePerRequestFilter.doFilter(OncePerRequestFilter.java:107)
	at org.apache.catalina.core.ApplicationFilterChain.internalDoFilter(ApplicationFilterChain.java:193)
	at org.apache.catalina.core.ApplicationFilterChain.doFilter(ApplicationFilterChain.java:166)
	at org.springframework.boot.actuate.metrics.web.servlet.WebMvcMetricsFilter.filterAndRecordMetrics(WebMvcMetricsFilter.java:155)
	at org.springframework.boot.actuate.metrics.web.servlet.WebMvcMetricsFilter.filterAndRecordMetrics(WebMvcMetricsFilter.java:123)
	at org.springframework.boot.actuate.metrics.web.servlet.WebMvcMetricsFilter.doFilterInternal(WebMvcMetricsFilter.java:108)
	at org.springframework.web.filter.OncePerRequestFilter.doFilter(OncePerRequestFilter.java:107)
	at org.apache.catalina.core.ApplicationFilterChain.internalDoFilter(ApplicationFilterChain.java:193)
	at org.apache.catalina.core.ApplicationFilterChain.doFilter(ApplicationFilterChain.java:166)
	at org.springframework.web.filter.CharacterEncodingFilter.doFilterInternal(CharacterEncodingFilter.java:200)
	at org.springframework.web.filter.OncePerRequestFilter.doFilter(OncePerRequestFilter.java:107)
	at org.apache.catalina.core.ApplicationFilterChain.internalDoFilter(ApplicationFilterChain.java:193)
	at org.apache.catalina.core.ApplicationFilterChain.doFilter(ApplicationFilterChain.java:166)
	at org.apache.catalina.core.StandardWrapperValve.invoke(StandardWrapperValve.java:198)
	at org.apache.catalina.core.StandardContextValve.invoke(StandardContextValve.java:96)
	at org.apache.catalina.authenticator.AuthenticatorBase.invoke(AuthenticatorBase.java:493)
	at org.apache.catalina.core.StandardHostValve.invoke(StandardHostValve.java:140)
	at org.apache.catalina.valves.ErrorReportValve.invoke(ErrorReportValve.java:81)
	at org.apache.catalina.core.StandardEngineValve.invoke(StandardEngineValve.java:87)
	at org.apache.catalina.connector.CoyoteAdapter.service(CoyoteAdapter.java:342)
	at org.apache.coyote.http11.Http11Processor.service(Http11Processor.java:800)
	at org.apache.coyote.AbstractProcessorLight.process(AbstractProcessorLight.java:66)
	at org.apache.coyote.AbstractProtocol$ConnectionHandler.process(AbstractProtocol.java:806)
	at org.apache.tomcat.util.net.NioEndpoint$SocketProcessor.doRun(NioEndpoint.java:1498)
	at org.apache.tomcat.util.net.SocketProcessorBase.run(SocketProcessorBase.java:49)
	at java.base/java.util.concurrent.ThreadPoolExecutor.runWorker(ThreadPoolExecutor.java:1128)
	at java.base/java.util.concurrent.ThreadPoolExecutor$Worker.run(ThreadPoolExecutor.java:628)
	at org.apache.tomcat.util.threads.TaskThread$WrappingRunnable.run(TaskThread.java:61)
	at java.base/java.lang.Thread.run(Thread.java:829)
2025-07-01 19:06:40,702 WARN io.swagger.models.parameters.AbstractSerializableParameter [http-nio-8097-exec-1] Illegal DefaultValue  for parameter type integer
java.lang.NumberFormatException: For input string: ""
	at java.base/java.lang.NumberFormatException.forInputString(NumberFormatException.java:65)
	at java.base/java.lang.Long.parseLong(Long.java:702)
	at java.base/java.lang.Long.valueOf(Long.java:1144)
	at io.swagger.models.parameters.AbstractSerializableParameter.getExample(AbstractSerializableParameter.java:412)
	at java.base/jdk.internal.reflect.NativeMethodAccessorImpl.invoke0(Native Method)
	at java.base/jdk.internal.reflect.NativeMethodAccessorImpl.invoke(NativeMethodAccessorImpl.java:62)
	at java.base/jdk.internal.reflect.DelegatingMethodAccessorImpl.invoke(DelegatingMethodAccessorImpl.java:43)
	at java.base/java.lang.reflect.Method.invoke(Method.java:566)
	at com.fasterxml.jackson.databind.ser.BeanPropertyWriter.serializeAsField(BeanPropertyWriter.java:687)
	at com.fasterxml.jackson.databind.ser.std.BeanSerializerBase.serializeFields(BeanSerializerBase.java:719)
	at com.fasterxml.jackson.databind.ser.BeanSerializer.serialize(BeanSerializer.java:155)
	at com.fasterxml.jackson.databind.ser.impl.IndexedListSerializer.serializeContents(IndexedListSerializer.java:119)
	at com.fasterxml.jackson.databind.ser.impl.IndexedListSerializer.serialize(IndexedListSerializer.java:79)
	at com.fasterxml.jackson.databind.ser.impl.IndexedListSerializer.serialize(IndexedListSerializer.java:18)
	at com.fasterxml.jackson.databind.ser.BeanPropertyWriter.serializeAsField(BeanPropertyWriter.java:727)
	at com.fasterxml.jackson.databind.ser.std.BeanSerializerBase.serializeFields(BeanSerializerBase.java:719)
	at com.fasterxml.jackson.databind.ser.BeanSerializer.serialize(BeanSerializer.java:155)
	at com.fasterxml.jackson.databind.ser.BeanPropertyWriter.serializeAsField(BeanPropertyWriter.java:727)
	at com.fasterxml.jackson.databind.ser.std.BeanSerializerBase.serializeFields(BeanSerializerBase.java:719)
	at com.fasterxml.jackson.databind.ser.BeanSerializer.serialize(BeanSerializer.java:155)
	at com.fasterxml.jackson.databind.ser.std.MapSerializer.serializeFields(MapSerializer.java:718)
	at com.fasterxml.jackson.databind.ser.std.MapSerializer.serialize(MapSerializer.java:639)
	at com.fasterxml.jackson.databind.ser.std.MapSerializer.serialize(MapSerializer.java:33)
	at com.fasterxml.jackson.databind.ser.BeanPropertyWriter.serializeAsField(BeanPropertyWriter.java:727)
	at com.fasterxml.jackson.databind.ser.std.BeanSerializerBase.serializeFields(BeanSerializerBase.java:719)
	at com.fasterxml.jackson.databind.ser.BeanSerializer.serialize(BeanSerializer.java:155)
	at com.fasterxml.jackson.databind.ser.DefaultSerializerProvider._serialize(DefaultSerializerProvider.java:480)
	at com.fasterxml.jackson.databind.ser.DefaultSerializerProvider.serializeValue(DefaultSerializerProvider.java:319)
	at com.fasterxml.jackson.databind.ObjectMapper._configAndWriteValue(ObjectMapper.java:3905)
	at com.fasterxml.jackson.databind.ObjectMapper.writeValueAsString(ObjectMapper.java:3219)
	at springfox.documentation.spring.web.json.JsonSerializer.toJson(JsonSerializer.java:38)
	at springfox.documentation.swagger2.web.Swagger2Controller.getDocumentation(Swagger2Controller.java:105)
	at java.base/jdk.internal.reflect.NativeMethodAccessorImpl.invoke0(Native Method)
	at java.base/jdk.internal.reflect.NativeMethodAccessorImpl.invoke(NativeMethodAccessorImpl.java:62)
	at java.base/jdk.internal.reflect.DelegatingMethodAccessorImpl.invoke(DelegatingMethodAccessorImpl.java:43)
	at java.base/java.lang.reflect.Method.invoke(Method.java:566)
	at org.springframework.web.method.support.InvocableHandlerMethod.doInvoke(InvocableHandlerMethod.java:209)
	at org.springframework.web.method.support.InvocableHandlerMethod.invokeForRequest(InvocableHandlerMethod.java:136)
	at org.springframework.web.servlet.mvc.method.annotation.ServletInvocableHandlerMethod.invokeAndHandle(ServletInvocableHandlerMethod.java:102)
	at org.springframework.web.servlet.mvc.method.annotation.RequestMappingHandlerAdapter.invokeHandlerMethod(RequestMappingHandlerAdapter.java:891)
	at org.springframework.web.servlet.mvc.method.annotation.RequestMappingHandlerAdapter.handleInternal(RequestMappingHandlerAdapter.java:797)
	at org.springframework.web.servlet.mvc.method.AbstractHandlerMethodAdapter.handle(AbstractHandlerMethodAdapter.java:87)
	at org.springframework.web.servlet.DispatcherServlet.doDispatch(DispatcherServlet.java:991)
	at org.springframework.web.servlet.DispatcherServlet.doService(DispatcherServlet.java:925)
	at org.springframework.web.servlet.FrameworkServlet.processRequest(FrameworkServlet.java:974)
	at org.springframework.web.servlet.FrameworkServlet.doGet(FrameworkServlet.java:866)
	at javax.servlet.http.HttpServlet.service(HttpServlet.java:635)
	at org.springframework.web.servlet.FrameworkServlet.service(FrameworkServlet.java:851)
	at javax.servlet.http.HttpServlet.service(HttpServlet.java:742)
	at org.apache.catalina.core.ApplicationFilterChain.internalDoFilter(ApplicationFilterChain.java:231)
	at org.apache.catalina.core.ApplicationFilterChain.doFilter(ApplicationFilterChain.java:166)
	at org.apache.tomcat.websocket.server.WsFilter.doFilter(WsFilter.java:52)
	at org.apache.catalina.core.ApplicationFilterChain.internalDoFilter(ApplicationFilterChain.java:193)
	at org.apache.catalina.core.ApplicationFilterChain.doFilter(ApplicationFilterChain.java:166)
	at com.ut.utAttendance.config.CorsFilter.doFilter(CorsFilter.java:23)
	at org.apache.catalina.core.ApplicationFilterChain.internalDoFilter(ApplicationFilterChain.java:193)
	at org.apache.catalina.core.ApplicationFilterChain.doFilter(ApplicationFilterChain.java:166)
	at org.springframework.boot.actuate.web.trace.servlet.HttpTraceFilter.doFilterInternal(HttpTraceFilter.java:90)
	at org.springframework.web.filter.OncePerRequestFilter.doFilter(OncePerRequestFilter.java:107)
	at org.apache.catalina.core.ApplicationFilterChain.internalDoFilter(ApplicationFilterChain.java:193)
	at org.apache.catalina.core.ApplicationFilterChain.doFilter(ApplicationFilterChain.java:166)
	at org.springframework.security.web.FilterChainProxy$VirtualFilterChain.doFilter(FilterChainProxy.java:320)
	at org.springframework.security.web.access.intercept.FilterSecurityInterceptor.invoke(FilterSecurityInterceptor.java:127)
	at org.springframework.security.web.access.intercept.FilterSecurityInterceptor.doFilter(FilterSecurityInterceptor.java:91)
	at org.springframework.security.web.FilterChainProxy$VirtualFilterChain.doFilter(FilterChainProxy.java:334)
	at org.springframework.security.web.access.ExceptionTranslationFilter.doFilter(ExceptionTranslationFilter.java:119)
	at org.springframework.security.web.FilterChainProxy$VirtualFilterChain.doFilter(FilterChainProxy.java:334)
	at org.springframework.security.web.session.SessionManagementFilter.doFilter(SessionManagementFilter.java:137)
	at org.springframework.security.web.FilterChainProxy$VirtualFilterChain.doFilter(FilterChainProxy.java:334)
	at org.springframework.security.web.servletapi.SecurityContextHolderAwareRequestFilter.doFilter(SecurityContextHolderAwareRequestFilter.java:170)
	at org.springframework.security.web.FilterChainProxy$VirtualFilterChain.doFilter(FilterChainProxy.java:334)
	at org.springframework.security.web.savedrequest.RequestCacheAwareFilter.doFilter(RequestCacheAwareFilter.java:63)
	at org.springframework.security.web.FilterChainProxy$VirtualFilterChain.doFilter(FilterChainProxy.java:334)
	at org.springframework.security.web.authentication.AbstractAuthenticationProcessingFilter.doFilter(AbstractAuthenticationProcessingFilter.java:200)
	at org.springframework.security.web.FilterChainProxy$VirtualFilterChain.doFilter(FilterChainProxy.java:334)
	at org.springframework.security.oauth2.provider.authentication.OAuth2AuthenticationProcessingFilter.doFilter(OAuth2AuthenticationProcessingFilter.java:176)
	at org.springframework.security.web.FilterChainProxy$VirtualFilterChain.doFilter(FilterChainProxy.java:334)
	at org.springframework.security.oauth2.client.web.OAuth2AuthorizationRequestRedirectFilter.doFilterInternal(OAuth2AuthorizationRequestRedirectFilter.java:129)
	at org.springframework.web.filter.OncePerRequestFilter.doFilter(OncePerRequestFilter.java:107)
	at org.springframework.security.web.FilterChainProxy$VirtualFilterChain.doFilter(FilterChainProxy.java:334)
	at org.springframework.security.web.authentication.logout.LogoutFilter.doFilter(LogoutFilter.java:116)
	at org.springframework.security.web.FilterChainProxy$VirtualFilterChain.doFilter(FilterChainProxy.java:334)
	at org.springframework.security.web.header.HeaderWriterFilter.doFilterInternal(HeaderWriterFilter.java:66)
	at org.springframework.web.filter.OncePerRequestFilter.doFilter(OncePerRequestFilter.java:107)
	at org.springframework.security.web.FilterChainProxy$VirtualFilterChain.doFilter(FilterChainProxy.java:334)
	at org.springframework.security.web.context.SecurityContextPersistenceFilter.doFilter(SecurityContextPersistenceFilter.java:105)
	at org.springframework.security.web.FilterChainProxy$VirtualFilterChain.doFilter(FilterChainProxy.java:334)
	at org.springframework.security.web.context.request.async.WebAsyncManagerIntegrationFilter.doFilterInternal(WebAsyncManagerIntegrationFilter.java:56)
	at org.springframework.web.filter.OncePerRequestFilter.doFilter(OncePerRequestFilter.java:107)
	at org.springframework.security.web.FilterChainProxy$VirtualFilterChain.doFilter(FilterChainProxy.java:334)
	at com.ut.utAttendance.config.CorsFilter.doFilter(CorsFilter.java:23)
	at org.springframework.security.web.FilterChainProxy$VirtualFilterChain.doFilter(FilterChainProxy.java:334)
	at org.springframework.security.web.FilterChainProxy.doFilterInternal(FilterChainProxy.java:215)
	at org.springframework.security.web.FilterChainProxy.doFilter(FilterChainProxy.java:178)
	at org.springframework.web.filter.DelegatingFilterProxy.invokeDelegate(DelegatingFilterProxy.java:357)
	at org.springframework.web.filter.DelegatingFilterProxy.doFilter(DelegatingFilterProxy.java:270)
	at org.apache.catalina.core.ApplicationFilterChain.internalDoFilter(ApplicationFilterChain.java:193)
	at org.apache.catalina.core.ApplicationFilterChain.doFilter(ApplicationFilterChain.java:166)
	at org.springframework.web.filter.RequestContextFilter.doFilterInternal(RequestContextFilter.java:99)
	at org.springframework.web.filter.OncePerRequestFilter.doFilter(OncePerRequestFilter.java:107)
	at org.apache.catalina.core.ApplicationFilterChain.internalDoFilter(ApplicationFilterChain.java:193)
	at org.apache.catalina.core.ApplicationFilterChain.doFilter(ApplicationFilterChain.java:166)
	at org.springframework.web.filter.HttpPutFormContentFilter.doFilterInternal(HttpPutFormContentFilter.java:109)
	at org.springframework.web.filter.OncePerRequestFilter.doFilter(OncePerRequestFilter.java:107)
	at org.apache.catalina.core.ApplicationFilterChain.internalDoFilter(ApplicationFilterChain.java:193)
	at org.apache.catalina.core.ApplicationFilterChain.doFilter(ApplicationFilterChain.java:166)
	at org.springframework.web.filter.HiddenHttpMethodFilter.doFilterInternal(HiddenHttpMethodFilter.java:93)
	at org.springframework.web.filter.OncePerRequestFilter.doFilter(OncePerRequestFilter.java:107)
	at org.apache.catalina.core.ApplicationFilterChain.internalDoFilter(ApplicationFilterChain.java:193)
	at org.apache.catalina.core.ApplicationFilterChain.doFilter(ApplicationFilterChain.java:166)
	at org.springframework.boot.actuate.metrics.web.servlet.WebMvcMetricsFilter.filterAndRecordMetrics(WebMvcMetricsFilter.java:155)
	at org.springframework.boot.actuate.metrics.web.servlet.WebMvcMetricsFilter.filterAndRecordMetrics(WebMvcMetricsFilter.java:123)
	at org.springframework.boot.actuate.metrics.web.servlet.WebMvcMetricsFilter.doFilterInternal(WebMvcMetricsFilter.java:108)
	at org.springframework.web.filter.OncePerRequestFilter.doFilter(OncePerRequestFilter.java:107)
	at org.apache.catalina.core.ApplicationFilterChain.internalDoFilter(ApplicationFilterChain.java:193)
	at org.apache.catalina.core.ApplicationFilterChain.doFilter(ApplicationFilterChain.java:166)
	at org.springframework.web.filter.CharacterEncodingFilter.doFilterInternal(CharacterEncodingFilter.java:200)
	at org.springframework.web.filter.OncePerRequestFilter.doFilter(OncePerRequestFilter.java:107)
	at org.apache.catalina.core.ApplicationFilterChain.internalDoFilter(ApplicationFilterChain.java:193)
	at org.apache.catalina.core.ApplicationFilterChain.doFilter(ApplicationFilterChain.java:166)
	at org.apache.catalina.core.StandardWrapperValve.invoke(StandardWrapperValve.java:198)
	at org.apache.catalina.core.StandardContextValve.invoke(StandardContextValve.java:96)
	at org.apache.catalina.authenticator.AuthenticatorBase.invoke(AuthenticatorBase.java:493)
	at org.apache.catalina.core.StandardHostValve.invoke(StandardHostValve.java:140)
	at org.apache.catalina.valves.ErrorReportValve.invoke(ErrorReportValve.java:81)
	at org.apache.catalina.core.StandardEngineValve.invoke(StandardEngineValve.java:87)
	at org.apache.catalina.connector.CoyoteAdapter.service(CoyoteAdapter.java:342)
	at org.apache.coyote.http11.Http11Processor.service(Http11Processor.java:800)
	at org.apache.coyote.AbstractProcessorLight.process(AbstractProcessorLight.java:66)
	at org.apache.coyote.AbstractProtocol$ConnectionHandler.process(AbstractProtocol.java:806)
	at org.apache.tomcat.util.net.NioEndpoint$SocketProcessor.doRun(NioEndpoint.java:1498)
	at org.apache.tomcat.util.net.SocketProcessorBase.run(SocketProcessorBase.java:49)
	at java.base/java.util.concurrent.ThreadPoolExecutor.runWorker(ThreadPoolExecutor.java:1128)
	at java.base/java.util.concurrent.ThreadPoolExecutor$Worker.run(ThreadPoolExecutor.java:628)
	at org.apache.tomcat.util.threads.TaskThread$WrappingRunnable.run(TaskThread.java:61)
	at java.base/java.lang.Thread.run(Thread.java:829)
2025-07-01 19:06:40,705 WARN io.swagger.models.parameters.AbstractSerializableParameter [http-nio-8097-exec-1] Illegal DefaultValue  for parameter type integer
java.lang.NumberFormatException: For input string: ""
	at java.base/java.lang.NumberFormatException.forInputString(NumberFormatException.java:65)
	at java.base/java.lang.Long.parseLong(Long.java:702)
	at java.base/java.lang.Long.valueOf(Long.java:1144)
	at io.swagger.models.parameters.AbstractSerializableParameter.getExample(AbstractSerializableParameter.java:412)
	at jdk.internal.reflect.GeneratedMethodAccessor187.invoke(Unknown Source)
	at java.base/jdk.internal.reflect.DelegatingMethodAccessorImpl.invoke(DelegatingMethodAccessorImpl.java:43)
	at java.base/java.lang.reflect.Method.invoke(Method.java:566)
	at com.fasterxml.jackson.databind.ser.BeanPropertyWriter.serializeAsField(BeanPropertyWriter.java:687)
	at com.fasterxml.jackson.databind.ser.std.BeanSerializerBase.serializeFields(BeanSerializerBase.java:719)
	at com.fasterxml.jackson.databind.ser.BeanSerializer.serialize(BeanSerializer.java:155)
	at com.fasterxml.jackson.databind.ser.impl.IndexedListSerializer.serializeContents(IndexedListSerializer.java:119)
	at com.fasterxml.jackson.databind.ser.impl.IndexedListSerializer.serialize(IndexedListSerializer.java:79)
	at com.fasterxml.jackson.databind.ser.impl.IndexedListSerializer.serialize(IndexedListSerializer.java:18)
	at com.fasterxml.jackson.databind.ser.BeanPropertyWriter.serializeAsField(BeanPropertyWriter.java:727)
	at com.fasterxml.jackson.databind.ser.std.BeanSerializerBase.serializeFields(BeanSerializerBase.java:719)
	at com.fasterxml.jackson.databind.ser.BeanSerializer.serialize(BeanSerializer.java:155)
	at com.fasterxml.jackson.databind.ser.BeanPropertyWriter.serializeAsField(BeanPropertyWriter.java:727)
	at com.fasterxml.jackson.databind.ser.std.BeanSerializerBase.serializeFields(BeanSerializerBase.java:719)
	at com.fasterxml.jackson.databind.ser.BeanSerializer.serialize(BeanSerializer.java:155)
	at com.fasterxml.jackson.databind.ser.std.MapSerializer.serializeFields(MapSerializer.java:718)
	at com.fasterxml.jackson.databind.ser.std.MapSerializer.serialize(MapSerializer.java:639)
	at com.fasterxml.jackson.databind.ser.std.MapSerializer.serialize(MapSerializer.java:33)
	at com.fasterxml.jackson.databind.ser.BeanPropertyWriter.serializeAsField(BeanPropertyWriter.java:727)
	at com.fasterxml.jackson.databind.ser.std.BeanSerializerBase.serializeFields(BeanSerializerBase.java:719)
	at com.fasterxml.jackson.databind.ser.BeanSerializer.serialize(BeanSerializer.java:155)
	at com.fasterxml.jackson.databind.ser.DefaultSerializerProvider._serialize(DefaultSerializerProvider.java:480)
	at com.fasterxml.jackson.databind.ser.DefaultSerializerProvider.serializeValue(DefaultSerializerProvider.java:319)
	at com.fasterxml.jackson.databind.ObjectMapper._configAndWriteValue(ObjectMapper.java:3905)
	at com.fasterxml.jackson.databind.ObjectMapper.writeValueAsString(ObjectMapper.java:3219)
	at springfox.documentation.spring.web.json.JsonSerializer.toJson(JsonSerializer.java:38)
	at springfox.documentation.swagger2.web.Swagger2Controller.getDocumentation(Swagger2Controller.java:105)
	at java.base/jdk.internal.reflect.NativeMethodAccessorImpl.invoke0(Native Method)
	at java.base/jdk.internal.reflect.NativeMethodAccessorImpl.invoke(NativeMethodAccessorImpl.java:62)
	at java.base/jdk.internal.reflect.DelegatingMethodAccessorImpl.invoke(DelegatingMethodAccessorImpl.java:43)
	at java.base/java.lang.reflect.Method.invoke(Method.java:566)
	at org.springframework.web.method.support.InvocableHandlerMethod.doInvoke(InvocableHandlerMethod.java:209)
	at org.springframework.web.method.support.InvocableHandlerMethod.invokeForRequest(InvocableHandlerMethod.java:136)
	at org.springframework.web.servlet.mvc.method.annotation.ServletInvocableHandlerMethod.invokeAndHandle(ServletInvocableHandlerMethod.java:102)
	at org.springframework.web.servlet.mvc.method.annotation.RequestMappingHandlerAdapter.invokeHandlerMethod(RequestMappingHandlerAdapter.java:891)
	at org.springframework.web.servlet.mvc.method.annotation.RequestMappingHandlerAdapter.handleInternal(RequestMappingHandlerAdapter.java:797)
	at org.springframework.web.servlet.mvc.method.AbstractHandlerMethodAdapter.handle(AbstractHandlerMethodAdapter.java:87)
	at org.springframework.web.servlet.DispatcherServlet.doDispatch(DispatcherServlet.java:991)
	at org.springframework.web.servlet.DispatcherServlet.doService(DispatcherServlet.java:925)
	at org.springframework.web.servlet.FrameworkServlet.processRequest(FrameworkServlet.java:974)
	at org.springframework.web.servlet.FrameworkServlet.doGet(FrameworkServlet.java:866)
	at javax.servlet.http.HttpServlet.service(HttpServlet.java:635)
	at org.springframework.web.servlet.FrameworkServlet.service(FrameworkServlet.java:851)
	at javax.servlet.http.HttpServlet.service(HttpServlet.java:742)
	at org.apache.catalina.core.ApplicationFilterChain.internalDoFilter(ApplicationFilterChain.java:231)
	at org.apache.catalina.core.ApplicationFilterChain.doFilter(ApplicationFilterChain.java:166)
	at org.apache.tomcat.websocket.server.WsFilter.doFilter(WsFilter.java:52)
	at org.apache.catalina.core.ApplicationFilterChain.internalDoFilter(ApplicationFilterChain.java:193)
	at org.apache.catalina.core.ApplicationFilterChain.doFilter(ApplicationFilterChain.java:166)
	at com.ut.utAttendance.config.CorsFilter.doFilter(CorsFilter.java:23)
	at org.apache.catalina.core.ApplicationFilterChain.internalDoFilter(ApplicationFilterChain.java:193)
	at org.apache.catalina.core.ApplicationFilterChain.doFilter(ApplicationFilterChain.java:166)
	at org.springframework.boot.actuate.web.trace.servlet.HttpTraceFilter.doFilterInternal(HttpTraceFilter.java:90)
	at org.springframework.web.filter.OncePerRequestFilter.doFilter(OncePerRequestFilter.java:107)
	at org.apache.catalina.core.ApplicationFilterChain.internalDoFilter(ApplicationFilterChain.java:193)
	at org.apache.catalina.core.ApplicationFilterChain.doFilter(ApplicationFilterChain.java:166)
	at org.springframework.security.web.FilterChainProxy$VirtualFilterChain.doFilter(FilterChainProxy.java:320)
	at org.springframework.security.web.access.intercept.FilterSecurityInterceptor.invoke(FilterSecurityInterceptor.java:127)
	at org.springframework.security.web.access.intercept.FilterSecurityInterceptor.doFilter(FilterSecurityInterceptor.java:91)
	at org.springframework.security.web.FilterChainProxy$VirtualFilterChain.doFilter(FilterChainProxy.java:334)
	at org.springframework.security.web.access.ExceptionTranslationFilter.doFilter(ExceptionTranslationFilter.java:119)
	at org.springframework.security.web.FilterChainProxy$VirtualFilterChain.doFilter(FilterChainProxy.java:334)
	at org.springframework.security.web.session.SessionManagementFilter.doFilter(SessionManagementFilter.java:137)
	at org.springframework.security.web.FilterChainProxy$VirtualFilterChain.doFilter(FilterChainProxy.java:334)
	at org.springframework.security.web.servletapi.SecurityContextHolderAwareRequestFilter.doFilter(SecurityContextHolderAwareRequestFilter.java:170)
	at org.springframework.security.web.FilterChainProxy$VirtualFilterChain.doFilter(FilterChainProxy.java:334)
	at org.springframework.security.web.savedrequest.RequestCacheAwareFilter.doFilter(RequestCacheAwareFilter.java:63)
	at org.springframework.security.web.FilterChainProxy$VirtualFilterChain.doFilter(FilterChainProxy.java:334)
	at org.springframework.security.web.authentication.AbstractAuthenticationProcessingFilter.doFilter(AbstractAuthenticationProcessingFilter.java:200)
	at org.springframework.security.web.FilterChainProxy$VirtualFilterChain.doFilter(FilterChainProxy.java:334)
	at org.springframework.security.oauth2.provider.authentication.OAuth2AuthenticationProcessingFilter.doFilter(OAuth2AuthenticationProcessingFilter.java:176)
	at org.springframework.security.web.FilterChainProxy$VirtualFilterChain.doFilter(FilterChainProxy.java:334)
	at org.springframework.security.oauth2.client.web.OAuth2AuthorizationRequestRedirectFilter.doFilterInternal(OAuth2AuthorizationRequestRedirectFilter.java:129)
	at org.springframework.web.filter.OncePerRequestFilter.doFilter(OncePerRequestFilter.java:107)
	at org.springframework.security.web.FilterChainProxy$VirtualFilterChain.doFilter(FilterChainProxy.java:334)
	at org.springframework.security.web.authentication.logout.LogoutFilter.doFilter(LogoutFilter.java:116)
	at org.springframework.security.web.FilterChainProxy$VirtualFilterChain.doFilter(FilterChainProxy.java:334)
	at org.springframework.security.web.header.HeaderWriterFilter.doFilterInternal(HeaderWriterFilter.java:66)
	at org.springframework.web.filter.OncePerRequestFilter.doFilter(OncePerRequestFilter.java:107)
	at org.springframework.security.web.FilterChainProxy$VirtualFilterChain.doFilter(FilterChainProxy.java:334)
	at org.springframework.security.web.context.SecurityContextPersistenceFilter.doFilter(SecurityContextPersistenceFilter.java:105)
	at org.springframework.security.web.FilterChainProxy$VirtualFilterChain.doFilter(FilterChainProxy.java:334)
	at org.springframework.security.web.context.request.async.WebAsyncManagerIntegrationFilter.doFilterInternal(WebAsyncManagerIntegrationFilter.java:56)
	at org.springframework.web.filter.OncePerRequestFilter.doFilter(OncePerRequestFilter.java:107)
	at org.springframework.security.web.FilterChainProxy$VirtualFilterChain.doFilter(FilterChainProxy.java:334)
	at com.ut.utAttendance.config.CorsFilter.doFilter(CorsFilter.java:23)
	at org.springframework.security.web.FilterChainProxy$VirtualFilterChain.doFilter(FilterChainProxy.java:334)
	at org.springframework.security.web.FilterChainProxy.doFilterInternal(FilterChainProxy.java:215)
	at org.springframework.security.web.FilterChainProxy.doFilter(FilterChainProxy.java:178)
	at org.springframework.web.filter.DelegatingFilterProxy.invokeDelegate(DelegatingFilterProxy.java:357)
	at org.springframework.web.filter.DelegatingFilterProxy.doFilter(DelegatingFilterProxy.java:270)
	at org.apache.catalina.core.ApplicationFilterChain.internalDoFilter(ApplicationFilterChain.java:193)
	at org.apache.catalina.core.ApplicationFilterChain.doFilter(ApplicationFilterChain.java:166)
	at org.springframework.web.filter.RequestContextFilter.doFilterInternal(RequestContextFilter.java:99)
	at org.springframework.web.filter.OncePerRequestFilter.doFilter(OncePerRequestFilter.java:107)
	at org.apache.catalina.core.ApplicationFilterChain.internalDoFilter(ApplicationFilterChain.java:193)
	at org.apache.catalina.core.ApplicationFilterChain.doFilter(ApplicationFilterChain.java:166)
	at org.springframework.web.filter.HttpPutFormContentFilter.doFilterInternal(HttpPutFormContentFilter.java:109)
	at org.springframework.web.filter.OncePerRequestFilter.doFilter(OncePerRequestFilter.java:107)
	at org.apache.catalina.core.ApplicationFilterChain.internalDoFilter(ApplicationFilterChain.java:193)
	at org.apache.catalina.core.ApplicationFilterChain.doFilter(ApplicationFilterChain.java:166)
	at org.springframework.web.filter.HiddenHttpMethodFilter.doFilterInternal(HiddenHttpMethodFilter.java:93)
	at org.springframework.web.filter.OncePerRequestFilter.doFilter(OncePerRequestFilter.java:107)
	at org.apache.catalina.core.ApplicationFilterChain.internalDoFilter(ApplicationFilterChain.java:193)
	at org.apache.catalina.core.ApplicationFilterChain.doFilter(ApplicationFilterChain.java:166)
	at org.springframework.boot.actuate.metrics.web.servlet.WebMvcMetricsFilter.filterAndRecordMetrics(WebMvcMetricsFilter.java:155)
	at org.springframework.boot.actuate.metrics.web.servlet.WebMvcMetricsFilter.filterAndRecordMetrics(WebMvcMetricsFilter.java:123)
	at org.springframework.boot.actuate.metrics.web.servlet.WebMvcMetricsFilter.doFilterInternal(WebMvcMetricsFilter.java:108)
	at org.springframework.web.filter.OncePerRequestFilter.doFilter(OncePerRequestFilter.java:107)
	at org.apache.catalina.core.ApplicationFilterChain.internalDoFilter(ApplicationFilterChain.java:193)
	at org.apache.catalina.core.ApplicationFilterChain.doFilter(ApplicationFilterChain.java:166)
	at org.springframework.web.filter.CharacterEncodingFilter.doFilterInternal(CharacterEncodingFilter.java:200)
	at org.springframework.web.filter.OncePerRequestFilter.doFilter(OncePerRequestFilter.java:107)
	at org.apache.catalina.core.ApplicationFilterChain.internalDoFilter(ApplicationFilterChain.java:193)
	at org.apache.catalina.core.ApplicationFilterChain.doFilter(ApplicationFilterChain.java:166)
	at org.apache.catalina.core.StandardWrapperValve.invoke(StandardWrapperValve.java:198)
	at org.apache.catalina.core.StandardContextValve.invoke(StandardContextValve.java:96)
	at org.apache.catalina.authenticator.AuthenticatorBase.invoke(AuthenticatorBase.java:493)
	at org.apache.catalina.core.StandardHostValve.invoke(StandardHostValve.java:140)
	at org.apache.catalina.valves.ErrorReportValve.invoke(ErrorReportValve.java:81)
	at org.apache.catalina.core.StandardEngineValve.invoke(StandardEngineValve.java:87)
	at org.apache.catalina.connector.CoyoteAdapter.service(CoyoteAdapter.java:342)
	at org.apache.coyote.http11.Http11Processor.service(Http11Processor.java:800)
	at org.apache.coyote.AbstractProcessorLight.process(AbstractProcessorLight.java:66)
	at org.apache.coyote.AbstractProtocol$ConnectionHandler.process(AbstractProtocol.java:806)
	at org.apache.tomcat.util.net.NioEndpoint$SocketProcessor.doRun(NioEndpoint.java:1498)
	at org.apache.tomcat.util.net.SocketProcessorBase.run(SocketProcessorBase.java:49)
	at java.base/java.util.concurrent.ThreadPoolExecutor.runWorker(ThreadPoolExecutor.java:1128)
	at java.base/java.util.concurrent.ThreadPoolExecutor$Worker.run(ThreadPoolExecutor.java:628)
	at org.apache.tomcat.util.threads.TaskThread$WrappingRunnable.run(TaskThread.java:61)
	at java.base/java.lang.Thread.run(Thread.java:829)
2025-07-01 19:06:40,710 WARN io.swagger.models.parameters.AbstractSerializableParameter [http-nio-8097-exec-1] Illegal DefaultValue  for parameter type integer
java.lang.NumberFormatException: For input string: ""
	at java.base/java.lang.NumberFormatException.forInputString(NumberFormatException.java:65)
	at java.base/java.lang.Long.parseLong(Long.java:702)
	at java.base/java.lang.Long.valueOf(Long.java:1144)
	at io.swagger.models.parameters.AbstractSerializableParameter.getExample(AbstractSerializableParameter.java:412)
	at jdk.internal.reflect.GeneratedMethodAccessor187.invoke(Unknown Source)
	at java.base/jdk.internal.reflect.DelegatingMethodAccessorImpl.invoke(DelegatingMethodAccessorImpl.java:43)
	at java.base/java.lang.reflect.Method.invoke(Method.java:566)
	at com.fasterxml.jackson.databind.ser.BeanPropertyWriter.serializeAsField(BeanPropertyWriter.java:687)
	at com.fasterxml.jackson.databind.ser.std.BeanSerializerBase.serializeFields(BeanSerializerBase.java:719)
	at com.fasterxml.jackson.databind.ser.BeanSerializer.serialize(BeanSerializer.java:155)
	at com.fasterxml.jackson.databind.ser.impl.IndexedListSerializer.serializeContents(IndexedListSerializer.java:119)
	at com.fasterxml.jackson.databind.ser.impl.IndexedListSerializer.serialize(IndexedListSerializer.java:79)
	at com.fasterxml.jackson.databind.ser.impl.IndexedListSerializer.serialize(IndexedListSerializer.java:18)
	at com.fasterxml.jackson.databind.ser.BeanPropertyWriter.serializeAsField(BeanPropertyWriter.java:727)
	at com.fasterxml.jackson.databind.ser.std.BeanSerializerBase.serializeFields(BeanSerializerBase.java:719)
	at com.fasterxml.jackson.databind.ser.BeanSerializer.serialize(BeanSerializer.java:155)
	at com.fasterxml.jackson.databind.ser.BeanPropertyWriter.serializeAsField(BeanPropertyWriter.java:727)
	at com.fasterxml.jackson.databind.ser.std.BeanSerializerBase.serializeFields(BeanSerializerBase.java:719)
	at com.fasterxml.jackson.databind.ser.BeanSerializer.serialize(BeanSerializer.java:155)
	at com.fasterxml.jackson.databind.ser.std.MapSerializer.serializeFields(MapSerializer.java:718)
	at com.fasterxml.jackson.databind.ser.std.MapSerializer.serialize(MapSerializer.java:639)
	at com.fasterxml.jackson.databind.ser.std.MapSerializer.serialize(MapSerializer.java:33)
	at com.fasterxml.jackson.databind.ser.BeanPropertyWriter.serializeAsField(BeanPropertyWriter.java:727)
	at com.fasterxml.jackson.databind.ser.std.BeanSerializerBase.serializeFields(BeanSerializerBase.java:719)
	at com.fasterxml.jackson.databind.ser.BeanSerializer.serialize(BeanSerializer.java:155)
	at com.fasterxml.jackson.databind.ser.DefaultSerializerProvider._serialize(DefaultSerializerProvider.java:480)
	at com.fasterxml.jackson.databind.ser.DefaultSerializerProvider.serializeValue(DefaultSerializerProvider.java:319)
	at com.fasterxml.jackson.databind.ObjectMapper._configAndWriteValue(ObjectMapper.java:3905)
	at com.fasterxml.jackson.databind.ObjectMapper.writeValueAsString(ObjectMapper.java:3219)
	at springfox.documentation.spring.web.json.JsonSerializer.toJson(JsonSerializer.java:38)
	at springfox.documentation.swagger2.web.Swagger2Controller.getDocumentation(Swagger2Controller.java:105)
	at java.base/jdk.internal.reflect.NativeMethodAccessorImpl.invoke0(Native Method)
	at java.base/jdk.internal.reflect.NativeMethodAccessorImpl.invoke(NativeMethodAccessorImpl.java:62)
	at java.base/jdk.internal.reflect.DelegatingMethodAccessorImpl.invoke(DelegatingMethodAccessorImpl.java:43)
	at java.base/java.lang.reflect.Method.invoke(Method.java:566)
	at org.springframework.web.method.support.InvocableHandlerMethod.doInvoke(InvocableHandlerMethod.java:209)
	at org.springframework.web.method.support.InvocableHandlerMethod.invokeForRequest(InvocableHandlerMethod.java:136)
	at org.springframework.web.servlet.mvc.method.annotation.ServletInvocableHandlerMethod.invokeAndHandle(ServletInvocableHandlerMethod.java:102)
	at org.springframework.web.servlet.mvc.method.annotation.RequestMappingHandlerAdapter.invokeHandlerMethod(RequestMappingHandlerAdapter.java:891)
	at org.springframework.web.servlet.mvc.method.annotation.RequestMappingHandlerAdapter.handleInternal(RequestMappingHandlerAdapter.java:797)
	at org.springframework.web.servlet.mvc.method.AbstractHandlerMethodAdapter.handle(AbstractHandlerMethodAdapter.java:87)
	at org.springframework.web.servlet.DispatcherServlet.doDispatch(DispatcherServlet.java:991)
	at org.springframework.web.servlet.DispatcherServlet.doService(DispatcherServlet.java:925)
	at org.springframework.web.servlet.FrameworkServlet.processRequest(FrameworkServlet.java:974)
	at org.springframework.web.servlet.FrameworkServlet.doGet(FrameworkServlet.java:866)
	at javax.servlet.http.HttpServlet.service(HttpServlet.java:635)
	at org.springframework.web.servlet.FrameworkServlet.service(FrameworkServlet.java:851)
	at javax.servlet.http.HttpServlet.service(HttpServlet.java:742)
	at org.apache.catalina.core.ApplicationFilterChain.internalDoFilter(ApplicationFilterChain.java:231)
	at org.apache.catalina.core.ApplicationFilterChain.doFilter(ApplicationFilterChain.java:166)
	at org.apache.tomcat.websocket.server.WsFilter.doFilter(WsFilter.java:52)
	at org.apache.catalina.core.ApplicationFilterChain.internalDoFilter(ApplicationFilterChain.java:193)
	at org.apache.catalina.core.ApplicationFilterChain.doFilter(ApplicationFilterChain.java:166)
	at com.ut.utAttendance.config.CorsFilter.doFilter(CorsFilter.java:23)
	at org.apache.catalina.core.ApplicationFilterChain.internalDoFilter(ApplicationFilterChain.java:193)
	at org.apache.catalina.core.ApplicationFilterChain.doFilter(ApplicationFilterChain.java:166)
	at org.springframework.boot.actuate.web.trace.servlet.HttpTraceFilter.doFilterInternal(HttpTraceFilter.java:90)
	at org.springframework.web.filter.OncePerRequestFilter.doFilter(OncePerRequestFilter.java:107)
	at org.apache.catalina.core.ApplicationFilterChain.internalDoFilter(ApplicationFilterChain.java:193)
	at org.apache.catalina.core.ApplicationFilterChain.doFilter(ApplicationFilterChain.java:166)
	at org.springframework.security.web.FilterChainProxy$VirtualFilterChain.doFilter(FilterChainProxy.java:320)
	at org.springframework.security.web.access.intercept.FilterSecurityInterceptor.invoke(FilterSecurityInterceptor.java:127)
	at org.springframework.security.web.access.intercept.FilterSecurityInterceptor.doFilter(FilterSecurityInterceptor.java:91)
	at org.springframework.security.web.FilterChainProxy$VirtualFilterChain.doFilter(FilterChainProxy.java:334)
	at org.springframework.security.web.access.ExceptionTranslationFilter.doFilter(ExceptionTranslationFilter.java:119)
	at org.springframework.security.web.FilterChainProxy$VirtualFilterChain.doFilter(FilterChainProxy.java:334)
	at org.springframework.security.web.session.SessionManagementFilter.doFilter(SessionManagementFilter.java:137)
	at org.springframework.security.web.FilterChainProxy$VirtualFilterChain.doFilter(FilterChainProxy.java:334)
	at org.springframework.security.web.servletapi.SecurityContextHolderAwareRequestFilter.doFilter(SecurityContextHolderAwareRequestFilter.java:170)
	at org.springframework.security.web.FilterChainProxy$VirtualFilterChain.doFilter(FilterChainProxy.java:334)
	at org.springframework.security.web.savedrequest.RequestCacheAwareFilter.doFilter(RequestCacheAwareFilter.java:63)
	at org.springframework.security.web.FilterChainProxy$VirtualFilterChain.doFilter(FilterChainProxy.java:334)
	at org.springframework.security.web.authentication.AbstractAuthenticationProcessingFilter.doFilter(AbstractAuthenticationProcessingFilter.java:200)
	at org.springframework.security.web.FilterChainProxy$VirtualFilterChain.doFilter(FilterChainProxy.java:334)
	at org.springframework.security.oauth2.provider.authentication.OAuth2AuthenticationProcessingFilter.doFilter(OAuth2AuthenticationProcessingFilter.java:176)
	at org.springframework.security.web.FilterChainProxy$VirtualFilterChain.doFilter(FilterChainProxy.java:334)
	at org.springframework.security.oauth2.client.web.OAuth2AuthorizationRequestRedirectFilter.doFilterInternal(OAuth2AuthorizationRequestRedirectFilter.java:129)
	at org.springframework.web.filter.OncePerRequestFilter.doFilter(OncePerRequestFilter.java:107)
	at org.springframework.security.web.FilterChainProxy$VirtualFilterChain.doFilter(FilterChainProxy.java:334)
	at org.springframework.security.web.authentication.logout.LogoutFilter.doFilter(LogoutFilter.java:116)
	at org.springframework.security.web.FilterChainProxy$VirtualFilterChain.doFilter(FilterChainProxy.java:334)
	at org.springframework.security.web.header.HeaderWriterFilter.doFilterInternal(HeaderWriterFilter.java:66)
	at org.springframework.web.filter.OncePerRequestFilter.doFilter(OncePerRequestFilter.java:107)
	at org.springframework.security.web.FilterChainProxy$VirtualFilterChain.doFilter(FilterChainProxy.java:334)
	at org.springframework.security.web.context.SecurityContextPersistenceFilter.doFilter(SecurityContextPersistenceFilter.java:105)
	at org.springframework.security.web.FilterChainProxy$VirtualFilterChain.doFilter(FilterChainProxy.java:334)
	at org.springframework.security.web.context.request.async.WebAsyncManagerIntegrationFilter.doFilterInternal(WebAsyncManagerIntegrationFilter.java:56)
	at org.springframework.web.filter.OncePerRequestFilter.doFilter(OncePerRequestFilter.java:107)
	at org.springframework.security.web.FilterChainProxy$VirtualFilterChain.doFilter(FilterChainProxy.java:334)
	at com.ut.utAttendance.config.CorsFilter.doFilter(CorsFilter.java:23)
	at org.springframework.security.web.FilterChainProxy$VirtualFilterChain.doFilter(FilterChainProxy.java:334)
	at org.springframework.security.web.FilterChainProxy.doFilterInternal(FilterChainProxy.java:215)
	at org.springframework.security.web.FilterChainProxy.doFilter(FilterChainProxy.java:178)
	at org.springframework.web.filter.DelegatingFilterProxy.invokeDelegate(DelegatingFilterProxy.java:357)
	at org.springframework.web.filter.DelegatingFilterProxy.doFilter(DelegatingFilterProxy.java:270)
	at org.apache.catalina.core.ApplicationFilterChain.internalDoFilter(ApplicationFilterChain.java:193)
	at org.apache.catalina.core.ApplicationFilterChain.doFilter(ApplicationFilterChain.java:166)
	at org.springframework.web.filter.RequestContextFilter.doFilterInternal(RequestContextFilter.java:99)
	at org.springframework.web.filter.OncePerRequestFilter.doFilter(OncePerRequestFilter.java:107)
	at org.apache.catalina.core.ApplicationFilterChain.internalDoFilter(ApplicationFilterChain.java:193)
	at org.apache.catalina.core.ApplicationFilterChain.doFilter(ApplicationFilterChain.java:166)
	at org.springframework.web.filter.HttpPutFormContentFilter.doFilterInternal(HttpPutFormContentFilter.java:109)
	at org.springframework.web.filter.OncePerRequestFilter.doFilter(OncePerRequestFilter.java:107)
	at org.apache.catalina.core.ApplicationFilterChain.internalDoFilter(ApplicationFilterChain.java:193)
	at org.apache.catalina.core.ApplicationFilterChain.doFilter(ApplicationFilterChain.java:166)
	at org.springframework.web.filter.HiddenHttpMethodFilter.doFilterInternal(HiddenHttpMethodFilter.java:93)
	at org.springframework.web.filter.OncePerRequestFilter.doFilter(OncePerRequestFilter.java:107)
	at org.apache.catalina.core.ApplicationFilterChain.internalDoFilter(ApplicationFilterChain.java:193)
	at org.apache.catalina.core.ApplicationFilterChain.doFilter(ApplicationFilterChain.java:166)
	at org.springframework.boot.actuate.metrics.web.servlet.WebMvcMetricsFilter.filterAndRecordMetrics(WebMvcMetricsFilter.java:155)
	at org.springframework.boot.actuate.metrics.web.servlet.WebMvcMetricsFilter.filterAndRecordMetrics(WebMvcMetricsFilter.java:123)
	at org.springframework.boot.actuate.metrics.web.servlet.WebMvcMetricsFilter.doFilterInternal(WebMvcMetricsFilter.java:108)
	at org.springframework.web.filter.OncePerRequestFilter.doFilter(OncePerRequestFilter.java:107)
	at org.apache.catalina.core.ApplicationFilterChain.internalDoFilter(ApplicationFilterChain.java:193)
	at org.apache.catalina.core.ApplicationFilterChain.doFilter(ApplicationFilterChain.java:166)
	at org.springframework.web.filter.CharacterEncodingFilter.doFilterInternal(CharacterEncodingFilter.java:200)
	at org.springframework.web.filter.OncePerRequestFilter.doFilter(OncePerRequestFilter.java:107)
	at org.apache.catalina.core.ApplicationFilterChain.internalDoFilter(ApplicationFilterChain.java:193)
	at org.apache.catalina.core.ApplicationFilterChain.doFilter(ApplicationFilterChain.java:166)
	at org.apache.catalina.core.StandardWrapperValve.invoke(StandardWrapperValve.java:198)
	at org.apache.catalina.core.StandardContextValve.invoke(StandardContextValve.java:96)
	at org.apache.catalina.authenticator.AuthenticatorBase.invoke(AuthenticatorBase.java:493)
	at org.apache.catalina.core.StandardHostValve.invoke(StandardHostValve.java:140)
	at org.apache.catalina.valves.ErrorReportValve.invoke(ErrorReportValve.java:81)
	at org.apache.catalina.core.StandardEngineValve.invoke(StandardEngineValve.java:87)
	at org.apache.catalina.connector.CoyoteAdapter.service(CoyoteAdapter.java:342)
	at org.apache.coyote.http11.Http11Processor.service(Http11Processor.java:800)
	at org.apache.coyote.AbstractProcessorLight.process(AbstractProcessorLight.java:66)
	at org.apache.coyote.AbstractProtocol$ConnectionHandler.process(AbstractProtocol.java:806)
	at org.apache.tomcat.util.net.NioEndpoint$SocketProcessor.doRun(NioEndpoint.java:1498)
	at org.apache.tomcat.util.net.SocketProcessorBase.run(SocketProcessorBase.java:49)
	at java.base/java.util.concurrent.ThreadPoolExecutor.runWorker(ThreadPoolExecutor.java:1128)
	at java.base/java.util.concurrent.ThreadPoolExecutor$Worker.run(ThreadPoolExecutor.java:628)
	at org.apache.tomcat.util.threads.TaskThread$WrappingRunnable.run(TaskThread.java:61)
	at java.base/java.lang.Thread.run(Thread.java:829)
2025-07-01 19:06:40,712 WARN io.swagger.models.parameters.AbstractSerializableParameter [http-nio-8097-exec-1] Illegal DefaultValue  for parameter type integer
java.lang.NumberFormatException: For input string: ""
	at java.base/java.lang.NumberFormatException.forInputString(NumberFormatException.java:65)
	at java.base/java.lang.Long.parseLong(Long.java:702)
	at java.base/java.lang.Long.valueOf(Long.java:1144)
	at io.swagger.models.parameters.AbstractSerializableParameter.getExample(AbstractSerializableParameter.java:412)
	at jdk.internal.reflect.GeneratedMethodAccessor187.invoke(Unknown Source)
	at java.base/jdk.internal.reflect.DelegatingMethodAccessorImpl.invoke(DelegatingMethodAccessorImpl.java:43)
	at java.base/java.lang.reflect.Method.invoke(Method.java:566)
	at com.fasterxml.jackson.databind.ser.BeanPropertyWriter.serializeAsField(BeanPropertyWriter.java:687)
	at com.fasterxml.jackson.databind.ser.std.BeanSerializerBase.serializeFields(BeanSerializerBase.java:719)
	at com.fasterxml.jackson.databind.ser.BeanSerializer.serialize(BeanSerializer.java:155)
	at com.fasterxml.jackson.databind.ser.impl.IndexedListSerializer.serializeContents(IndexedListSerializer.java:119)
	at com.fasterxml.jackson.databind.ser.impl.IndexedListSerializer.serialize(IndexedListSerializer.java:79)
	at com.fasterxml.jackson.databind.ser.impl.IndexedListSerializer.serialize(IndexedListSerializer.java:18)
	at com.fasterxml.jackson.databind.ser.BeanPropertyWriter.serializeAsField(BeanPropertyWriter.java:727)
	at com.fasterxml.jackson.databind.ser.std.BeanSerializerBase.serializeFields(BeanSerializerBase.java:719)
	at com.fasterxml.jackson.databind.ser.BeanSerializer.serialize(BeanSerializer.java:155)
	at com.fasterxml.jackson.databind.ser.BeanPropertyWriter.serializeAsField(BeanPropertyWriter.java:727)
	at com.fasterxml.jackson.databind.ser.std.BeanSerializerBase.serializeFields(BeanSerializerBase.java:719)
	at com.fasterxml.jackson.databind.ser.BeanSerializer.serialize(BeanSerializer.java:155)
	at com.fasterxml.jackson.databind.ser.std.MapSerializer.serializeFields(MapSerializer.java:718)
	at com.fasterxml.jackson.databind.ser.std.MapSerializer.serialize(MapSerializer.java:639)
	at com.fasterxml.jackson.databind.ser.std.MapSerializer.serialize(MapSerializer.java:33)
	at com.fasterxml.jackson.databind.ser.BeanPropertyWriter.serializeAsField(BeanPropertyWriter.java:727)
	at com.fasterxml.jackson.databind.ser.std.BeanSerializerBase.serializeFields(BeanSerializerBase.java:719)
	at com.fasterxml.jackson.databind.ser.BeanSerializer.serialize(BeanSerializer.java:155)
	at com.fasterxml.jackson.databind.ser.DefaultSerializerProvider._serialize(DefaultSerializerProvider.java:480)
	at com.fasterxml.jackson.databind.ser.DefaultSerializerProvider.serializeValue(DefaultSerializerProvider.java:319)
	at com.fasterxml.jackson.databind.ObjectMapper._configAndWriteValue(ObjectMapper.java:3905)
	at com.fasterxml.jackson.databind.ObjectMapper.writeValueAsString(ObjectMapper.java:3219)
	at springfox.documentation.spring.web.json.JsonSerializer.toJson(JsonSerializer.java:38)
	at springfox.documentation.swagger2.web.Swagger2Controller.getDocumentation(Swagger2Controller.java:105)
	at java.base/jdk.internal.reflect.NativeMethodAccessorImpl.invoke0(Native Method)
	at java.base/jdk.internal.reflect.NativeMethodAccessorImpl.invoke(NativeMethodAccessorImpl.java:62)
	at java.base/jdk.internal.reflect.DelegatingMethodAccessorImpl.invoke(DelegatingMethodAccessorImpl.java:43)
	at java.base/java.lang.reflect.Method.invoke(Method.java:566)
	at org.springframework.web.method.support.InvocableHandlerMethod.doInvoke(InvocableHandlerMethod.java:209)
	at org.springframework.web.method.support.InvocableHandlerMethod.invokeForRequest(InvocableHandlerMethod.java:136)
	at org.springframework.web.servlet.mvc.method.annotation.ServletInvocableHandlerMethod.invokeAndHandle(ServletInvocableHandlerMethod.java:102)
	at org.springframework.web.servlet.mvc.method.annotation.RequestMappingHandlerAdapter.invokeHandlerMethod(RequestMappingHandlerAdapter.java:891)
	at org.springframework.web.servlet.mvc.method.annotation.RequestMappingHandlerAdapter.handleInternal(RequestMappingHandlerAdapter.java:797)
	at org.springframework.web.servlet.mvc.method.AbstractHandlerMethodAdapter.handle(AbstractHandlerMethodAdapter.java:87)
	at org.springframework.web.servlet.DispatcherServlet.doDispatch(DispatcherServlet.java:991)
	at org.springframework.web.servlet.DispatcherServlet.doService(DispatcherServlet.java:925)
	at org.springframework.web.servlet.FrameworkServlet.processRequest(FrameworkServlet.java:974)
	at org.springframework.web.servlet.FrameworkServlet.doGet(FrameworkServlet.java:866)
	at javax.servlet.http.HttpServlet.service(HttpServlet.java:635)
	at org.springframework.web.servlet.FrameworkServlet.service(FrameworkServlet.java:851)
	at javax.servlet.http.HttpServlet.service(HttpServlet.java:742)
	at org.apache.catalina.core.ApplicationFilterChain.internalDoFilter(ApplicationFilterChain.java:231)
	at org.apache.catalina.core.ApplicationFilterChain.doFilter(ApplicationFilterChain.java:166)
	at org.apache.tomcat.websocket.server.WsFilter.doFilter(WsFilter.java:52)
	at org.apache.catalina.core.ApplicationFilterChain.internalDoFilter(ApplicationFilterChain.java:193)
	at org.apache.catalina.core.ApplicationFilterChain.doFilter(ApplicationFilterChain.java:166)
	at com.ut.utAttendance.config.CorsFilter.doFilter(CorsFilter.java:23)
	at org.apache.catalina.core.ApplicationFilterChain.internalDoFilter(ApplicationFilterChain.java:193)
	at org.apache.catalina.core.ApplicationFilterChain.doFilter(ApplicationFilterChain.java:166)
	at org.springframework.boot.actuate.web.trace.servlet.HttpTraceFilter.doFilterInternal(HttpTraceFilter.java:90)
	at org.springframework.web.filter.OncePerRequestFilter.doFilter(OncePerRequestFilter.java:107)
	at org.apache.catalina.core.ApplicationFilterChain.internalDoFilter(ApplicationFilterChain.java:193)
	at org.apache.catalina.core.ApplicationFilterChain.doFilter(ApplicationFilterChain.java:166)
	at org.springframework.security.web.FilterChainProxy$VirtualFilterChain.doFilter(FilterChainProxy.java:320)
	at org.springframework.security.web.access.intercept.FilterSecurityInterceptor.invoke(FilterSecurityInterceptor.java:127)
	at org.springframework.security.web.access.intercept.FilterSecurityInterceptor.doFilter(FilterSecurityInterceptor.java:91)
	at org.springframework.security.web.FilterChainProxy$VirtualFilterChain.doFilter(FilterChainProxy.java:334)
	at org.springframework.security.web.access.ExceptionTranslationFilter.doFilter(ExceptionTranslationFilter.java:119)
	at org.springframework.security.web.FilterChainProxy$VirtualFilterChain.doFilter(FilterChainProxy.java:334)
	at org.springframework.security.web.session.SessionManagementFilter.doFilter(SessionManagementFilter.java:137)
	at org.springframework.security.web.FilterChainProxy$VirtualFilterChain.doFilter(FilterChainProxy.java:334)
	at org.springframework.security.web.servletapi.SecurityContextHolderAwareRequestFilter.doFilter(SecurityContextHolderAwareRequestFilter.java:170)
	at org.springframework.security.web.FilterChainProxy$VirtualFilterChain.doFilter(FilterChainProxy.java:334)
	at org.springframework.security.web.savedrequest.RequestCacheAwareFilter.doFilter(RequestCacheAwareFilter.java:63)
	at org.springframework.security.web.FilterChainProxy$VirtualFilterChain.doFilter(FilterChainProxy.java:334)
	at org.springframework.security.web.authentication.AbstractAuthenticationProcessingFilter.doFilter(AbstractAuthenticationProcessingFilter.java:200)
	at org.springframework.security.web.FilterChainProxy$VirtualFilterChain.doFilter(FilterChainProxy.java:334)
	at org.springframework.security.oauth2.provider.authentication.OAuth2AuthenticationProcessingFilter.doFilter(OAuth2AuthenticationProcessingFilter.java:176)
	at org.springframework.security.web.FilterChainProxy$VirtualFilterChain.doFilter(FilterChainProxy.java:334)
	at org.springframework.security.oauth2.client.web.OAuth2AuthorizationRequestRedirectFilter.doFilterInternal(OAuth2AuthorizationRequestRedirectFilter.java:129)
	at org.springframework.web.filter.OncePerRequestFilter.doFilter(OncePerRequestFilter.java:107)
	at org.springframework.security.web.FilterChainProxy$VirtualFilterChain.doFilter(FilterChainProxy.java:334)
	at org.springframework.security.web.authentication.logout.LogoutFilter.doFilter(LogoutFilter.java:116)
	at org.springframework.security.web.FilterChainProxy$VirtualFilterChain.doFilter(FilterChainProxy.java:334)
	at org.springframework.security.web.header.HeaderWriterFilter.doFilterInternal(HeaderWriterFilter.java:66)
	at org.springframework.web.filter.OncePerRequestFilter.doFilter(OncePerRequestFilter.java:107)
	at org.springframework.security.web.FilterChainProxy$VirtualFilterChain.doFilter(FilterChainProxy.java:334)
	at org.springframework.security.web.context.SecurityContextPersistenceFilter.doFilter(SecurityContextPersistenceFilter.java:105)
	at org.springframework.security.web.FilterChainProxy$VirtualFilterChain.doFilter(FilterChainProxy.java:334)
	at org.springframework.security.web.context.request.async.WebAsyncManagerIntegrationFilter.doFilterInternal(WebAsyncManagerIntegrationFilter.java:56)
	at org.springframework.web.filter.OncePerRequestFilter.doFilter(OncePerRequestFilter.java:107)
	at org.springframework.security.web.FilterChainProxy$VirtualFilterChain.doFilter(FilterChainProxy.java:334)
	at com.ut.utAttendance.config.CorsFilter.doFilter(CorsFilter.java:23)
	at org.springframework.security.web.FilterChainProxy$VirtualFilterChain.doFilter(FilterChainProxy.java:334)
	at org.springframework.security.web.FilterChainProxy.doFilterInternal(FilterChainProxy.java:215)
	at org.springframework.security.web.FilterChainProxy.doFilter(FilterChainProxy.java:178)
	at org.springframework.web.filter.DelegatingFilterProxy.invokeDelegate(DelegatingFilterProxy.java:357)
	at org.springframework.web.filter.DelegatingFilterProxy.doFilter(DelegatingFilterProxy.java:270)
	at org.apache.catalina.core.ApplicationFilterChain.internalDoFilter(ApplicationFilterChain.java:193)
	at org.apache.catalina.core.ApplicationFilterChain.doFilter(ApplicationFilterChain.java:166)
	at org.springframework.web.filter.RequestContextFilter.doFilterInternal(RequestContextFilter.java:99)
	at org.springframework.web.filter.OncePerRequestFilter.doFilter(OncePerRequestFilter.java:107)
	at org.apache.catalina.core.ApplicationFilterChain.internalDoFilter(ApplicationFilterChain.java:193)
	at org.apache.catalina.core.ApplicationFilterChain.doFilter(ApplicationFilterChain.java:166)
	at org.springframework.web.filter.HttpPutFormContentFilter.doFilterInternal(HttpPutFormContentFilter.java:109)
	at org.springframework.web.filter.OncePerRequestFilter.doFilter(OncePerRequestFilter.java:107)
	at org.apache.catalina.core.ApplicationFilterChain.internalDoFilter(ApplicationFilterChain.java:193)
	at org.apache.catalina.core.ApplicationFilterChain.doFilter(ApplicationFilterChain.java:166)
	at org.springframework.web.filter.HiddenHttpMethodFilter.doFilterInternal(HiddenHttpMethodFilter.java:93)
	at org.springframework.web.filter.OncePerRequestFilter.doFilter(OncePerRequestFilter.java:107)
	at org.apache.catalina.core.ApplicationFilterChain.internalDoFilter(ApplicationFilterChain.java:193)
	at org.apache.catalina.core.ApplicationFilterChain.doFilter(ApplicationFilterChain.java:166)
	at org.springframework.boot.actuate.metrics.web.servlet.WebMvcMetricsFilter.filterAndRecordMetrics(WebMvcMetricsFilter.java:155)
	at org.springframework.boot.actuate.metrics.web.servlet.WebMvcMetricsFilter.filterAndRecordMetrics(WebMvcMetricsFilter.java:123)
	at org.springframework.boot.actuate.metrics.web.servlet.WebMvcMetricsFilter.doFilterInternal(WebMvcMetricsFilter.java:108)
	at org.springframework.web.filter.OncePerRequestFilter.doFilter(OncePerRequestFilter.java:107)
	at org.apache.catalina.core.ApplicationFilterChain.internalDoFilter(ApplicationFilterChain.java:193)
	at org.apache.catalina.core.ApplicationFilterChain.doFilter(ApplicationFilterChain.java:166)
	at org.springframework.web.filter.CharacterEncodingFilter.doFilterInternal(CharacterEncodingFilter.java:200)
	at org.springframework.web.filter.OncePerRequestFilter.doFilter(OncePerRequestFilter.java:107)
	at org.apache.catalina.core.ApplicationFilterChain.internalDoFilter(ApplicationFilterChain.java:193)
	at org.apache.catalina.core.ApplicationFilterChain.doFilter(ApplicationFilterChain.java:166)
	at org.apache.catalina.core.StandardWrapperValve.invoke(StandardWrapperValve.java:198)
	at org.apache.catalina.core.StandardContextValve.invoke(StandardContextValve.java:96)
	at org.apache.catalina.authenticator.AuthenticatorBase.invoke(AuthenticatorBase.java:493)
	at org.apache.catalina.core.StandardHostValve.invoke(StandardHostValve.java:140)
	at org.apache.catalina.valves.ErrorReportValve.invoke(ErrorReportValve.java:81)
	at org.apache.catalina.core.StandardEngineValve.invoke(StandardEngineValve.java:87)
	at org.apache.catalina.connector.CoyoteAdapter.service(CoyoteAdapter.java:342)
	at org.apache.coyote.http11.Http11Processor.service(Http11Processor.java:800)
	at org.apache.coyote.AbstractProcessorLight.process(AbstractProcessorLight.java:66)
	at org.apache.coyote.AbstractProtocol$ConnectionHandler.process(AbstractProtocol.java:806)
	at org.apache.tomcat.util.net.NioEndpoint$SocketProcessor.doRun(NioEndpoint.java:1498)
	at org.apache.tomcat.util.net.SocketProcessorBase.run(SocketProcessorBase.java:49)
	at java.base/java.util.concurrent.ThreadPoolExecutor.runWorker(ThreadPoolExecutor.java:1128)
	at java.base/java.util.concurrent.ThreadPoolExecutor$Worker.run(ThreadPoolExecutor.java:628)
	at org.apache.tomcat.util.threads.TaskThread$WrappingRunnable.run(TaskThread.java:61)
	at java.base/java.lang.Thread.run(Thread.java:829)
2025-07-01 19:11:25,423 WARN io.swagger.models.parameters.AbstractSerializableParameter [http-nio-8097-exec-10] Illegal DefaultValue  for parameter type integer
java.lang.NumberFormatException: For input string: ""
	at java.base/java.lang.NumberFormatException.forInputString(NumberFormatException.java:65)
	at java.base/java.lang.Long.parseLong(Long.java:702)
	at java.base/java.lang.Long.valueOf(Long.java:1144)
	at io.swagger.models.parameters.AbstractSerializableParameter.getExample(AbstractSerializableParameter.java:412)
	at jdk.internal.reflect.GeneratedMethodAccessor187.invoke(Unknown Source)
	at java.base/jdk.internal.reflect.DelegatingMethodAccessorImpl.invoke(DelegatingMethodAccessorImpl.java:43)
	at java.base/java.lang.reflect.Method.invoke(Method.java:566)
	at com.fasterxml.jackson.databind.ser.BeanPropertyWriter.serializeAsField(BeanPropertyWriter.java:687)
	at com.fasterxml.jackson.databind.ser.std.BeanSerializerBase.serializeFields(BeanSerializerBase.java:719)
	at com.fasterxml.jackson.databind.ser.BeanSerializer.serialize(BeanSerializer.java:155)
	at com.fasterxml.jackson.databind.ser.impl.IndexedListSerializer.serializeContents(IndexedListSerializer.java:119)
	at com.fasterxml.jackson.databind.ser.impl.IndexedListSerializer.serialize(IndexedListSerializer.java:79)
	at com.fasterxml.jackson.databind.ser.impl.IndexedListSerializer.serialize(IndexedListSerializer.java:18)
	at com.fasterxml.jackson.databind.ser.BeanPropertyWriter.serializeAsField(BeanPropertyWriter.java:727)
	at com.fasterxml.jackson.databind.ser.std.BeanSerializerBase.serializeFields(BeanSerializerBase.java:719)
	at com.fasterxml.jackson.databind.ser.BeanSerializer.serialize(BeanSerializer.java:155)
	at com.fasterxml.jackson.databind.ser.BeanPropertyWriter.serializeAsField(BeanPropertyWriter.java:727)
	at com.fasterxml.jackson.databind.ser.std.BeanSerializerBase.serializeFields(BeanSerializerBase.java:719)
	at com.fasterxml.jackson.databind.ser.BeanSerializer.serialize(BeanSerializer.java:155)
	at com.fasterxml.jackson.databind.ser.std.MapSerializer.serializeFields(MapSerializer.java:718)
	at com.fasterxml.jackson.databind.ser.std.MapSerializer.serialize(MapSerializer.java:639)
	at com.fasterxml.jackson.databind.ser.std.MapSerializer.serialize(MapSerializer.java:33)
	at com.fasterxml.jackson.databind.ser.BeanPropertyWriter.serializeAsField(BeanPropertyWriter.java:727)
	at com.fasterxml.jackson.databind.ser.std.BeanSerializerBase.serializeFields(BeanSerializerBase.java:719)
	at com.fasterxml.jackson.databind.ser.BeanSerializer.serialize(BeanSerializer.java:155)
	at com.fasterxml.jackson.databind.ser.DefaultSerializerProvider._serialize(DefaultSerializerProvider.java:480)
	at com.fasterxml.jackson.databind.ser.DefaultSerializerProvider.serializeValue(DefaultSerializerProvider.java:319)
	at com.fasterxml.jackson.databind.ObjectMapper._configAndWriteValue(ObjectMapper.java:3905)
	at com.fasterxml.jackson.databind.ObjectMapper.writeValueAsString(ObjectMapper.java:3219)
	at springfox.documentation.spring.web.json.JsonSerializer.toJson(JsonSerializer.java:38)
	at springfox.documentation.swagger2.web.Swagger2Controller.getDocumentation(Swagger2Controller.java:105)
	at java.base/jdk.internal.reflect.NativeMethodAccessorImpl.invoke0(Native Method)
	at java.base/jdk.internal.reflect.NativeMethodAccessorImpl.invoke(NativeMethodAccessorImpl.java:62)
	at java.base/jdk.internal.reflect.DelegatingMethodAccessorImpl.invoke(DelegatingMethodAccessorImpl.java:43)
	at java.base/java.lang.reflect.Method.invoke(Method.java:566)
	at org.springframework.web.method.support.InvocableHandlerMethod.doInvoke(InvocableHandlerMethod.java:209)
	at org.springframework.web.method.support.InvocableHandlerMethod.invokeForRequest(InvocableHandlerMethod.java:136)
	at org.springframework.web.servlet.mvc.method.annotation.ServletInvocableHandlerMethod.invokeAndHandle(ServletInvocableHandlerMethod.java:102)
	at org.springframework.web.servlet.mvc.method.annotation.RequestMappingHandlerAdapter.invokeHandlerMethod(RequestMappingHandlerAdapter.java:891)
	at org.springframework.web.servlet.mvc.method.annotation.RequestMappingHandlerAdapter.handleInternal(RequestMappingHandlerAdapter.java:797)
	at org.springframework.web.servlet.mvc.method.AbstractHandlerMethodAdapter.handle(AbstractHandlerMethodAdapter.java:87)
	at org.springframework.web.servlet.DispatcherServlet.doDispatch(DispatcherServlet.java:991)
	at org.springframework.web.servlet.DispatcherServlet.doService(DispatcherServlet.java:925)
	at org.springframework.web.servlet.FrameworkServlet.processRequest(FrameworkServlet.java:974)
	at org.springframework.web.servlet.FrameworkServlet.doGet(FrameworkServlet.java:866)
	at javax.servlet.http.HttpServlet.service(HttpServlet.java:635)
	at org.springframework.web.servlet.FrameworkServlet.service(FrameworkServlet.java:851)
	at javax.servlet.http.HttpServlet.service(HttpServlet.java:742)
	at org.apache.catalina.core.ApplicationFilterChain.internalDoFilter(ApplicationFilterChain.java:231)
	at org.apache.catalina.core.ApplicationFilterChain.doFilter(ApplicationFilterChain.java:166)
	at org.apache.tomcat.websocket.server.WsFilter.doFilter(WsFilter.java:52)
	at org.apache.catalina.core.ApplicationFilterChain.internalDoFilter(ApplicationFilterChain.java:193)
	at org.apache.catalina.core.ApplicationFilterChain.doFilter(ApplicationFilterChain.java:166)
	at com.ut.utAttendance.config.CorsFilter.doFilter(CorsFilter.java:23)
	at org.apache.catalina.core.ApplicationFilterChain.internalDoFilter(ApplicationFilterChain.java:193)
	at org.apache.catalina.core.ApplicationFilterChain.doFilter(ApplicationFilterChain.java:166)
	at org.springframework.boot.actuate.web.trace.servlet.HttpTraceFilter.doFilterInternal(HttpTraceFilter.java:90)
	at org.springframework.web.filter.OncePerRequestFilter.doFilter(OncePerRequestFilter.java:107)
	at org.apache.catalina.core.ApplicationFilterChain.internalDoFilter(ApplicationFilterChain.java:193)
	at org.apache.catalina.core.ApplicationFilterChain.doFilter(ApplicationFilterChain.java:166)
	at org.springframework.security.web.FilterChainProxy$VirtualFilterChain.doFilter(FilterChainProxy.java:320)
	at org.springframework.security.web.access.intercept.FilterSecurityInterceptor.invoke(FilterSecurityInterceptor.java:127)
	at org.springframework.security.web.access.intercept.FilterSecurityInterceptor.doFilter(FilterSecurityInterceptor.java:91)
	at org.springframework.security.web.FilterChainProxy$VirtualFilterChain.doFilter(FilterChainProxy.java:334)
	at org.springframework.security.web.access.ExceptionTranslationFilter.doFilter(ExceptionTranslationFilter.java:119)
	at org.springframework.security.web.FilterChainProxy$VirtualFilterChain.doFilter(FilterChainProxy.java:334)
	at org.springframework.security.web.session.SessionManagementFilter.doFilter(SessionManagementFilter.java:137)
	at org.springframework.security.web.FilterChainProxy$VirtualFilterChain.doFilter(FilterChainProxy.java:334)
	at org.springframework.security.web.servletapi.SecurityContextHolderAwareRequestFilter.doFilter(SecurityContextHolderAwareRequestFilter.java:170)
	at org.springframework.security.web.FilterChainProxy$VirtualFilterChain.doFilter(FilterChainProxy.java:334)
	at org.springframework.security.web.savedrequest.RequestCacheAwareFilter.doFilter(RequestCacheAwareFilter.java:63)
	at org.springframework.security.web.FilterChainProxy$VirtualFilterChain.doFilter(FilterChainProxy.java:334)
	at org.springframework.security.web.authentication.AbstractAuthenticationProcessingFilter.doFilter(AbstractAuthenticationProcessingFilter.java:200)
	at org.springframework.security.web.FilterChainProxy$VirtualFilterChain.doFilter(FilterChainProxy.java:334)
	at org.springframework.security.oauth2.provider.authentication.OAuth2AuthenticationProcessingFilter.doFilter(OAuth2AuthenticationProcessingFilter.java:176)
	at org.springframework.security.web.FilterChainProxy$VirtualFilterChain.doFilter(FilterChainProxy.java:334)
	at org.springframework.security.oauth2.client.web.OAuth2AuthorizationRequestRedirectFilter.doFilterInternal(OAuth2AuthorizationRequestRedirectFilter.java:129)
	at org.springframework.web.filter.OncePerRequestFilter.doFilter(OncePerRequestFilter.java:107)
	at org.springframework.security.web.FilterChainProxy$VirtualFilterChain.doFilter(FilterChainProxy.java:334)
	at org.springframework.security.web.authentication.logout.LogoutFilter.doFilter(LogoutFilter.java:116)
	at org.springframework.security.web.FilterChainProxy$VirtualFilterChain.doFilter(FilterChainProxy.java:334)
	at org.springframework.security.web.header.HeaderWriterFilter.doFilterInternal(HeaderWriterFilter.java:66)
	at org.springframework.web.filter.OncePerRequestFilter.doFilter(OncePerRequestFilter.java:107)
	at org.springframework.security.web.FilterChainProxy$VirtualFilterChain.doFilter(FilterChainProxy.java:334)
	at org.springframework.security.web.context.SecurityContextPersistenceFilter.doFilter(SecurityContextPersistenceFilter.java:105)
	at org.springframework.security.web.FilterChainProxy$VirtualFilterChain.doFilter(FilterChainProxy.java:334)
	at org.springframework.security.web.context.request.async.WebAsyncManagerIntegrationFilter.doFilterInternal(WebAsyncManagerIntegrationFilter.java:56)
	at org.springframework.web.filter.OncePerRequestFilter.doFilter(OncePerRequestFilter.java:107)
	at org.springframework.security.web.FilterChainProxy$VirtualFilterChain.doFilter(FilterChainProxy.java:334)
	at com.ut.utAttendance.config.CorsFilter.doFilter(CorsFilter.java:23)
	at org.springframework.security.web.FilterChainProxy$VirtualFilterChain.doFilter(FilterChainProxy.java:334)
	at org.springframework.security.web.FilterChainProxy.doFilterInternal(FilterChainProxy.java:215)
	at org.springframework.security.web.FilterChainProxy.doFilter(FilterChainProxy.java:178)
	at org.springframework.web.filter.DelegatingFilterProxy.invokeDelegate(DelegatingFilterProxy.java:357)
	at org.springframework.web.filter.DelegatingFilterProxy.doFilter(DelegatingFilterProxy.java:270)
	at org.apache.catalina.core.ApplicationFilterChain.internalDoFilter(ApplicationFilterChain.java:193)
	at org.apache.catalina.core.ApplicationFilterChain.doFilter(ApplicationFilterChain.java:166)
	at org.springframework.web.filter.RequestContextFilter.doFilterInternal(RequestContextFilter.java:99)
	at org.springframework.web.filter.OncePerRequestFilter.doFilter(OncePerRequestFilter.java:107)
	at org.apache.catalina.core.ApplicationFilterChain.internalDoFilter(ApplicationFilterChain.java:193)
	at org.apache.catalina.core.ApplicationFilterChain.doFilter(ApplicationFilterChain.java:166)
	at org.springframework.web.filter.HttpPutFormContentFilter.doFilterInternal(HttpPutFormContentFilter.java:109)
	at org.springframework.web.filter.OncePerRequestFilter.doFilter(OncePerRequestFilter.java:107)
	at org.apache.catalina.core.ApplicationFilterChain.internalDoFilter(ApplicationFilterChain.java:193)
	at org.apache.catalina.core.ApplicationFilterChain.doFilter(ApplicationFilterChain.java:166)
	at org.springframework.web.filter.HiddenHttpMethodFilter.doFilterInternal(HiddenHttpMethodFilter.java:93)
	at org.springframework.web.filter.OncePerRequestFilter.doFilter(OncePerRequestFilter.java:107)
	at org.apache.catalina.core.ApplicationFilterChain.internalDoFilter(ApplicationFilterChain.java:193)
	at org.apache.catalina.core.ApplicationFilterChain.doFilter(ApplicationFilterChain.java:166)
	at org.springframework.boot.actuate.metrics.web.servlet.WebMvcMetricsFilter.filterAndRecordMetrics(WebMvcMetricsFilter.java:155)
	at org.springframework.boot.actuate.metrics.web.servlet.WebMvcMetricsFilter.filterAndRecordMetrics(WebMvcMetricsFilter.java:123)
	at org.springframework.boot.actuate.metrics.web.servlet.WebMvcMetricsFilter.doFilterInternal(WebMvcMetricsFilter.java:108)
	at org.springframework.web.filter.OncePerRequestFilter.doFilter(OncePerRequestFilter.java:107)
	at org.apache.catalina.core.ApplicationFilterChain.internalDoFilter(ApplicationFilterChain.java:193)
	at org.apache.catalina.core.ApplicationFilterChain.doFilter(ApplicationFilterChain.java:166)
	at org.springframework.web.filter.CharacterEncodingFilter.doFilterInternal(CharacterEncodingFilter.java:200)
	at org.springframework.web.filter.OncePerRequestFilter.doFilter(OncePerRequestFilter.java:107)
	at org.apache.catalina.core.ApplicationFilterChain.internalDoFilter(ApplicationFilterChain.java:193)
	at org.apache.catalina.core.ApplicationFilterChain.doFilter(ApplicationFilterChain.java:166)
	at org.apache.catalina.core.StandardWrapperValve.invoke(StandardWrapperValve.java:198)
	at org.apache.catalina.core.StandardContextValve.invoke(StandardContextValve.java:96)
	at org.apache.catalina.authenticator.AuthenticatorBase.invoke(AuthenticatorBase.java:493)
	at org.apache.catalina.core.StandardHostValve.invoke(StandardHostValve.java:140)
	at org.apache.catalina.valves.ErrorReportValve.invoke(ErrorReportValve.java:81)
	at org.apache.catalina.core.StandardEngineValve.invoke(StandardEngineValve.java:87)
	at org.apache.catalina.connector.CoyoteAdapter.service(CoyoteAdapter.java:342)
	at org.apache.coyote.http11.Http11Processor.service(Http11Processor.java:800)
	at org.apache.coyote.AbstractProcessorLight.process(AbstractProcessorLight.java:66)
	at org.apache.coyote.AbstractProtocol$ConnectionHandler.process(AbstractProtocol.java:806)
	at org.apache.tomcat.util.net.NioEndpoint$SocketProcessor.doRun(NioEndpoint.java:1498)
	at org.apache.tomcat.util.net.SocketProcessorBase.run(SocketProcessorBase.java:49)
	at java.base/java.util.concurrent.ThreadPoolExecutor.runWorker(ThreadPoolExecutor.java:1128)
	at java.base/java.util.concurrent.ThreadPoolExecutor$Worker.run(ThreadPoolExecutor.java:628)
	at org.apache.tomcat.util.threads.TaskThread$WrappingRunnable.run(TaskThread.java:61)
	at java.base/java.lang.Thread.run(Thread.java:829)
2025-07-01 19:11:25,426 WARN io.swagger.models.parameters.AbstractSerializableParameter [http-nio-8097-exec-10] Illegal DefaultValue  for parameter type integer
java.lang.NumberFormatException: For input string: ""
	at java.base/java.lang.NumberFormatException.forInputString(NumberFormatException.java:65)
	at java.base/java.lang.Long.parseLong(Long.java:702)
	at java.base/java.lang.Long.valueOf(Long.java:1144)
	at io.swagger.models.parameters.AbstractSerializableParameter.getExample(AbstractSerializableParameter.java:412)
	at jdk.internal.reflect.GeneratedMethodAccessor187.invoke(Unknown Source)
	at java.base/jdk.internal.reflect.DelegatingMethodAccessorImpl.invoke(DelegatingMethodAccessorImpl.java:43)
	at java.base/java.lang.reflect.Method.invoke(Method.java:566)
	at com.fasterxml.jackson.databind.ser.BeanPropertyWriter.serializeAsField(BeanPropertyWriter.java:687)
	at com.fasterxml.jackson.databind.ser.std.BeanSerializerBase.serializeFields(BeanSerializerBase.java:719)
	at com.fasterxml.jackson.databind.ser.BeanSerializer.serialize(BeanSerializer.java:155)
	at com.fasterxml.jackson.databind.ser.impl.IndexedListSerializer.serializeContents(IndexedListSerializer.java:119)
	at com.fasterxml.jackson.databind.ser.impl.IndexedListSerializer.serialize(IndexedListSerializer.java:79)
	at com.fasterxml.jackson.databind.ser.impl.IndexedListSerializer.serialize(IndexedListSerializer.java:18)
	at com.fasterxml.jackson.databind.ser.BeanPropertyWriter.serializeAsField(BeanPropertyWriter.java:727)
	at com.fasterxml.jackson.databind.ser.std.BeanSerializerBase.serializeFields(BeanSerializerBase.java:719)
	at com.fasterxml.jackson.databind.ser.BeanSerializer.serialize(BeanSerializer.java:155)
	at com.fasterxml.jackson.databind.ser.BeanPropertyWriter.serializeAsField(BeanPropertyWriter.java:727)
	at com.fasterxml.jackson.databind.ser.std.BeanSerializerBase.serializeFields(BeanSerializerBase.java:719)
	at com.fasterxml.jackson.databind.ser.BeanSerializer.serialize(BeanSerializer.java:155)
	at com.fasterxml.jackson.databind.ser.std.MapSerializer.serializeFields(MapSerializer.java:718)
	at com.fasterxml.jackson.databind.ser.std.MapSerializer.serialize(MapSerializer.java:639)
	at com.fasterxml.jackson.databind.ser.std.MapSerializer.serialize(MapSerializer.java:33)
	at com.fasterxml.jackson.databind.ser.BeanPropertyWriter.serializeAsField(BeanPropertyWriter.java:727)
	at com.fasterxml.jackson.databind.ser.std.BeanSerializerBase.serializeFields(BeanSerializerBase.java:719)
	at com.fasterxml.jackson.databind.ser.BeanSerializer.serialize(BeanSerializer.java:155)
	at com.fasterxml.jackson.databind.ser.DefaultSerializerProvider._serialize(DefaultSerializerProvider.java:480)
	at com.fasterxml.jackson.databind.ser.DefaultSerializerProvider.serializeValue(DefaultSerializerProvider.java:319)
	at com.fasterxml.jackson.databind.ObjectMapper._configAndWriteValue(ObjectMapper.java:3905)
	at com.fasterxml.jackson.databind.ObjectMapper.writeValueAsString(ObjectMapper.java:3219)
	at springfox.documentation.spring.web.json.JsonSerializer.toJson(JsonSerializer.java:38)
	at springfox.documentation.swagger2.web.Swagger2Controller.getDocumentation(Swagger2Controller.java:105)
	at java.base/jdk.internal.reflect.NativeMethodAccessorImpl.invoke0(Native Method)
	at java.base/jdk.internal.reflect.NativeMethodAccessorImpl.invoke(NativeMethodAccessorImpl.java:62)
	at java.base/jdk.internal.reflect.DelegatingMethodAccessorImpl.invoke(DelegatingMethodAccessorImpl.java:43)
	at java.base/java.lang.reflect.Method.invoke(Method.java:566)
	at org.springframework.web.method.support.InvocableHandlerMethod.doInvoke(InvocableHandlerMethod.java:209)
	at org.springframework.web.method.support.InvocableHandlerMethod.invokeForRequest(InvocableHandlerMethod.java:136)
	at org.springframework.web.servlet.mvc.method.annotation.ServletInvocableHandlerMethod.invokeAndHandle(ServletInvocableHandlerMethod.java:102)
	at org.springframework.web.servlet.mvc.method.annotation.RequestMappingHandlerAdapter.invokeHandlerMethod(RequestMappingHandlerAdapter.java:891)
	at org.springframework.web.servlet.mvc.method.annotation.RequestMappingHandlerAdapter.handleInternal(RequestMappingHandlerAdapter.java:797)
	at org.springframework.web.servlet.mvc.method.AbstractHandlerMethodAdapter.handle(AbstractHandlerMethodAdapter.java:87)
	at org.springframework.web.servlet.DispatcherServlet.doDispatch(DispatcherServlet.java:991)
	at org.springframework.web.servlet.DispatcherServlet.doService(DispatcherServlet.java:925)
	at org.springframework.web.servlet.FrameworkServlet.processRequest(FrameworkServlet.java:974)
	at org.springframework.web.servlet.FrameworkServlet.doGet(FrameworkServlet.java:866)
	at javax.servlet.http.HttpServlet.service(HttpServlet.java:635)
	at org.springframework.web.servlet.FrameworkServlet.service(FrameworkServlet.java:851)
	at javax.servlet.http.HttpServlet.service(HttpServlet.java:742)
	at org.apache.catalina.core.ApplicationFilterChain.internalDoFilter(ApplicationFilterChain.java:231)
	at org.apache.catalina.core.ApplicationFilterChain.doFilter(ApplicationFilterChain.java:166)
	at org.apache.tomcat.websocket.server.WsFilter.doFilter(WsFilter.java:52)
	at org.apache.catalina.core.ApplicationFilterChain.internalDoFilter(ApplicationFilterChain.java:193)
	at org.apache.catalina.core.ApplicationFilterChain.doFilter(ApplicationFilterChain.java:166)
	at com.ut.utAttendance.config.CorsFilter.doFilter(CorsFilter.java:23)
	at org.apache.catalina.core.ApplicationFilterChain.internalDoFilter(ApplicationFilterChain.java:193)
	at org.apache.catalina.core.ApplicationFilterChain.doFilter(ApplicationFilterChain.java:166)
	at org.springframework.boot.actuate.web.trace.servlet.HttpTraceFilter.doFilterInternal(HttpTraceFilter.java:90)
	at org.springframework.web.filter.OncePerRequestFilter.doFilter(OncePerRequestFilter.java:107)
	at org.apache.catalina.core.ApplicationFilterChain.internalDoFilter(ApplicationFilterChain.java:193)
	at org.apache.catalina.core.ApplicationFilterChain.doFilter(ApplicationFilterChain.java:166)
	at org.springframework.security.web.FilterChainProxy$VirtualFilterChain.doFilter(FilterChainProxy.java:320)
	at org.springframework.security.web.access.intercept.FilterSecurityInterceptor.invoke(FilterSecurityInterceptor.java:127)
	at org.springframework.security.web.access.intercept.FilterSecurityInterceptor.doFilter(FilterSecurityInterceptor.java:91)
	at org.springframework.security.web.FilterChainProxy$VirtualFilterChain.doFilter(FilterChainProxy.java:334)
	at org.springframework.security.web.access.ExceptionTranslationFilter.doFilter(ExceptionTranslationFilter.java:119)
	at org.springframework.security.web.FilterChainProxy$VirtualFilterChain.doFilter(FilterChainProxy.java:334)
	at org.springframework.security.web.session.SessionManagementFilter.doFilter(SessionManagementFilter.java:137)
	at org.springframework.security.web.FilterChainProxy$VirtualFilterChain.doFilter(FilterChainProxy.java:334)
	at org.springframework.security.web.servletapi.SecurityContextHolderAwareRequestFilter.doFilter(SecurityContextHolderAwareRequestFilter.java:170)
	at org.springframework.security.web.FilterChainProxy$VirtualFilterChain.doFilter(FilterChainProxy.java:334)
	at org.springframework.security.web.savedrequest.RequestCacheAwareFilter.doFilter(RequestCacheAwareFilter.java:63)
	at org.springframework.security.web.FilterChainProxy$VirtualFilterChain.doFilter(FilterChainProxy.java:334)
	at org.springframework.security.web.authentication.AbstractAuthenticationProcessingFilter.doFilter(AbstractAuthenticationProcessingFilter.java:200)
	at org.springframework.security.web.FilterChainProxy$VirtualFilterChain.doFilter(FilterChainProxy.java:334)
	at org.springframework.security.oauth2.provider.authentication.OAuth2AuthenticationProcessingFilter.doFilter(OAuth2AuthenticationProcessingFilter.java:176)
	at org.springframework.security.web.FilterChainProxy$VirtualFilterChain.doFilter(FilterChainProxy.java:334)
	at org.springframework.security.oauth2.client.web.OAuth2AuthorizationRequestRedirectFilter.doFilterInternal(OAuth2AuthorizationRequestRedirectFilter.java:129)
	at org.springframework.web.filter.OncePerRequestFilter.doFilter(OncePerRequestFilter.java:107)
	at org.springframework.security.web.FilterChainProxy$VirtualFilterChain.doFilter(FilterChainProxy.java:334)
	at org.springframework.security.web.authentication.logout.LogoutFilter.doFilter(LogoutFilter.java:116)
	at org.springframework.security.web.FilterChainProxy$VirtualFilterChain.doFilter(FilterChainProxy.java:334)
	at org.springframework.security.web.header.HeaderWriterFilter.doFilterInternal(HeaderWriterFilter.java:66)
	at org.springframework.web.filter.OncePerRequestFilter.doFilter(OncePerRequestFilter.java:107)
	at org.springframework.security.web.FilterChainProxy$VirtualFilterChain.doFilter(FilterChainProxy.java:334)
	at org.springframework.security.web.context.SecurityContextPersistenceFilter.doFilter(SecurityContextPersistenceFilter.java:105)
	at org.springframework.security.web.FilterChainProxy$VirtualFilterChain.doFilter(FilterChainProxy.java:334)
	at org.springframework.security.web.context.request.async.WebAsyncManagerIntegrationFilter.doFilterInternal(WebAsyncManagerIntegrationFilter.java:56)
	at org.springframework.web.filter.OncePerRequestFilter.doFilter(OncePerRequestFilter.java:107)
	at org.springframework.security.web.FilterChainProxy$VirtualFilterChain.doFilter(FilterChainProxy.java:334)
	at com.ut.utAttendance.config.CorsFilter.doFilter(CorsFilter.java:23)
	at org.springframework.security.web.FilterChainProxy$VirtualFilterChain.doFilter(FilterChainProxy.java:334)
	at org.springframework.security.web.FilterChainProxy.doFilterInternal(FilterChainProxy.java:215)
	at org.springframework.security.web.FilterChainProxy.doFilter(FilterChainProxy.java:178)
	at org.springframework.web.filter.DelegatingFilterProxy.invokeDelegate(DelegatingFilterProxy.java:357)
	at org.springframework.web.filter.DelegatingFilterProxy.doFilter(DelegatingFilterProxy.java:270)
	at org.apache.catalina.core.ApplicationFilterChain.internalDoFilter(ApplicationFilterChain.java:193)
	at org.apache.catalina.core.ApplicationFilterChain.doFilter(ApplicationFilterChain.java:166)
	at org.springframework.web.filter.RequestContextFilter.doFilterInternal(RequestContextFilter.java:99)
	at org.springframework.web.filter.OncePerRequestFilter.doFilter(OncePerRequestFilter.java:107)
	at org.apache.catalina.core.ApplicationFilterChain.internalDoFilter(ApplicationFilterChain.java:193)
	at org.apache.catalina.core.ApplicationFilterChain.doFilter(ApplicationFilterChain.java:166)
	at org.springframework.web.filter.HttpPutFormContentFilter.doFilterInternal(HttpPutFormContentFilter.java:109)
	at org.springframework.web.filter.OncePerRequestFilter.doFilter(OncePerRequestFilter.java:107)
	at org.apache.catalina.core.ApplicationFilterChain.internalDoFilter(ApplicationFilterChain.java:193)
	at org.apache.catalina.core.ApplicationFilterChain.doFilter(ApplicationFilterChain.java:166)
	at org.springframework.web.filter.HiddenHttpMethodFilter.doFilterInternal(HiddenHttpMethodFilter.java:93)
	at org.springframework.web.filter.OncePerRequestFilter.doFilter(OncePerRequestFilter.java:107)
	at org.apache.catalina.core.ApplicationFilterChain.internalDoFilter(ApplicationFilterChain.java:193)
	at org.apache.catalina.core.ApplicationFilterChain.doFilter(ApplicationFilterChain.java:166)
	at org.springframework.boot.actuate.metrics.web.servlet.WebMvcMetricsFilter.filterAndRecordMetrics(WebMvcMetricsFilter.java:155)
	at org.springframework.boot.actuate.metrics.web.servlet.WebMvcMetricsFilter.filterAndRecordMetrics(WebMvcMetricsFilter.java:123)
	at org.springframework.boot.actuate.metrics.web.servlet.WebMvcMetricsFilter.doFilterInternal(WebMvcMetricsFilter.java:108)
	at org.springframework.web.filter.OncePerRequestFilter.doFilter(OncePerRequestFilter.java:107)
	at org.apache.catalina.core.ApplicationFilterChain.internalDoFilter(ApplicationFilterChain.java:193)
	at org.apache.catalina.core.ApplicationFilterChain.doFilter(ApplicationFilterChain.java:166)
	at org.springframework.web.filter.CharacterEncodingFilter.doFilterInternal(CharacterEncodingFilter.java:200)
	at org.springframework.web.filter.OncePerRequestFilter.doFilter(OncePerRequestFilter.java:107)
	at org.apache.catalina.core.ApplicationFilterChain.internalDoFilter(ApplicationFilterChain.java:193)
	at org.apache.catalina.core.ApplicationFilterChain.doFilter(ApplicationFilterChain.java:166)
	at org.apache.catalina.core.StandardWrapperValve.invoke(StandardWrapperValve.java:198)
	at org.apache.catalina.core.StandardContextValve.invoke(StandardContextValve.java:96)
	at org.apache.catalina.authenticator.AuthenticatorBase.invoke(AuthenticatorBase.java:493)
	at org.apache.catalina.core.StandardHostValve.invoke(StandardHostValve.java:140)
	at org.apache.catalina.valves.ErrorReportValve.invoke(ErrorReportValve.java:81)
	at org.apache.catalina.core.StandardEngineValve.invoke(StandardEngineValve.java:87)
	at org.apache.catalina.connector.CoyoteAdapter.service(CoyoteAdapter.java:342)
	at org.apache.coyote.http11.Http11Processor.service(Http11Processor.java:800)
	at org.apache.coyote.AbstractProcessorLight.process(AbstractProcessorLight.java:66)
	at org.apache.coyote.AbstractProtocol$ConnectionHandler.process(AbstractProtocol.java:806)
	at org.apache.tomcat.util.net.NioEndpoint$SocketProcessor.doRun(NioEndpoint.java:1498)
	at org.apache.tomcat.util.net.SocketProcessorBase.run(SocketProcessorBase.java:49)
	at java.base/java.util.concurrent.ThreadPoolExecutor.runWorker(ThreadPoolExecutor.java:1128)
	at java.base/java.util.concurrent.ThreadPoolExecutor$Worker.run(ThreadPoolExecutor.java:628)
	at org.apache.tomcat.util.threads.TaskThread$WrappingRunnable.run(TaskThread.java:61)
	at java.base/java.lang.Thread.run(Thread.java:829)
2025-07-01 19:11:25,435 WARN io.swagger.models.parameters.AbstractSerializableParameter [http-nio-8097-exec-10] Illegal DefaultValue  for parameter type integer
java.lang.NumberFormatException: For input string: ""
	at java.base/java.lang.NumberFormatException.forInputString(NumberFormatException.java:65)
	at java.base/java.lang.Long.parseLong(Long.java:702)
	at java.base/java.lang.Long.valueOf(Long.java:1144)
	at io.swagger.models.parameters.AbstractSerializableParameter.getExample(AbstractSerializableParameter.java:412)
	at jdk.internal.reflect.GeneratedMethodAccessor187.invoke(Unknown Source)
	at java.base/jdk.internal.reflect.DelegatingMethodAccessorImpl.invoke(DelegatingMethodAccessorImpl.java:43)
	at java.base/java.lang.reflect.Method.invoke(Method.java:566)
	at com.fasterxml.jackson.databind.ser.BeanPropertyWriter.serializeAsField(BeanPropertyWriter.java:687)
	at com.fasterxml.jackson.databind.ser.std.BeanSerializerBase.serializeFields(BeanSerializerBase.java:719)
	at com.fasterxml.jackson.databind.ser.BeanSerializer.serialize(BeanSerializer.java:155)
	at com.fasterxml.jackson.databind.ser.impl.IndexedListSerializer.serializeContents(IndexedListSerializer.java:119)
	at com.fasterxml.jackson.databind.ser.impl.IndexedListSerializer.serialize(IndexedListSerializer.java:79)
	at com.fasterxml.jackson.databind.ser.impl.IndexedListSerializer.serialize(IndexedListSerializer.java:18)
	at com.fasterxml.jackson.databind.ser.BeanPropertyWriter.serializeAsField(BeanPropertyWriter.java:727)
	at com.fasterxml.jackson.databind.ser.std.BeanSerializerBase.serializeFields(BeanSerializerBase.java:719)
	at com.fasterxml.jackson.databind.ser.BeanSerializer.serialize(BeanSerializer.java:155)
	at com.fasterxml.jackson.databind.ser.BeanPropertyWriter.serializeAsField(BeanPropertyWriter.java:727)
	at com.fasterxml.jackson.databind.ser.std.BeanSerializerBase.serializeFields(BeanSerializerBase.java:719)
	at com.fasterxml.jackson.databind.ser.BeanSerializer.serialize(BeanSerializer.java:155)
	at com.fasterxml.jackson.databind.ser.std.MapSerializer.serializeFields(MapSerializer.java:718)
	at com.fasterxml.jackson.databind.ser.std.MapSerializer.serialize(MapSerializer.java:639)
	at com.fasterxml.jackson.databind.ser.std.MapSerializer.serialize(MapSerializer.java:33)
	at com.fasterxml.jackson.databind.ser.BeanPropertyWriter.serializeAsField(BeanPropertyWriter.java:727)
	at com.fasterxml.jackson.databind.ser.std.BeanSerializerBase.serializeFields(BeanSerializerBase.java:719)
	at com.fasterxml.jackson.databind.ser.BeanSerializer.serialize(BeanSerializer.java:155)
	at com.fasterxml.jackson.databind.ser.DefaultSerializerProvider._serialize(DefaultSerializerProvider.java:480)
	at com.fasterxml.jackson.databind.ser.DefaultSerializerProvider.serializeValue(DefaultSerializerProvider.java:319)
	at com.fasterxml.jackson.databind.ObjectMapper._configAndWriteValue(ObjectMapper.java:3905)
	at com.fasterxml.jackson.databind.ObjectMapper.writeValueAsString(ObjectMapper.java:3219)
	at springfox.documentation.spring.web.json.JsonSerializer.toJson(JsonSerializer.java:38)
	at springfox.documentation.swagger2.web.Swagger2Controller.getDocumentation(Swagger2Controller.java:105)
	at java.base/jdk.internal.reflect.NativeMethodAccessorImpl.invoke0(Native Method)
	at java.base/jdk.internal.reflect.NativeMethodAccessorImpl.invoke(NativeMethodAccessorImpl.java:62)
	at java.base/jdk.internal.reflect.DelegatingMethodAccessorImpl.invoke(DelegatingMethodAccessorImpl.java:43)
	at java.base/java.lang.reflect.Method.invoke(Method.java:566)
	at org.springframework.web.method.support.InvocableHandlerMethod.doInvoke(InvocableHandlerMethod.java:209)
	at org.springframework.web.method.support.InvocableHandlerMethod.invokeForRequest(InvocableHandlerMethod.java:136)
	at org.springframework.web.servlet.mvc.method.annotation.ServletInvocableHandlerMethod.invokeAndHandle(ServletInvocableHandlerMethod.java:102)
	at org.springframework.web.servlet.mvc.method.annotation.RequestMappingHandlerAdapter.invokeHandlerMethod(RequestMappingHandlerAdapter.java:891)
	at org.springframework.web.servlet.mvc.method.annotation.RequestMappingHandlerAdapter.handleInternal(RequestMappingHandlerAdapter.java:797)
	at org.springframework.web.servlet.mvc.method.AbstractHandlerMethodAdapter.handle(AbstractHandlerMethodAdapter.java:87)
	at org.springframework.web.servlet.DispatcherServlet.doDispatch(DispatcherServlet.java:991)
	at org.springframework.web.servlet.DispatcherServlet.doService(DispatcherServlet.java:925)
	at org.springframework.web.servlet.FrameworkServlet.processRequest(FrameworkServlet.java:974)
	at org.springframework.web.servlet.FrameworkServlet.doGet(FrameworkServlet.java:866)
	at javax.servlet.http.HttpServlet.service(HttpServlet.java:635)
	at org.springframework.web.servlet.FrameworkServlet.service(FrameworkServlet.java:851)
	at javax.servlet.http.HttpServlet.service(HttpServlet.java:742)
	at org.apache.catalina.core.ApplicationFilterChain.internalDoFilter(ApplicationFilterChain.java:231)
	at org.apache.catalina.core.ApplicationFilterChain.doFilter(ApplicationFilterChain.java:166)
	at org.apache.tomcat.websocket.server.WsFilter.doFilter(WsFilter.java:52)
	at org.apache.catalina.core.ApplicationFilterChain.internalDoFilter(ApplicationFilterChain.java:193)
	at org.apache.catalina.core.ApplicationFilterChain.doFilter(ApplicationFilterChain.java:166)
	at com.ut.utAttendance.config.CorsFilter.doFilter(CorsFilter.java:23)
	at org.apache.catalina.core.ApplicationFilterChain.internalDoFilter(ApplicationFilterChain.java:193)
	at org.apache.catalina.core.ApplicationFilterChain.doFilter(ApplicationFilterChain.java:166)
	at org.springframework.boot.actuate.web.trace.servlet.HttpTraceFilter.doFilterInternal(HttpTraceFilter.java:90)
	at org.springframework.web.filter.OncePerRequestFilter.doFilter(OncePerRequestFilter.java:107)
	at org.apache.catalina.core.ApplicationFilterChain.internalDoFilter(ApplicationFilterChain.java:193)
	at org.apache.catalina.core.ApplicationFilterChain.doFilter(ApplicationFilterChain.java:166)
	at org.springframework.security.web.FilterChainProxy$VirtualFilterChain.doFilter(FilterChainProxy.java:320)
	at org.springframework.security.web.access.intercept.FilterSecurityInterceptor.invoke(FilterSecurityInterceptor.java:127)
	at org.springframework.security.web.access.intercept.FilterSecurityInterceptor.doFilter(FilterSecurityInterceptor.java:91)
	at org.springframework.security.web.FilterChainProxy$VirtualFilterChain.doFilter(FilterChainProxy.java:334)
	at org.springframework.security.web.access.ExceptionTranslationFilter.doFilter(ExceptionTranslationFilter.java:119)
	at org.springframework.security.web.FilterChainProxy$VirtualFilterChain.doFilter(FilterChainProxy.java:334)
	at org.springframework.security.web.session.SessionManagementFilter.doFilter(SessionManagementFilter.java:137)
	at org.springframework.security.web.FilterChainProxy$VirtualFilterChain.doFilter(FilterChainProxy.java:334)
	at org.springframework.security.web.servletapi.SecurityContextHolderAwareRequestFilter.doFilter(SecurityContextHolderAwareRequestFilter.java:170)
	at org.springframework.security.web.FilterChainProxy$VirtualFilterChain.doFilter(FilterChainProxy.java:334)
	at org.springframework.security.web.savedrequest.RequestCacheAwareFilter.doFilter(RequestCacheAwareFilter.java:63)
	at org.springframework.security.web.FilterChainProxy$VirtualFilterChain.doFilter(FilterChainProxy.java:334)
	at org.springframework.security.web.authentication.AbstractAuthenticationProcessingFilter.doFilter(AbstractAuthenticationProcessingFilter.java:200)
	at org.springframework.security.web.FilterChainProxy$VirtualFilterChain.doFilter(FilterChainProxy.java:334)
	at org.springframework.security.oauth2.provider.authentication.OAuth2AuthenticationProcessingFilter.doFilter(OAuth2AuthenticationProcessingFilter.java:176)
	at org.springframework.security.web.FilterChainProxy$VirtualFilterChain.doFilter(FilterChainProxy.java:334)
	at org.springframework.security.oauth2.client.web.OAuth2AuthorizationRequestRedirectFilter.doFilterInternal(OAuth2AuthorizationRequestRedirectFilter.java:129)
	at org.springframework.web.filter.OncePerRequestFilter.doFilter(OncePerRequestFilter.java:107)
	at org.springframework.security.web.FilterChainProxy$VirtualFilterChain.doFilter(FilterChainProxy.java:334)
	at org.springframework.security.web.authentication.logout.LogoutFilter.doFilter(LogoutFilter.java:116)
	at org.springframework.security.web.FilterChainProxy$VirtualFilterChain.doFilter(FilterChainProxy.java:334)
	at org.springframework.security.web.header.HeaderWriterFilter.doFilterInternal(HeaderWriterFilter.java:66)
	at org.springframework.web.filter.OncePerRequestFilter.doFilter(OncePerRequestFilter.java:107)
	at org.springframework.security.web.FilterChainProxy$VirtualFilterChain.doFilter(FilterChainProxy.java:334)
	at org.springframework.security.web.context.SecurityContextPersistenceFilter.doFilter(SecurityContextPersistenceFilter.java:105)
	at org.springframework.security.web.FilterChainProxy$VirtualFilterChain.doFilter(FilterChainProxy.java:334)
	at org.springframework.security.web.context.request.async.WebAsyncManagerIntegrationFilter.doFilterInternal(WebAsyncManagerIntegrationFilter.java:56)
	at org.springframework.web.filter.OncePerRequestFilter.doFilter(OncePerRequestFilter.java:107)
	at org.springframework.security.web.FilterChainProxy$VirtualFilterChain.doFilter(FilterChainProxy.java:334)
	at com.ut.utAttendance.config.CorsFilter.doFilter(CorsFilter.java:23)
	at org.springframework.security.web.FilterChainProxy$VirtualFilterChain.doFilter(FilterChainProxy.java:334)
	at org.springframework.security.web.FilterChainProxy.doFilterInternal(FilterChainProxy.java:215)
	at org.springframework.security.web.FilterChainProxy.doFilter(FilterChainProxy.java:178)
	at org.springframework.web.filter.DelegatingFilterProxy.invokeDelegate(DelegatingFilterProxy.java:357)
	at org.springframework.web.filter.DelegatingFilterProxy.doFilter(DelegatingFilterProxy.java:270)
	at org.apache.catalina.core.ApplicationFilterChain.internalDoFilter(ApplicationFilterChain.java:193)
	at org.apache.catalina.core.ApplicationFilterChain.doFilter(ApplicationFilterChain.java:166)
	at org.springframework.web.filter.RequestContextFilter.doFilterInternal(RequestContextFilter.java:99)
	at org.springframework.web.filter.OncePerRequestFilter.doFilter(OncePerRequestFilter.java:107)
	at org.apache.catalina.core.ApplicationFilterChain.internalDoFilter(ApplicationFilterChain.java:193)
	at org.apache.catalina.core.ApplicationFilterChain.doFilter(ApplicationFilterChain.java:166)
	at org.springframework.web.filter.HttpPutFormContentFilter.doFilterInternal(HttpPutFormContentFilter.java:109)
	at org.springframework.web.filter.OncePerRequestFilter.doFilter(OncePerRequestFilter.java:107)
	at org.apache.catalina.core.ApplicationFilterChain.internalDoFilter(ApplicationFilterChain.java:193)
	at org.apache.catalina.core.ApplicationFilterChain.doFilter(ApplicationFilterChain.java:166)
	at org.springframework.web.filter.HiddenHttpMethodFilter.doFilterInternal(HiddenHttpMethodFilter.java:93)
	at org.springframework.web.filter.OncePerRequestFilter.doFilter(OncePerRequestFilter.java:107)
	at org.apache.catalina.core.ApplicationFilterChain.internalDoFilter(ApplicationFilterChain.java:193)
	at org.apache.catalina.core.ApplicationFilterChain.doFilter(ApplicationFilterChain.java:166)
	at org.springframework.boot.actuate.metrics.web.servlet.WebMvcMetricsFilter.filterAndRecordMetrics(WebMvcMetricsFilter.java:155)
	at org.springframework.boot.actuate.metrics.web.servlet.WebMvcMetricsFilter.filterAndRecordMetrics(WebMvcMetricsFilter.java:123)
	at org.springframework.boot.actuate.metrics.web.servlet.WebMvcMetricsFilter.doFilterInternal(WebMvcMetricsFilter.java:108)
	at org.springframework.web.filter.OncePerRequestFilter.doFilter(OncePerRequestFilter.java:107)
	at org.apache.catalina.core.ApplicationFilterChain.internalDoFilter(ApplicationFilterChain.java:193)
	at org.apache.catalina.core.ApplicationFilterChain.doFilter(ApplicationFilterChain.java:166)
	at org.springframework.web.filter.CharacterEncodingFilter.doFilterInternal(CharacterEncodingFilter.java:200)
	at org.springframework.web.filter.OncePerRequestFilter.doFilter(OncePerRequestFilter.java:107)
	at org.apache.catalina.core.ApplicationFilterChain.internalDoFilter(ApplicationFilterChain.java:193)
	at org.apache.catalina.core.ApplicationFilterChain.doFilter(ApplicationFilterChain.java:166)
	at org.apache.catalina.core.StandardWrapperValve.invoke(StandardWrapperValve.java:198)
	at org.apache.catalina.core.StandardContextValve.invoke(StandardContextValve.java:96)
	at org.apache.catalina.authenticator.AuthenticatorBase.invoke(AuthenticatorBase.java:493)
	at org.apache.catalina.core.StandardHostValve.invoke(StandardHostValve.java:140)
	at org.apache.catalina.valves.ErrorReportValve.invoke(ErrorReportValve.java:81)
	at org.apache.catalina.core.StandardEngineValve.invoke(StandardEngineValve.java:87)
	at org.apache.catalina.connector.CoyoteAdapter.service(CoyoteAdapter.java:342)
	at org.apache.coyote.http11.Http11Processor.service(Http11Processor.java:800)
	at org.apache.coyote.AbstractProcessorLight.process(AbstractProcessorLight.java:66)
	at org.apache.coyote.AbstractProtocol$ConnectionHandler.process(AbstractProtocol.java:806)
	at org.apache.tomcat.util.net.NioEndpoint$SocketProcessor.doRun(NioEndpoint.java:1498)
	at org.apache.tomcat.util.net.SocketProcessorBase.run(SocketProcessorBase.java:49)
	at java.base/java.util.concurrent.ThreadPoolExecutor.runWorker(ThreadPoolExecutor.java:1128)
	at java.base/java.util.concurrent.ThreadPoolExecutor$Worker.run(ThreadPoolExecutor.java:628)
	at org.apache.tomcat.util.threads.TaskThread$WrappingRunnable.run(TaskThread.java:61)
	at java.base/java.lang.Thread.run(Thread.java:829)
2025-07-01 19:11:25,439 WARN io.swagger.models.parameters.AbstractSerializableParameter [http-nio-8097-exec-10] Illegal DefaultValue  for parameter type integer
java.lang.NumberFormatException: For input string: ""
	at java.base/java.lang.NumberFormatException.forInputString(NumberFormatException.java:65)
	at java.base/java.lang.Long.parseLong(Long.java:702)
	at java.base/java.lang.Long.valueOf(Long.java:1144)
	at io.swagger.models.parameters.AbstractSerializableParameter.getExample(AbstractSerializableParameter.java:412)
	at jdk.internal.reflect.GeneratedMethodAccessor187.invoke(Unknown Source)
	at java.base/jdk.internal.reflect.DelegatingMethodAccessorImpl.invoke(DelegatingMethodAccessorImpl.java:43)
	at java.base/java.lang.reflect.Method.invoke(Method.java:566)
	at com.fasterxml.jackson.databind.ser.BeanPropertyWriter.serializeAsField(BeanPropertyWriter.java:687)
	at com.fasterxml.jackson.databind.ser.std.BeanSerializerBase.serializeFields(BeanSerializerBase.java:719)
	at com.fasterxml.jackson.databind.ser.BeanSerializer.serialize(BeanSerializer.java:155)
	at com.fasterxml.jackson.databind.ser.impl.IndexedListSerializer.serializeContents(IndexedListSerializer.java:119)
	at com.fasterxml.jackson.databind.ser.impl.IndexedListSerializer.serialize(IndexedListSerializer.java:79)
	at com.fasterxml.jackson.databind.ser.impl.IndexedListSerializer.serialize(IndexedListSerializer.java:18)
	at com.fasterxml.jackson.databind.ser.BeanPropertyWriter.serializeAsField(BeanPropertyWriter.java:727)
	at com.fasterxml.jackson.databind.ser.std.BeanSerializerBase.serializeFields(BeanSerializerBase.java:719)
	at com.fasterxml.jackson.databind.ser.BeanSerializer.serialize(BeanSerializer.java:155)
	at com.fasterxml.jackson.databind.ser.BeanPropertyWriter.serializeAsField(BeanPropertyWriter.java:727)
	at com.fasterxml.jackson.databind.ser.std.BeanSerializerBase.serializeFields(BeanSerializerBase.java:719)
	at com.fasterxml.jackson.databind.ser.BeanSerializer.serialize(BeanSerializer.java:155)
	at com.fasterxml.jackson.databind.ser.std.MapSerializer.serializeFields(MapSerializer.java:718)
	at com.fasterxml.jackson.databind.ser.std.MapSerializer.serialize(MapSerializer.java:639)
	at com.fasterxml.jackson.databind.ser.std.MapSerializer.serialize(MapSerializer.java:33)
	at com.fasterxml.jackson.databind.ser.BeanPropertyWriter.serializeAsField(BeanPropertyWriter.java:727)
	at com.fasterxml.jackson.databind.ser.std.BeanSerializerBase.serializeFields(BeanSerializerBase.java:719)
	at com.fasterxml.jackson.databind.ser.BeanSerializer.serialize(BeanSerializer.java:155)
	at com.fasterxml.jackson.databind.ser.DefaultSerializerProvider._serialize(DefaultSerializerProvider.java:480)
	at com.fasterxml.jackson.databind.ser.DefaultSerializerProvider.serializeValue(DefaultSerializerProvider.java:319)
	at com.fasterxml.jackson.databind.ObjectMapper._configAndWriteValue(ObjectMapper.java:3905)
	at com.fasterxml.jackson.databind.ObjectMapper.writeValueAsString(ObjectMapper.java:3219)
	at springfox.documentation.spring.web.json.JsonSerializer.toJson(JsonSerializer.java:38)
	at springfox.documentation.swagger2.web.Swagger2Controller.getDocumentation(Swagger2Controller.java:105)
	at java.base/jdk.internal.reflect.NativeMethodAccessorImpl.invoke0(Native Method)
	at java.base/jdk.internal.reflect.NativeMethodAccessorImpl.invoke(NativeMethodAccessorImpl.java:62)
	at java.base/jdk.internal.reflect.DelegatingMethodAccessorImpl.invoke(DelegatingMethodAccessorImpl.java:43)
	at java.base/java.lang.reflect.Method.invoke(Method.java:566)
	at org.springframework.web.method.support.InvocableHandlerMethod.doInvoke(InvocableHandlerMethod.java:209)
	at org.springframework.web.method.support.InvocableHandlerMethod.invokeForRequest(InvocableHandlerMethod.java:136)
	at org.springframework.web.servlet.mvc.method.annotation.ServletInvocableHandlerMethod.invokeAndHandle(ServletInvocableHandlerMethod.java:102)
	at org.springframework.web.servlet.mvc.method.annotation.RequestMappingHandlerAdapter.invokeHandlerMethod(RequestMappingHandlerAdapter.java:891)
	at org.springframework.web.servlet.mvc.method.annotation.RequestMappingHandlerAdapter.handleInternal(RequestMappingHandlerAdapter.java:797)
	at org.springframework.web.servlet.mvc.method.AbstractHandlerMethodAdapter.handle(AbstractHandlerMethodAdapter.java:87)
	at org.springframework.web.servlet.DispatcherServlet.doDispatch(DispatcherServlet.java:991)
	at org.springframework.web.servlet.DispatcherServlet.doService(DispatcherServlet.java:925)
	at org.springframework.web.servlet.FrameworkServlet.processRequest(FrameworkServlet.java:974)
	at org.springframework.web.servlet.FrameworkServlet.doGet(FrameworkServlet.java:866)
	at javax.servlet.http.HttpServlet.service(HttpServlet.java:635)
	at org.springframework.web.servlet.FrameworkServlet.service(FrameworkServlet.java:851)
	at javax.servlet.http.HttpServlet.service(HttpServlet.java:742)
	at org.apache.catalina.core.ApplicationFilterChain.internalDoFilter(ApplicationFilterChain.java:231)
	at org.apache.catalina.core.ApplicationFilterChain.doFilter(ApplicationFilterChain.java:166)
	at org.apache.tomcat.websocket.server.WsFilter.doFilter(WsFilter.java:52)
	at org.apache.catalina.core.ApplicationFilterChain.internalDoFilter(ApplicationFilterChain.java:193)
	at org.apache.catalina.core.ApplicationFilterChain.doFilter(ApplicationFilterChain.java:166)
	at com.ut.utAttendance.config.CorsFilter.doFilter(CorsFilter.java:23)
	at org.apache.catalina.core.ApplicationFilterChain.internalDoFilter(ApplicationFilterChain.java:193)
	at org.apache.catalina.core.ApplicationFilterChain.doFilter(ApplicationFilterChain.java:166)
	at org.springframework.boot.actuate.web.trace.servlet.HttpTraceFilter.doFilterInternal(HttpTraceFilter.java:90)
	at org.springframework.web.filter.OncePerRequestFilter.doFilter(OncePerRequestFilter.java:107)
	at org.apache.catalina.core.ApplicationFilterChain.internalDoFilter(ApplicationFilterChain.java:193)
	at org.apache.catalina.core.ApplicationFilterChain.doFilter(ApplicationFilterChain.java:166)
	at org.springframework.security.web.FilterChainProxy$VirtualFilterChain.doFilter(FilterChainProxy.java:320)
	at org.springframework.security.web.access.intercept.FilterSecurityInterceptor.invoke(FilterSecurityInterceptor.java:127)
	at org.springframework.security.web.access.intercept.FilterSecurityInterceptor.doFilter(FilterSecurityInterceptor.java:91)
	at org.springframework.security.web.FilterChainProxy$VirtualFilterChain.doFilter(FilterChainProxy.java:334)
	at org.springframework.security.web.access.ExceptionTranslationFilter.doFilter(ExceptionTranslationFilter.java:119)
	at org.springframework.security.web.FilterChainProxy$VirtualFilterChain.doFilter(FilterChainProxy.java:334)
	at org.springframework.security.web.session.SessionManagementFilter.doFilter(SessionManagementFilter.java:137)
	at org.springframework.security.web.FilterChainProxy$VirtualFilterChain.doFilter(FilterChainProxy.java:334)
	at org.springframework.security.web.servletapi.SecurityContextHolderAwareRequestFilter.doFilter(SecurityContextHolderAwareRequestFilter.java:170)
	at org.springframework.security.web.FilterChainProxy$VirtualFilterChain.doFilter(FilterChainProxy.java:334)
	at org.springframework.security.web.savedrequest.RequestCacheAwareFilter.doFilter(RequestCacheAwareFilter.java:63)
	at org.springframework.security.web.FilterChainProxy$VirtualFilterChain.doFilter(FilterChainProxy.java:334)
	at org.springframework.security.web.authentication.AbstractAuthenticationProcessingFilter.doFilter(AbstractAuthenticationProcessingFilter.java:200)
	at org.springframework.security.web.FilterChainProxy$VirtualFilterChain.doFilter(FilterChainProxy.java:334)
	at org.springframework.security.oauth2.provider.authentication.OAuth2AuthenticationProcessingFilter.doFilter(OAuth2AuthenticationProcessingFilter.java:176)
	at org.springframework.security.web.FilterChainProxy$VirtualFilterChain.doFilter(FilterChainProxy.java:334)
	at org.springframework.security.oauth2.client.web.OAuth2AuthorizationRequestRedirectFilter.doFilterInternal(OAuth2AuthorizationRequestRedirectFilter.java:129)
	at org.springframework.web.filter.OncePerRequestFilter.doFilter(OncePerRequestFilter.java:107)
	at org.springframework.security.web.FilterChainProxy$VirtualFilterChain.doFilter(FilterChainProxy.java:334)
	at org.springframework.security.web.authentication.logout.LogoutFilter.doFilter(LogoutFilter.java:116)
	at org.springframework.security.web.FilterChainProxy$VirtualFilterChain.doFilter(FilterChainProxy.java:334)
	at org.springframework.security.web.header.HeaderWriterFilter.doFilterInternal(HeaderWriterFilter.java:66)
	at org.springframework.web.filter.OncePerRequestFilter.doFilter(OncePerRequestFilter.java:107)
	at org.springframework.security.web.FilterChainProxy$VirtualFilterChain.doFilter(FilterChainProxy.java:334)
	at org.springframework.security.web.context.SecurityContextPersistenceFilter.doFilter(SecurityContextPersistenceFilter.java:105)
	at org.springframework.security.web.FilterChainProxy$VirtualFilterChain.doFilter(FilterChainProxy.java:334)
	at org.springframework.security.web.context.request.async.WebAsyncManagerIntegrationFilter.doFilterInternal(WebAsyncManagerIntegrationFilter.java:56)
	at org.springframework.web.filter.OncePerRequestFilter.doFilter(OncePerRequestFilter.java:107)
	at org.springframework.security.web.FilterChainProxy$VirtualFilterChain.doFilter(FilterChainProxy.java:334)
	at com.ut.utAttendance.config.CorsFilter.doFilter(CorsFilter.java:23)
	at org.springframework.security.web.FilterChainProxy$VirtualFilterChain.doFilter(FilterChainProxy.java:334)
	at org.springframework.security.web.FilterChainProxy.doFilterInternal(FilterChainProxy.java:215)
	at org.springframework.security.web.FilterChainProxy.doFilter(FilterChainProxy.java:178)
	at org.springframework.web.filter.DelegatingFilterProxy.invokeDelegate(DelegatingFilterProxy.java:357)
	at org.springframework.web.filter.DelegatingFilterProxy.doFilter(DelegatingFilterProxy.java:270)
	at org.apache.catalina.core.ApplicationFilterChain.internalDoFilter(ApplicationFilterChain.java:193)
	at org.apache.catalina.core.ApplicationFilterChain.doFilter(ApplicationFilterChain.java:166)
	at org.springframework.web.filter.RequestContextFilter.doFilterInternal(RequestContextFilter.java:99)
	at org.springframework.web.filter.OncePerRequestFilter.doFilter(OncePerRequestFilter.java:107)
	at org.apache.catalina.core.ApplicationFilterChain.internalDoFilter(ApplicationFilterChain.java:193)
	at org.apache.catalina.core.ApplicationFilterChain.doFilter(ApplicationFilterChain.java:166)
	at org.springframework.web.filter.HttpPutFormContentFilter.doFilterInternal(HttpPutFormContentFilter.java:109)
	at org.springframework.web.filter.OncePerRequestFilter.doFilter(OncePerRequestFilter.java:107)
	at org.apache.catalina.core.ApplicationFilterChain.internalDoFilter(ApplicationFilterChain.java:193)
	at org.apache.catalina.core.ApplicationFilterChain.doFilter(ApplicationFilterChain.java:166)
	at org.springframework.web.filter.HiddenHttpMethodFilter.doFilterInternal(HiddenHttpMethodFilter.java:93)
	at org.springframework.web.filter.OncePerRequestFilter.doFilter(OncePerRequestFilter.java:107)
	at org.apache.catalina.core.ApplicationFilterChain.internalDoFilter(ApplicationFilterChain.java:193)
	at org.apache.catalina.core.ApplicationFilterChain.doFilter(ApplicationFilterChain.java:166)
	at org.springframework.boot.actuate.metrics.web.servlet.WebMvcMetricsFilter.filterAndRecordMetrics(WebMvcMetricsFilter.java:155)
	at org.springframework.boot.actuate.metrics.web.servlet.WebMvcMetricsFilter.filterAndRecordMetrics(WebMvcMetricsFilter.java:123)
	at org.springframework.boot.actuate.metrics.web.servlet.WebMvcMetricsFilter.doFilterInternal(WebMvcMetricsFilter.java:108)
	at org.springframework.web.filter.OncePerRequestFilter.doFilter(OncePerRequestFilter.java:107)
	at org.apache.catalina.core.ApplicationFilterChain.internalDoFilter(ApplicationFilterChain.java:193)
	at org.apache.catalina.core.ApplicationFilterChain.doFilter(ApplicationFilterChain.java:166)
	at org.springframework.web.filter.CharacterEncodingFilter.doFilterInternal(CharacterEncodingFilter.java:200)
	at org.springframework.web.filter.OncePerRequestFilter.doFilter(OncePerRequestFilter.java:107)
	at org.apache.catalina.core.ApplicationFilterChain.internalDoFilter(ApplicationFilterChain.java:193)
	at org.apache.catalina.core.ApplicationFilterChain.doFilter(ApplicationFilterChain.java:166)
	at org.apache.catalina.core.StandardWrapperValve.invoke(StandardWrapperValve.java:198)
	at org.apache.catalina.core.StandardContextValve.invoke(StandardContextValve.java:96)
	at org.apache.catalina.authenticator.AuthenticatorBase.invoke(AuthenticatorBase.java:493)
	at org.apache.catalina.core.StandardHostValve.invoke(StandardHostValve.java:140)
	at org.apache.catalina.valves.ErrorReportValve.invoke(ErrorReportValve.java:81)
	at org.apache.catalina.core.StandardEngineValve.invoke(StandardEngineValve.java:87)
	at org.apache.catalina.connector.CoyoteAdapter.service(CoyoteAdapter.java:342)
	at org.apache.coyote.http11.Http11Processor.service(Http11Processor.java:800)
	at org.apache.coyote.AbstractProcessorLight.process(AbstractProcessorLight.java:66)
	at org.apache.coyote.AbstractProtocol$ConnectionHandler.process(AbstractProtocol.java:806)
	at org.apache.tomcat.util.net.NioEndpoint$SocketProcessor.doRun(NioEndpoint.java:1498)
	at org.apache.tomcat.util.net.SocketProcessorBase.run(SocketProcessorBase.java:49)
	at java.base/java.util.concurrent.ThreadPoolExecutor.runWorker(ThreadPoolExecutor.java:1128)
	at java.base/java.util.concurrent.ThreadPoolExecutor$Worker.run(ThreadPoolExecutor.java:628)
	at org.apache.tomcat.util.threads.TaskThread$WrappingRunnable.run(TaskThread.java:61)
	at java.base/java.lang.Thread.run(Thread.java:829)
2025-07-01 19:11:25,441 WARN io.swagger.models.parameters.AbstractSerializableParameter [http-nio-8097-exec-10] Illegal DefaultValue  for parameter type integer
java.lang.NumberFormatException: For input string: ""
	at java.base/java.lang.NumberFormatException.forInputString(NumberFormatException.java:65)
	at java.base/java.lang.Long.parseLong(Long.java:702)
	at java.base/java.lang.Long.valueOf(Long.java:1144)
	at io.swagger.models.parameters.AbstractSerializableParameter.getExample(AbstractSerializableParameter.java:412)
	at jdk.internal.reflect.GeneratedMethodAccessor187.invoke(Unknown Source)
	at java.base/jdk.internal.reflect.DelegatingMethodAccessorImpl.invoke(DelegatingMethodAccessorImpl.java:43)
	at java.base/java.lang.reflect.Method.invoke(Method.java:566)
	at com.fasterxml.jackson.databind.ser.BeanPropertyWriter.serializeAsField(BeanPropertyWriter.java:687)
	at com.fasterxml.jackson.databind.ser.std.BeanSerializerBase.serializeFields(BeanSerializerBase.java:719)
	at com.fasterxml.jackson.databind.ser.BeanSerializer.serialize(BeanSerializer.java:155)
	at com.fasterxml.jackson.databind.ser.impl.IndexedListSerializer.serializeContents(IndexedListSerializer.java:119)
	at com.fasterxml.jackson.databind.ser.impl.IndexedListSerializer.serialize(IndexedListSerializer.java:79)
	at com.fasterxml.jackson.databind.ser.impl.IndexedListSerializer.serialize(IndexedListSerializer.java:18)
	at com.fasterxml.jackson.databind.ser.BeanPropertyWriter.serializeAsField(BeanPropertyWriter.java:727)
	at com.fasterxml.jackson.databind.ser.std.BeanSerializerBase.serializeFields(BeanSerializerBase.java:719)
	at com.fasterxml.jackson.databind.ser.BeanSerializer.serialize(BeanSerializer.java:155)
	at com.fasterxml.jackson.databind.ser.BeanPropertyWriter.serializeAsField(BeanPropertyWriter.java:727)
	at com.fasterxml.jackson.databind.ser.std.BeanSerializerBase.serializeFields(BeanSerializerBase.java:719)
	at com.fasterxml.jackson.databind.ser.BeanSerializer.serialize(BeanSerializer.java:155)
	at com.fasterxml.jackson.databind.ser.std.MapSerializer.serializeFields(MapSerializer.java:718)
	at com.fasterxml.jackson.databind.ser.std.MapSerializer.serialize(MapSerializer.java:639)
	at com.fasterxml.jackson.databind.ser.std.MapSerializer.serialize(MapSerializer.java:33)
	at com.fasterxml.jackson.databind.ser.BeanPropertyWriter.serializeAsField(BeanPropertyWriter.java:727)
	at com.fasterxml.jackson.databind.ser.std.BeanSerializerBase.serializeFields(BeanSerializerBase.java:719)
	at com.fasterxml.jackson.databind.ser.BeanSerializer.serialize(BeanSerializer.java:155)
	at com.fasterxml.jackson.databind.ser.DefaultSerializerProvider._serialize(DefaultSerializerProvider.java:480)
	at com.fasterxml.jackson.databind.ser.DefaultSerializerProvider.serializeValue(DefaultSerializerProvider.java:319)
	at com.fasterxml.jackson.databind.ObjectMapper._configAndWriteValue(ObjectMapper.java:3905)
	at com.fasterxml.jackson.databind.ObjectMapper.writeValueAsString(ObjectMapper.java:3219)
	at springfox.documentation.spring.web.json.JsonSerializer.toJson(JsonSerializer.java:38)
	at springfox.documentation.swagger2.web.Swagger2Controller.getDocumentation(Swagger2Controller.java:105)
	at java.base/jdk.internal.reflect.NativeMethodAccessorImpl.invoke0(Native Method)
	at java.base/jdk.internal.reflect.NativeMethodAccessorImpl.invoke(NativeMethodAccessorImpl.java:62)
	at java.base/jdk.internal.reflect.DelegatingMethodAccessorImpl.invoke(DelegatingMethodAccessorImpl.java:43)
	at java.base/java.lang.reflect.Method.invoke(Method.java:566)
	at org.springframework.web.method.support.InvocableHandlerMethod.doInvoke(InvocableHandlerMethod.java:209)
	at org.springframework.web.method.support.InvocableHandlerMethod.invokeForRequest(InvocableHandlerMethod.java:136)
	at org.springframework.web.servlet.mvc.method.annotation.ServletInvocableHandlerMethod.invokeAndHandle(ServletInvocableHandlerMethod.java:102)
	at org.springframework.web.servlet.mvc.method.annotation.RequestMappingHandlerAdapter.invokeHandlerMethod(RequestMappingHandlerAdapter.java:891)
	at org.springframework.web.servlet.mvc.method.annotation.RequestMappingHandlerAdapter.handleInternal(RequestMappingHandlerAdapter.java:797)
	at org.springframework.web.servlet.mvc.method.AbstractHandlerMethodAdapter.handle(AbstractHandlerMethodAdapter.java:87)
	at org.springframework.web.servlet.DispatcherServlet.doDispatch(DispatcherServlet.java:991)
	at org.springframework.web.servlet.DispatcherServlet.doService(DispatcherServlet.java:925)
	at org.springframework.web.servlet.FrameworkServlet.processRequest(FrameworkServlet.java:974)
	at org.springframework.web.servlet.FrameworkServlet.doGet(FrameworkServlet.java:866)
	at javax.servlet.http.HttpServlet.service(HttpServlet.java:635)
	at org.springframework.web.servlet.FrameworkServlet.service(FrameworkServlet.java:851)
	at javax.servlet.http.HttpServlet.service(HttpServlet.java:742)
	at org.apache.catalina.core.ApplicationFilterChain.internalDoFilter(ApplicationFilterChain.java:231)
	at org.apache.catalina.core.ApplicationFilterChain.doFilter(ApplicationFilterChain.java:166)
	at org.apache.tomcat.websocket.server.WsFilter.doFilter(WsFilter.java:52)
	at org.apache.catalina.core.ApplicationFilterChain.internalDoFilter(ApplicationFilterChain.java:193)
	at org.apache.catalina.core.ApplicationFilterChain.doFilter(ApplicationFilterChain.java:166)
	at com.ut.utAttendance.config.CorsFilter.doFilter(CorsFilter.java:23)
	at org.apache.catalina.core.ApplicationFilterChain.internalDoFilter(ApplicationFilterChain.java:193)
	at org.apache.catalina.core.ApplicationFilterChain.doFilter(ApplicationFilterChain.java:166)
	at org.springframework.boot.actuate.web.trace.servlet.HttpTraceFilter.doFilterInternal(HttpTraceFilter.java:90)
	at org.springframework.web.filter.OncePerRequestFilter.doFilter(OncePerRequestFilter.java:107)
	at org.apache.catalina.core.ApplicationFilterChain.internalDoFilter(ApplicationFilterChain.java:193)
	at org.apache.catalina.core.ApplicationFilterChain.doFilter(ApplicationFilterChain.java:166)
	at org.springframework.security.web.FilterChainProxy$VirtualFilterChain.doFilter(FilterChainProxy.java:320)
	at org.springframework.security.web.access.intercept.FilterSecurityInterceptor.invoke(FilterSecurityInterceptor.java:127)
	at org.springframework.security.web.access.intercept.FilterSecurityInterceptor.doFilter(FilterSecurityInterceptor.java:91)
	at org.springframework.security.web.FilterChainProxy$VirtualFilterChain.doFilter(FilterChainProxy.java:334)
	at org.springframework.security.web.access.ExceptionTranslationFilter.doFilter(ExceptionTranslationFilter.java:119)
	at org.springframework.security.web.FilterChainProxy$VirtualFilterChain.doFilter(FilterChainProxy.java:334)
	at org.springframework.security.web.session.SessionManagementFilter.doFilter(SessionManagementFilter.java:137)
	at org.springframework.security.web.FilterChainProxy$VirtualFilterChain.doFilter(FilterChainProxy.java:334)
	at org.springframework.security.web.servletapi.SecurityContextHolderAwareRequestFilter.doFilter(SecurityContextHolderAwareRequestFilter.java:170)
	at org.springframework.security.web.FilterChainProxy$VirtualFilterChain.doFilter(FilterChainProxy.java:334)
	at org.springframework.security.web.savedrequest.RequestCacheAwareFilter.doFilter(RequestCacheAwareFilter.java:63)
	at org.springframework.security.web.FilterChainProxy$VirtualFilterChain.doFilter(FilterChainProxy.java:334)
	at org.springframework.security.web.authentication.AbstractAuthenticationProcessingFilter.doFilter(AbstractAuthenticationProcessingFilter.java:200)
	at org.springframework.security.web.FilterChainProxy$VirtualFilterChain.doFilter(FilterChainProxy.java:334)
	at org.springframework.security.oauth2.provider.authentication.OAuth2AuthenticationProcessingFilter.doFilter(OAuth2AuthenticationProcessingFilter.java:176)
	at org.springframework.security.web.FilterChainProxy$VirtualFilterChain.doFilter(FilterChainProxy.java:334)
	at org.springframework.security.oauth2.client.web.OAuth2AuthorizationRequestRedirectFilter.doFilterInternal(OAuth2AuthorizationRequestRedirectFilter.java:129)
	at org.springframework.web.filter.OncePerRequestFilter.doFilter(OncePerRequestFilter.java:107)
	at org.springframework.security.web.FilterChainProxy$VirtualFilterChain.doFilter(FilterChainProxy.java:334)
	at org.springframework.security.web.authentication.logout.LogoutFilter.doFilter(LogoutFilter.java:116)
	at org.springframework.security.web.FilterChainProxy$VirtualFilterChain.doFilter(FilterChainProxy.java:334)
	at org.springframework.security.web.header.HeaderWriterFilter.doFilterInternal(HeaderWriterFilter.java:66)
	at org.springframework.web.filter.OncePerRequestFilter.doFilter(OncePerRequestFilter.java:107)
	at org.springframework.security.web.FilterChainProxy$VirtualFilterChain.doFilter(FilterChainProxy.java:334)
	at org.springframework.security.web.context.SecurityContextPersistenceFilter.doFilter(SecurityContextPersistenceFilter.java:105)
	at org.springframework.security.web.FilterChainProxy$VirtualFilterChain.doFilter(FilterChainProxy.java:334)
	at org.springframework.security.web.context.request.async.WebAsyncManagerIntegrationFilter.doFilterInternal(WebAsyncManagerIntegrationFilter.java:56)
	at org.springframework.web.filter.OncePerRequestFilter.doFilter(OncePerRequestFilter.java:107)
	at org.springframework.security.web.FilterChainProxy$VirtualFilterChain.doFilter(FilterChainProxy.java:334)
	at com.ut.utAttendance.config.CorsFilter.doFilter(CorsFilter.java:23)
	at org.springframework.security.web.FilterChainProxy$VirtualFilterChain.doFilter(FilterChainProxy.java:334)
	at org.springframework.security.web.FilterChainProxy.doFilterInternal(FilterChainProxy.java:215)
	at org.springframework.security.web.FilterChainProxy.doFilter(FilterChainProxy.java:178)
	at org.springframework.web.filter.DelegatingFilterProxy.invokeDelegate(DelegatingFilterProxy.java:357)
	at org.springframework.web.filter.DelegatingFilterProxy.doFilter(DelegatingFilterProxy.java:270)
	at org.apache.catalina.core.ApplicationFilterChain.internalDoFilter(ApplicationFilterChain.java:193)
	at org.apache.catalina.core.ApplicationFilterChain.doFilter(ApplicationFilterChain.java:166)
	at org.springframework.web.filter.RequestContextFilter.doFilterInternal(RequestContextFilter.java:99)
	at org.springframework.web.filter.OncePerRequestFilter.doFilter(OncePerRequestFilter.java:107)
	at org.apache.catalina.core.ApplicationFilterChain.internalDoFilter(ApplicationFilterChain.java:193)
	at org.apache.catalina.core.ApplicationFilterChain.doFilter(ApplicationFilterChain.java:166)
	at org.springframework.web.filter.HttpPutFormContentFilter.doFilterInternal(HttpPutFormContentFilter.java:109)
	at org.springframework.web.filter.OncePerRequestFilter.doFilter(OncePerRequestFilter.java:107)
	at org.apache.catalina.core.ApplicationFilterChain.internalDoFilter(ApplicationFilterChain.java:193)
	at org.apache.catalina.core.ApplicationFilterChain.doFilter(ApplicationFilterChain.java:166)
	at org.springframework.web.filter.HiddenHttpMethodFilter.doFilterInternal(HiddenHttpMethodFilter.java:93)
	at org.springframework.web.filter.OncePerRequestFilter.doFilter(OncePerRequestFilter.java:107)
	at org.apache.catalina.core.ApplicationFilterChain.internalDoFilter(ApplicationFilterChain.java:193)
	at org.apache.catalina.core.ApplicationFilterChain.doFilter(ApplicationFilterChain.java:166)
	at org.springframework.boot.actuate.metrics.web.servlet.WebMvcMetricsFilter.filterAndRecordMetrics(WebMvcMetricsFilter.java:155)
	at org.springframework.boot.actuate.metrics.web.servlet.WebMvcMetricsFilter.filterAndRecordMetrics(WebMvcMetricsFilter.java:123)
	at org.springframework.boot.actuate.metrics.web.servlet.WebMvcMetricsFilter.doFilterInternal(WebMvcMetricsFilter.java:108)
	at org.springframework.web.filter.OncePerRequestFilter.doFilter(OncePerRequestFilter.java:107)
	at org.apache.catalina.core.ApplicationFilterChain.internalDoFilter(ApplicationFilterChain.java:193)
	at org.apache.catalina.core.ApplicationFilterChain.doFilter(ApplicationFilterChain.java:166)
	at org.springframework.web.filter.CharacterEncodingFilter.doFilterInternal(CharacterEncodingFilter.java:200)
	at org.springframework.web.filter.OncePerRequestFilter.doFilter(OncePerRequestFilter.java:107)
	at org.apache.catalina.core.ApplicationFilterChain.internalDoFilter(ApplicationFilterChain.java:193)
	at org.apache.catalina.core.ApplicationFilterChain.doFilter(ApplicationFilterChain.java:166)
	at org.apache.catalina.core.StandardWrapperValve.invoke(StandardWrapperValve.java:198)
	at org.apache.catalina.core.StandardContextValve.invoke(StandardContextValve.java:96)
	at org.apache.catalina.authenticator.AuthenticatorBase.invoke(AuthenticatorBase.java:493)
	at org.apache.catalina.core.StandardHostValve.invoke(StandardHostValve.java:140)
	at org.apache.catalina.valves.ErrorReportValve.invoke(ErrorReportValve.java:81)
	at org.apache.catalina.core.StandardEngineValve.invoke(StandardEngineValve.java:87)
	at org.apache.catalina.connector.CoyoteAdapter.service(CoyoteAdapter.java:342)
	at org.apache.coyote.http11.Http11Processor.service(Http11Processor.java:800)
	at org.apache.coyote.AbstractProcessorLight.process(AbstractProcessorLight.java:66)
	at org.apache.coyote.AbstractProtocol$ConnectionHandler.process(AbstractProtocol.java:806)
	at org.apache.tomcat.util.net.NioEndpoint$SocketProcessor.doRun(NioEndpoint.java:1498)
	at org.apache.tomcat.util.net.SocketProcessorBase.run(SocketProcessorBase.java:49)
	at java.base/java.util.concurrent.ThreadPoolExecutor.runWorker(ThreadPoolExecutor.java:1128)
	at java.base/java.util.concurrent.ThreadPoolExecutor$Worker.run(ThreadPoolExecutor.java:628)
	at org.apache.tomcat.util.threads.TaskThread$WrappingRunnable.run(TaskThread.java:61)
	at java.base/java.lang.Thread.run(Thread.java:829)
2025-07-01 19:13:31,350 WARN io.swagger.models.parameters.AbstractSerializableParameter [http-nio-8097-exec-3] Illegal DefaultValue  for parameter type integer
java.lang.NumberFormatException: For input string: ""
	at java.base/java.lang.NumberFormatException.forInputString(NumberFormatException.java:65)
	at java.base/java.lang.Long.parseLong(Long.java:702)
	at java.base/java.lang.Long.valueOf(Long.java:1144)
	at io.swagger.models.parameters.AbstractSerializableParameter.getExample(AbstractSerializableParameter.java:412)
	at jdk.internal.reflect.GeneratedMethodAccessor187.invoke(Unknown Source)
	at java.base/jdk.internal.reflect.DelegatingMethodAccessorImpl.invoke(DelegatingMethodAccessorImpl.java:43)
	at java.base/java.lang.reflect.Method.invoke(Method.java:566)
	at com.fasterxml.jackson.databind.ser.BeanPropertyWriter.serializeAsField(BeanPropertyWriter.java:687)
	at com.fasterxml.jackson.databind.ser.std.BeanSerializerBase.serializeFields(BeanSerializerBase.java:719)
	at com.fasterxml.jackson.databind.ser.BeanSerializer.serialize(BeanSerializer.java:155)
	at com.fasterxml.jackson.databind.ser.impl.IndexedListSerializer.serializeContents(IndexedListSerializer.java:119)
	at com.fasterxml.jackson.databind.ser.impl.IndexedListSerializer.serialize(IndexedListSerializer.java:79)
	at com.fasterxml.jackson.databind.ser.impl.IndexedListSerializer.serialize(IndexedListSerializer.java:18)
	at com.fasterxml.jackson.databind.ser.BeanPropertyWriter.serializeAsField(BeanPropertyWriter.java:727)
	at com.fasterxml.jackson.databind.ser.std.BeanSerializerBase.serializeFields(BeanSerializerBase.java:719)
	at com.fasterxml.jackson.databind.ser.BeanSerializer.serialize(BeanSerializer.java:155)
	at com.fasterxml.jackson.databind.ser.BeanPropertyWriter.serializeAsField(BeanPropertyWriter.java:727)
	at com.fasterxml.jackson.databind.ser.std.BeanSerializerBase.serializeFields(BeanSerializerBase.java:719)
	at com.fasterxml.jackson.databind.ser.BeanSerializer.serialize(BeanSerializer.java:155)
	at com.fasterxml.jackson.databind.ser.std.MapSerializer.serializeFields(MapSerializer.java:718)
	at com.fasterxml.jackson.databind.ser.std.MapSerializer.serialize(MapSerializer.java:639)
	at com.fasterxml.jackson.databind.ser.std.MapSerializer.serialize(MapSerializer.java:33)
	at com.fasterxml.jackson.databind.ser.BeanPropertyWriter.serializeAsField(BeanPropertyWriter.java:727)
	at com.fasterxml.jackson.databind.ser.std.BeanSerializerBase.serializeFields(BeanSerializerBase.java:719)
	at com.fasterxml.jackson.databind.ser.BeanSerializer.serialize(BeanSerializer.java:155)
	at com.fasterxml.jackson.databind.ser.DefaultSerializerProvider._serialize(DefaultSerializerProvider.java:480)
	at com.fasterxml.jackson.databind.ser.DefaultSerializerProvider.serializeValue(DefaultSerializerProvider.java:319)
	at com.fasterxml.jackson.databind.ObjectMapper._configAndWriteValue(ObjectMapper.java:3905)
	at com.fasterxml.jackson.databind.ObjectMapper.writeValueAsString(ObjectMapper.java:3219)
	at springfox.documentation.spring.web.json.JsonSerializer.toJson(JsonSerializer.java:38)
	at springfox.documentation.swagger2.web.Swagger2Controller.getDocumentation(Swagger2Controller.java:105)
	at java.base/jdk.internal.reflect.NativeMethodAccessorImpl.invoke0(Native Method)
	at java.base/jdk.internal.reflect.NativeMethodAccessorImpl.invoke(NativeMethodAccessorImpl.java:62)
	at java.base/jdk.internal.reflect.DelegatingMethodAccessorImpl.invoke(DelegatingMethodAccessorImpl.java:43)
	at java.base/java.lang.reflect.Method.invoke(Method.java:566)
	at org.springframework.web.method.support.InvocableHandlerMethod.doInvoke(InvocableHandlerMethod.java:209)
	at org.springframework.web.method.support.InvocableHandlerMethod.invokeForRequest(InvocableHandlerMethod.java:136)
	at org.springframework.web.servlet.mvc.method.annotation.ServletInvocableHandlerMethod.invokeAndHandle(ServletInvocableHandlerMethod.java:102)
	at org.springframework.web.servlet.mvc.method.annotation.RequestMappingHandlerAdapter.invokeHandlerMethod(RequestMappingHandlerAdapter.java:891)
	at org.springframework.web.servlet.mvc.method.annotation.RequestMappingHandlerAdapter.handleInternal(RequestMappingHandlerAdapter.java:797)
	at org.springframework.web.servlet.mvc.method.AbstractHandlerMethodAdapter.handle(AbstractHandlerMethodAdapter.java:87)
	at org.springframework.web.servlet.DispatcherServlet.doDispatch(DispatcherServlet.java:991)
	at org.springframework.web.servlet.DispatcherServlet.doService(DispatcherServlet.java:925)
	at org.springframework.web.servlet.FrameworkServlet.processRequest(FrameworkServlet.java:974)
	at org.springframework.web.servlet.FrameworkServlet.doGet(FrameworkServlet.java:866)
	at javax.servlet.http.HttpServlet.service(HttpServlet.java:635)
	at org.springframework.web.servlet.FrameworkServlet.service(FrameworkServlet.java:851)
	at javax.servlet.http.HttpServlet.service(HttpServlet.java:742)
	at org.apache.catalina.core.ApplicationFilterChain.internalDoFilter(ApplicationFilterChain.java:231)
	at org.apache.catalina.core.ApplicationFilterChain.doFilter(ApplicationFilterChain.java:166)
	at org.apache.tomcat.websocket.server.WsFilter.doFilter(WsFilter.java:52)
	at org.apache.catalina.core.ApplicationFilterChain.internalDoFilter(ApplicationFilterChain.java:193)
	at org.apache.catalina.core.ApplicationFilterChain.doFilter(ApplicationFilterChain.java:166)
	at com.ut.utAttendance.config.CorsFilter.doFilter(CorsFilter.java:23)
	at org.apache.catalina.core.ApplicationFilterChain.internalDoFilter(ApplicationFilterChain.java:193)
	at org.apache.catalina.core.ApplicationFilterChain.doFilter(ApplicationFilterChain.java:166)
	at org.springframework.boot.actuate.web.trace.servlet.HttpTraceFilter.doFilterInternal(HttpTraceFilter.java:90)
	at org.springframework.web.filter.OncePerRequestFilter.doFilter(OncePerRequestFilter.java:107)
	at org.apache.catalina.core.ApplicationFilterChain.internalDoFilter(ApplicationFilterChain.java:193)
	at org.apache.catalina.core.ApplicationFilterChain.doFilter(ApplicationFilterChain.java:166)
	at org.springframework.security.web.FilterChainProxy$VirtualFilterChain.doFilter(FilterChainProxy.java:320)
	at org.springframework.security.web.access.intercept.FilterSecurityInterceptor.invoke(FilterSecurityInterceptor.java:127)
	at org.springframework.security.web.access.intercept.FilterSecurityInterceptor.doFilter(FilterSecurityInterceptor.java:91)
	at org.springframework.security.web.FilterChainProxy$VirtualFilterChain.doFilter(FilterChainProxy.java:334)
	at org.springframework.security.web.access.ExceptionTranslationFilter.doFilter(ExceptionTranslationFilter.java:119)
	at org.springframework.security.web.FilterChainProxy$VirtualFilterChain.doFilter(FilterChainProxy.java:334)
	at org.springframework.security.web.session.SessionManagementFilter.doFilter(SessionManagementFilter.java:137)
	at org.springframework.security.web.FilterChainProxy$VirtualFilterChain.doFilter(FilterChainProxy.java:334)
	at org.springframework.security.web.servletapi.SecurityContextHolderAwareRequestFilter.doFilter(SecurityContextHolderAwareRequestFilter.java:170)
	at org.springframework.security.web.FilterChainProxy$VirtualFilterChain.doFilter(FilterChainProxy.java:334)
	at org.springframework.security.web.savedrequest.RequestCacheAwareFilter.doFilter(RequestCacheAwareFilter.java:63)
	at org.springframework.security.web.FilterChainProxy$VirtualFilterChain.doFilter(FilterChainProxy.java:334)
	at org.springframework.security.web.authentication.AbstractAuthenticationProcessingFilter.doFilter(AbstractAuthenticationProcessingFilter.java:200)
	at org.springframework.security.web.FilterChainProxy$VirtualFilterChain.doFilter(FilterChainProxy.java:334)
	at org.springframework.security.oauth2.provider.authentication.OAuth2AuthenticationProcessingFilter.doFilter(OAuth2AuthenticationProcessingFilter.java:176)
	at org.springframework.security.web.FilterChainProxy$VirtualFilterChain.doFilter(FilterChainProxy.java:334)
	at org.springframework.security.oauth2.client.web.OAuth2AuthorizationRequestRedirectFilter.doFilterInternal(OAuth2AuthorizationRequestRedirectFilter.java:129)
	at org.springframework.web.filter.OncePerRequestFilter.doFilter(OncePerRequestFilter.java:107)
	at org.springframework.security.web.FilterChainProxy$VirtualFilterChain.doFilter(FilterChainProxy.java:334)
	at org.springframework.security.web.authentication.logout.LogoutFilter.doFilter(LogoutFilter.java:116)
	at org.springframework.security.web.FilterChainProxy$VirtualFilterChain.doFilter(FilterChainProxy.java:334)
	at org.springframework.security.web.header.HeaderWriterFilter.doFilterInternal(HeaderWriterFilter.java:66)
	at org.springframework.web.filter.OncePerRequestFilter.doFilter(OncePerRequestFilter.java:107)
	at org.springframework.security.web.FilterChainProxy$VirtualFilterChain.doFilter(FilterChainProxy.java:334)
	at org.springframework.security.web.context.SecurityContextPersistenceFilter.doFilter(SecurityContextPersistenceFilter.java:105)
	at org.springframework.security.web.FilterChainProxy$VirtualFilterChain.doFilter(FilterChainProxy.java:334)
	at org.springframework.security.web.context.request.async.WebAsyncManagerIntegrationFilter.doFilterInternal(WebAsyncManagerIntegrationFilter.java:56)
	at org.springframework.web.filter.OncePerRequestFilter.doFilter(OncePerRequestFilter.java:107)
	at org.springframework.security.web.FilterChainProxy$VirtualFilterChain.doFilter(FilterChainProxy.java:334)
	at com.ut.utAttendance.config.CorsFilter.doFilter(CorsFilter.java:23)
	at org.springframework.security.web.FilterChainProxy$VirtualFilterChain.doFilter(FilterChainProxy.java:334)
	at org.springframework.security.web.FilterChainProxy.doFilterInternal(FilterChainProxy.java:215)
	at org.springframework.security.web.FilterChainProxy.doFilter(FilterChainProxy.java:178)
	at org.springframework.web.filter.DelegatingFilterProxy.invokeDelegate(DelegatingFilterProxy.java:357)
	at org.springframework.web.filter.DelegatingFilterProxy.doFilter(DelegatingFilterProxy.java:270)
	at org.apache.catalina.core.ApplicationFilterChain.internalDoFilter(ApplicationFilterChain.java:193)
	at org.apache.catalina.core.ApplicationFilterChain.doFilter(ApplicationFilterChain.java:166)
	at org.springframework.web.filter.RequestContextFilter.doFilterInternal(RequestContextFilter.java:99)
	at org.springframework.web.filter.OncePerRequestFilter.doFilter(OncePerRequestFilter.java:107)
	at org.apache.catalina.core.ApplicationFilterChain.internalDoFilter(ApplicationFilterChain.java:193)
	at org.apache.catalina.core.ApplicationFilterChain.doFilter(ApplicationFilterChain.java:166)
	at org.springframework.web.filter.HttpPutFormContentFilter.doFilterInternal(HttpPutFormContentFilter.java:109)
	at org.springframework.web.filter.OncePerRequestFilter.doFilter(OncePerRequestFilter.java:107)
	at org.apache.catalina.core.ApplicationFilterChain.internalDoFilter(ApplicationFilterChain.java:193)
	at org.apache.catalina.core.ApplicationFilterChain.doFilter(ApplicationFilterChain.java:166)
	at org.springframework.web.filter.HiddenHttpMethodFilter.doFilterInternal(HiddenHttpMethodFilter.java:93)
	at org.springframework.web.filter.OncePerRequestFilter.doFilter(OncePerRequestFilter.java:107)
	at org.apache.catalina.core.ApplicationFilterChain.internalDoFilter(ApplicationFilterChain.java:193)
	at org.apache.catalina.core.ApplicationFilterChain.doFilter(ApplicationFilterChain.java:166)
	at org.springframework.boot.actuate.metrics.web.servlet.WebMvcMetricsFilter.filterAndRecordMetrics(WebMvcMetricsFilter.java:155)
	at org.springframework.boot.actuate.metrics.web.servlet.WebMvcMetricsFilter.filterAndRecordMetrics(WebMvcMetricsFilter.java:123)
	at org.springframework.boot.actuate.metrics.web.servlet.WebMvcMetricsFilter.doFilterInternal(WebMvcMetricsFilter.java:108)
	at org.springframework.web.filter.OncePerRequestFilter.doFilter(OncePerRequestFilter.java:107)
	at org.apache.catalina.core.ApplicationFilterChain.internalDoFilter(ApplicationFilterChain.java:193)
	at org.apache.catalina.core.ApplicationFilterChain.doFilter(ApplicationFilterChain.java:166)
	at org.springframework.web.filter.CharacterEncodingFilter.doFilterInternal(CharacterEncodingFilter.java:200)
	at org.springframework.web.filter.OncePerRequestFilter.doFilter(OncePerRequestFilter.java:107)
	at org.apache.catalina.core.ApplicationFilterChain.internalDoFilter(ApplicationFilterChain.java:193)
	at org.apache.catalina.core.ApplicationFilterChain.doFilter(ApplicationFilterChain.java:166)
	at org.apache.catalina.core.StandardWrapperValve.invoke(StandardWrapperValve.java:198)
	at org.apache.catalina.core.StandardContextValve.invoke(StandardContextValve.java:96)
	at org.apache.catalina.authenticator.AuthenticatorBase.invoke(AuthenticatorBase.java:493)
	at org.apache.catalina.core.StandardHostValve.invoke(StandardHostValve.java:140)
	at org.apache.catalina.valves.ErrorReportValve.invoke(ErrorReportValve.java:81)
	at org.apache.catalina.core.StandardEngineValve.invoke(StandardEngineValve.java:87)
	at org.apache.catalina.connector.CoyoteAdapter.service(CoyoteAdapter.java:342)
	at org.apache.coyote.http11.Http11Processor.service(Http11Processor.java:800)
	at org.apache.coyote.AbstractProcessorLight.process(AbstractProcessorLight.java:66)
	at org.apache.coyote.AbstractProtocol$ConnectionHandler.process(AbstractProtocol.java:806)
	at org.apache.tomcat.util.net.NioEndpoint$SocketProcessor.doRun(NioEndpoint.java:1498)
	at org.apache.tomcat.util.net.SocketProcessorBase.run(SocketProcessorBase.java:49)
	at java.base/java.util.concurrent.ThreadPoolExecutor.runWorker(ThreadPoolExecutor.java:1128)
	at java.base/java.util.concurrent.ThreadPoolExecutor$Worker.run(ThreadPoolExecutor.java:628)
	at org.apache.tomcat.util.threads.TaskThread$WrappingRunnable.run(TaskThread.java:61)
	at java.base/java.lang.Thread.run(Thread.java:829)
2025-07-01 19:13:31,353 WARN io.swagger.models.parameters.AbstractSerializableParameter [http-nio-8097-exec-3] Illegal DefaultValue  for parameter type integer
java.lang.NumberFormatException: For input string: ""
	at java.base/java.lang.NumberFormatException.forInputString(NumberFormatException.java:65)
	at java.base/java.lang.Long.parseLong(Long.java:702)
	at java.base/java.lang.Long.valueOf(Long.java:1144)
	at io.swagger.models.parameters.AbstractSerializableParameter.getExample(AbstractSerializableParameter.java:412)
	at jdk.internal.reflect.GeneratedMethodAccessor187.invoke(Unknown Source)
	at java.base/jdk.internal.reflect.DelegatingMethodAccessorImpl.invoke(DelegatingMethodAccessorImpl.java:43)
	at java.base/java.lang.reflect.Method.invoke(Method.java:566)
	at com.fasterxml.jackson.databind.ser.BeanPropertyWriter.serializeAsField(BeanPropertyWriter.java:687)
	at com.fasterxml.jackson.databind.ser.std.BeanSerializerBase.serializeFields(BeanSerializerBase.java:719)
	at com.fasterxml.jackson.databind.ser.BeanSerializer.serialize(BeanSerializer.java:155)
	at com.fasterxml.jackson.databind.ser.impl.IndexedListSerializer.serializeContents(IndexedListSerializer.java:119)
	at com.fasterxml.jackson.databind.ser.impl.IndexedListSerializer.serialize(IndexedListSerializer.java:79)
	at com.fasterxml.jackson.databind.ser.impl.IndexedListSerializer.serialize(IndexedListSerializer.java:18)
	at com.fasterxml.jackson.databind.ser.BeanPropertyWriter.serializeAsField(BeanPropertyWriter.java:727)
	at com.fasterxml.jackson.databind.ser.std.BeanSerializerBase.serializeFields(BeanSerializerBase.java:719)
	at com.fasterxml.jackson.databind.ser.BeanSerializer.serialize(BeanSerializer.java:155)
	at com.fasterxml.jackson.databind.ser.BeanPropertyWriter.serializeAsField(BeanPropertyWriter.java:727)
	at com.fasterxml.jackson.databind.ser.std.BeanSerializerBase.serializeFields(BeanSerializerBase.java:719)
	at com.fasterxml.jackson.databind.ser.BeanSerializer.serialize(BeanSerializer.java:155)
	at com.fasterxml.jackson.databind.ser.std.MapSerializer.serializeFields(MapSerializer.java:718)
	at com.fasterxml.jackson.databind.ser.std.MapSerializer.serialize(MapSerializer.java:639)
	at com.fasterxml.jackson.databind.ser.std.MapSerializer.serialize(MapSerializer.java:33)
	at com.fasterxml.jackson.databind.ser.BeanPropertyWriter.serializeAsField(BeanPropertyWriter.java:727)
	at com.fasterxml.jackson.databind.ser.std.BeanSerializerBase.serializeFields(BeanSerializerBase.java:719)
	at com.fasterxml.jackson.databind.ser.BeanSerializer.serialize(BeanSerializer.java:155)
	at com.fasterxml.jackson.databind.ser.DefaultSerializerProvider._serialize(DefaultSerializerProvider.java:480)
	at com.fasterxml.jackson.databind.ser.DefaultSerializerProvider.serializeValue(DefaultSerializerProvider.java:319)
	at com.fasterxml.jackson.databind.ObjectMapper._configAndWriteValue(ObjectMapper.java:3905)
	at com.fasterxml.jackson.databind.ObjectMapper.writeValueAsString(ObjectMapper.java:3219)
	at springfox.documentation.spring.web.json.JsonSerializer.toJson(JsonSerializer.java:38)
	at springfox.documentation.swagger2.web.Swagger2Controller.getDocumentation(Swagger2Controller.java:105)
	at java.base/jdk.internal.reflect.NativeMethodAccessorImpl.invoke0(Native Method)
	at java.base/jdk.internal.reflect.NativeMethodAccessorImpl.invoke(NativeMethodAccessorImpl.java:62)
	at java.base/jdk.internal.reflect.DelegatingMethodAccessorImpl.invoke(DelegatingMethodAccessorImpl.java:43)
	at java.base/java.lang.reflect.Method.invoke(Method.java:566)
	at org.springframework.web.method.support.InvocableHandlerMethod.doInvoke(InvocableHandlerMethod.java:209)
	at org.springframework.web.method.support.InvocableHandlerMethod.invokeForRequest(InvocableHandlerMethod.java:136)
	at org.springframework.web.servlet.mvc.method.annotation.ServletInvocableHandlerMethod.invokeAndHandle(ServletInvocableHandlerMethod.java:102)
	at org.springframework.web.servlet.mvc.method.annotation.RequestMappingHandlerAdapter.invokeHandlerMethod(RequestMappingHandlerAdapter.java:891)
	at org.springframework.web.servlet.mvc.method.annotation.RequestMappingHandlerAdapter.handleInternal(RequestMappingHandlerAdapter.java:797)
	at org.springframework.web.servlet.mvc.method.AbstractHandlerMethodAdapter.handle(AbstractHandlerMethodAdapter.java:87)
	at org.springframework.web.servlet.DispatcherServlet.doDispatch(DispatcherServlet.java:991)
	at org.springframework.web.servlet.DispatcherServlet.doService(DispatcherServlet.java:925)
	at org.springframework.web.servlet.FrameworkServlet.processRequest(FrameworkServlet.java:974)
	at org.springframework.web.servlet.FrameworkServlet.doGet(FrameworkServlet.java:866)
	at javax.servlet.http.HttpServlet.service(HttpServlet.java:635)
	at org.springframework.web.servlet.FrameworkServlet.service(FrameworkServlet.java:851)
	at javax.servlet.http.HttpServlet.service(HttpServlet.java:742)
	at org.apache.catalina.core.ApplicationFilterChain.internalDoFilter(ApplicationFilterChain.java:231)
	at org.apache.catalina.core.ApplicationFilterChain.doFilter(ApplicationFilterChain.java:166)
	at org.apache.tomcat.websocket.server.WsFilter.doFilter(WsFilter.java:52)
	at org.apache.catalina.core.ApplicationFilterChain.internalDoFilter(ApplicationFilterChain.java:193)
	at org.apache.catalina.core.ApplicationFilterChain.doFilter(ApplicationFilterChain.java:166)
	at com.ut.utAttendance.config.CorsFilter.doFilter(CorsFilter.java:23)
	at org.apache.catalina.core.ApplicationFilterChain.internalDoFilter(ApplicationFilterChain.java:193)
	at org.apache.catalina.core.ApplicationFilterChain.doFilter(ApplicationFilterChain.java:166)
	at org.springframework.boot.actuate.web.trace.servlet.HttpTraceFilter.doFilterInternal(HttpTraceFilter.java:90)
	at org.springframework.web.filter.OncePerRequestFilter.doFilter(OncePerRequestFilter.java:107)
	at org.apache.catalina.core.ApplicationFilterChain.internalDoFilter(ApplicationFilterChain.java:193)
	at org.apache.catalina.core.ApplicationFilterChain.doFilter(ApplicationFilterChain.java:166)
	at org.springframework.security.web.FilterChainProxy$VirtualFilterChain.doFilter(FilterChainProxy.java:320)
	at org.springframework.security.web.access.intercept.FilterSecurityInterceptor.invoke(FilterSecurityInterceptor.java:127)
	at org.springframework.security.web.access.intercept.FilterSecurityInterceptor.doFilter(FilterSecurityInterceptor.java:91)
	at org.springframework.security.web.FilterChainProxy$VirtualFilterChain.doFilter(FilterChainProxy.java:334)
	at org.springframework.security.web.access.ExceptionTranslationFilter.doFilter(ExceptionTranslationFilter.java:119)
	at org.springframework.security.web.FilterChainProxy$VirtualFilterChain.doFilter(FilterChainProxy.java:334)
	at org.springframework.security.web.session.SessionManagementFilter.doFilter(SessionManagementFilter.java:137)
	at org.springframework.security.web.FilterChainProxy$VirtualFilterChain.doFilter(FilterChainProxy.java:334)
	at org.springframework.security.web.servletapi.SecurityContextHolderAwareRequestFilter.doFilter(SecurityContextHolderAwareRequestFilter.java:170)
	at org.springframework.security.web.FilterChainProxy$VirtualFilterChain.doFilter(FilterChainProxy.java:334)
	at org.springframework.security.web.savedrequest.RequestCacheAwareFilter.doFilter(RequestCacheAwareFilter.java:63)
	at org.springframework.security.web.FilterChainProxy$VirtualFilterChain.doFilter(FilterChainProxy.java:334)
	at org.springframework.security.web.authentication.AbstractAuthenticationProcessingFilter.doFilter(AbstractAuthenticationProcessingFilter.java:200)
	at org.springframework.security.web.FilterChainProxy$VirtualFilterChain.doFilter(FilterChainProxy.java:334)
	at org.springframework.security.oauth2.provider.authentication.OAuth2AuthenticationProcessingFilter.doFilter(OAuth2AuthenticationProcessingFilter.java:176)
	at org.springframework.security.web.FilterChainProxy$VirtualFilterChain.doFilter(FilterChainProxy.java:334)
	at org.springframework.security.oauth2.client.web.OAuth2AuthorizationRequestRedirectFilter.doFilterInternal(OAuth2AuthorizationRequestRedirectFilter.java:129)
	at org.springframework.web.filter.OncePerRequestFilter.doFilter(OncePerRequestFilter.java:107)
	at org.springframework.security.web.FilterChainProxy$VirtualFilterChain.doFilter(FilterChainProxy.java:334)
	at org.springframework.security.web.authentication.logout.LogoutFilter.doFilter(LogoutFilter.java:116)
	at org.springframework.security.web.FilterChainProxy$VirtualFilterChain.doFilter(FilterChainProxy.java:334)
	at org.springframework.security.web.header.HeaderWriterFilter.doFilterInternal(HeaderWriterFilter.java:66)
	at org.springframework.web.filter.OncePerRequestFilter.doFilter(OncePerRequestFilter.java:107)
	at org.springframework.security.web.FilterChainProxy$VirtualFilterChain.doFilter(FilterChainProxy.java:334)
	at org.springframework.security.web.context.SecurityContextPersistenceFilter.doFilter(SecurityContextPersistenceFilter.java:105)
	at org.springframework.security.web.FilterChainProxy$VirtualFilterChain.doFilter(FilterChainProxy.java:334)
	at org.springframework.security.web.context.request.async.WebAsyncManagerIntegrationFilter.doFilterInternal(WebAsyncManagerIntegrationFilter.java:56)
	at org.springframework.web.filter.OncePerRequestFilter.doFilter(OncePerRequestFilter.java:107)
	at org.springframework.security.web.FilterChainProxy$VirtualFilterChain.doFilter(FilterChainProxy.java:334)
	at com.ut.utAttendance.config.CorsFilter.doFilter(CorsFilter.java:23)
	at org.springframework.security.web.FilterChainProxy$VirtualFilterChain.doFilter(FilterChainProxy.java:334)
	at org.springframework.security.web.FilterChainProxy.doFilterInternal(FilterChainProxy.java:215)
	at org.springframework.security.web.FilterChainProxy.doFilter(FilterChainProxy.java:178)
	at org.springframework.web.filter.DelegatingFilterProxy.invokeDelegate(DelegatingFilterProxy.java:357)
	at org.springframework.web.filter.DelegatingFilterProxy.doFilter(DelegatingFilterProxy.java:270)
	at org.apache.catalina.core.ApplicationFilterChain.internalDoFilter(ApplicationFilterChain.java:193)
	at org.apache.catalina.core.ApplicationFilterChain.doFilter(ApplicationFilterChain.java:166)
	at org.springframework.web.filter.RequestContextFilter.doFilterInternal(RequestContextFilter.java:99)
	at org.springframework.web.filter.OncePerRequestFilter.doFilter(OncePerRequestFilter.java:107)
	at org.apache.catalina.core.ApplicationFilterChain.internalDoFilter(ApplicationFilterChain.java:193)
	at org.apache.catalina.core.ApplicationFilterChain.doFilter(ApplicationFilterChain.java:166)
	at org.springframework.web.filter.HttpPutFormContentFilter.doFilterInternal(HttpPutFormContentFilter.java:109)
	at org.springframework.web.filter.OncePerRequestFilter.doFilter(OncePerRequestFilter.java:107)
	at org.apache.catalina.core.ApplicationFilterChain.internalDoFilter(ApplicationFilterChain.java:193)
	at org.apache.catalina.core.ApplicationFilterChain.doFilter(ApplicationFilterChain.java:166)
	at org.springframework.web.filter.HiddenHttpMethodFilter.doFilterInternal(HiddenHttpMethodFilter.java:93)
	at org.springframework.web.filter.OncePerRequestFilter.doFilter(OncePerRequestFilter.java:107)
	at org.apache.catalina.core.ApplicationFilterChain.internalDoFilter(ApplicationFilterChain.java:193)
	at org.apache.catalina.core.ApplicationFilterChain.doFilter(ApplicationFilterChain.java:166)
	at org.springframework.boot.actuate.metrics.web.servlet.WebMvcMetricsFilter.filterAndRecordMetrics(WebMvcMetricsFilter.java:155)
	at org.springframework.boot.actuate.metrics.web.servlet.WebMvcMetricsFilter.filterAndRecordMetrics(WebMvcMetricsFilter.java:123)
	at org.springframework.boot.actuate.metrics.web.servlet.WebMvcMetricsFilter.doFilterInternal(WebMvcMetricsFilter.java:108)
	at org.springframework.web.filter.OncePerRequestFilter.doFilter(OncePerRequestFilter.java:107)
	at org.apache.catalina.core.ApplicationFilterChain.internalDoFilter(ApplicationFilterChain.java:193)
	at org.apache.catalina.core.ApplicationFilterChain.doFilter(ApplicationFilterChain.java:166)
	at org.springframework.web.filter.CharacterEncodingFilter.doFilterInternal(CharacterEncodingFilter.java:200)
	at org.springframework.web.filter.OncePerRequestFilter.doFilter(OncePerRequestFilter.java:107)
	at org.apache.catalina.core.ApplicationFilterChain.internalDoFilter(ApplicationFilterChain.java:193)
	at org.apache.catalina.core.ApplicationFilterChain.doFilter(ApplicationFilterChain.java:166)
	at org.apache.catalina.core.StandardWrapperValve.invoke(StandardWrapperValve.java:198)
	at org.apache.catalina.core.StandardContextValve.invoke(StandardContextValve.java:96)
	at org.apache.catalina.authenticator.AuthenticatorBase.invoke(AuthenticatorBase.java:493)
	at org.apache.catalina.core.StandardHostValve.invoke(StandardHostValve.java:140)
	at org.apache.catalina.valves.ErrorReportValve.invoke(ErrorReportValve.java:81)
	at org.apache.catalina.core.StandardEngineValve.invoke(StandardEngineValve.java:87)
	at org.apache.catalina.connector.CoyoteAdapter.service(CoyoteAdapter.java:342)
	at org.apache.coyote.http11.Http11Processor.service(Http11Processor.java:800)
	at org.apache.coyote.AbstractProcessorLight.process(AbstractProcessorLight.java:66)
	at org.apache.coyote.AbstractProtocol$ConnectionHandler.process(AbstractProtocol.java:806)
	at org.apache.tomcat.util.net.NioEndpoint$SocketProcessor.doRun(NioEndpoint.java:1498)
	at org.apache.tomcat.util.net.SocketProcessorBase.run(SocketProcessorBase.java:49)
	at java.base/java.util.concurrent.ThreadPoolExecutor.runWorker(ThreadPoolExecutor.java:1128)
	at java.base/java.util.concurrent.ThreadPoolExecutor$Worker.run(ThreadPoolExecutor.java:628)
	at org.apache.tomcat.util.threads.TaskThread$WrappingRunnable.run(TaskThread.java:61)
	at java.base/java.lang.Thread.run(Thread.java:829)
2025-07-01 19:13:31,357 WARN io.swagger.models.parameters.AbstractSerializableParameter [http-nio-8097-exec-3] Illegal DefaultValue  for parameter type integer
java.lang.NumberFormatException: For input string: ""
	at java.base/java.lang.NumberFormatException.forInputString(NumberFormatException.java:65)
	at java.base/java.lang.Long.parseLong(Long.java:702)
	at java.base/java.lang.Long.valueOf(Long.java:1144)
	at io.swagger.models.parameters.AbstractSerializableParameter.getExample(AbstractSerializableParameter.java:412)
	at jdk.internal.reflect.GeneratedMethodAccessor187.invoke(Unknown Source)
	at java.base/jdk.internal.reflect.DelegatingMethodAccessorImpl.invoke(DelegatingMethodAccessorImpl.java:43)
	at java.base/java.lang.reflect.Method.invoke(Method.java:566)
	at com.fasterxml.jackson.databind.ser.BeanPropertyWriter.serializeAsField(BeanPropertyWriter.java:687)
	at com.fasterxml.jackson.databind.ser.std.BeanSerializerBase.serializeFields(BeanSerializerBase.java:719)
	at com.fasterxml.jackson.databind.ser.BeanSerializer.serialize(BeanSerializer.java:155)
	at com.fasterxml.jackson.databind.ser.impl.IndexedListSerializer.serializeContents(IndexedListSerializer.java:119)
	at com.fasterxml.jackson.databind.ser.impl.IndexedListSerializer.serialize(IndexedListSerializer.java:79)
	at com.fasterxml.jackson.databind.ser.impl.IndexedListSerializer.serialize(IndexedListSerializer.java:18)
	at com.fasterxml.jackson.databind.ser.BeanPropertyWriter.serializeAsField(BeanPropertyWriter.java:727)
	at com.fasterxml.jackson.databind.ser.std.BeanSerializerBase.serializeFields(BeanSerializerBase.java:719)
	at com.fasterxml.jackson.databind.ser.BeanSerializer.serialize(BeanSerializer.java:155)
	at com.fasterxml.jackson.databind.ser.BeanPropertyWriter.serializeAsField(BeanPropertyWriter.java:727)
	at com.fasterxml.jackson.databind.ser.std.BeanSerializerBase.serializeFields(BeanSerializerBase.java:719)
	at com.fasterxml.jackson.databind.ser.BeanSerializer.serialize(BeanSerializer.java:155)
	at com.fasterxml.jackson.databind.ser.std.MapSerializer.serializeFields(MapSerializer.java:718)
	at com.fasterxml.jackson.databind.ser.std.MapSerializer.serialize(MapSerializer.java:639)
	at com.fasterxml.jackson.databind.ser.std.MapSerializer.serialize(MapSerializer.java:33)
	at com.fasterxml.jackson.databind.ser.BeanPropertyWriter.serializeAsField(BeanPropertyWriter.java:727)
	at com.fasterxml.jackson.databind.ser.std.BeanSerializerBase.serializeFields(BeanSerializerBase.java:719)
	at com.fasterxml.jackson.databind.ser.BeanSerializer.serialize(BeanSerializer.java:155)
	at com.fasterxml.jackson.databind.ser.DefaultSerializerProvider._serialize(DefaultSerializerProvider.java:480)
	at com.fasterxml.jackson.databind.ser.DefaultSerializerProvider.serializeValue(DefaultSerializerProvider.java:319)
	at com.fasterxml.jackson.databind.ObjectMapper._configAndWriteValue(ObjectMapper.java:3905)
	at com.fasterxml.jackson.databind.ObjectMapper.writeValueAsString(ObjectMapper.java:3219)
	at springfox.documentation.spring.web.json.JsonSerializer.toJson(JsonSerializer.java:38)
	at springfox.documentation.swagger2.web.Swagger2Controller.getDocumentation(Swagger2Controller.java:105)
	at java.base/jdk.internal.reflect.NativeMethodAccessorImpl.invoke0(Native Method)
	at java.base/jdk.internal.reflect.NativeMethodAccessorImpl.invoke(NativeMethodAccessorImpl.java:62)
	at java.base/jdk.internal.reflect.DelegatingMethodAccessorImpl.invoke(DelegatingMethodAccessorImpl.java:43)
	at java.base/java.lang.reflect.Method.invoke(Method.java:566)
	at org.springframework.web.method.support.InvocableHandlerMethod.doInvoke(InvocableHandlerMethod.java:209)
	at org.springframework.web.method.support.InvocableHandlerMethod.invokeForRequest(InvocableHandlerMethod.java:136)
	at org.springframework.web.servlet.mvc.method.annotation.ServletInvocableHandlerMethod.invokeAndHandle(ServletInvocableHandlerMethod.java:102)
	at org.springframework.web.servlet.mvc.method.annotation.RequestMappingHandlerAdapter.invokeHandlerMethod(RequestMappingHandlerAdapter.java:891)
	at org.springframework.web.servlet.mvc.method.annotation.RequestMappingHandlerAdapter.handleInternal(RequestMappingHandlerAdapter.java:797)
	at org.springframework.web.servlet.mvc.method.AbstractHandlerMethodAdapter.handle(AbstractHandlerMethodAdapter.java:87)
	at org.springframework.web.servlet.DispatcherServlet.doDispatch(DispatcherServlet.java:991)
	at org.springframework.web.servlet.DispatcherServlet.doService(DispatcherServlet.java:925)
	at org.springframework.web.servlet.FrameworkServlet.processRequest(FrameworkServlet.java:974)
	at org.springframework.web.servlet.FrameworkServlet.doGet(FrameworkServlet.java:866)
	at javax.servlet.http.HttpServlet.service(HttpServlet.java:635)
	at org.springframework.web.servlet.FrameworkServlet.service(FrameworkServlet.java:851)
	at javax.servlet.http.HttpServlet.service(HttpServlet.java:742)
	at org.apache.catalina.core.ApplicationFilterChain.internalDoFilter(ApplicationFilterChain.java:231)
	at org.apache.catalina.core.ApplicationFilterChain.doFilter(ApplicationFilterChain.java:166)
	at org.apache.tomcat.websocket.server.WsFilter.doFilter(WsFilter.java:52)
	at org.apache.catalina.core.ApplicationFilterChain.internalDoFilter(ApplicationFilterChain.java:193)
	at org.apache.catalina.core.ApplicationFilterChain.doFilter(ApplicationFilterChain.java:166)
	at com.ut.utAttendance.config.CorsFilter.doFilter(CorsFilter.java:23)
	at org.apache.catalina.core.ApplicationFilterChain.internalDoFilter(ApplicationFilterChain.java:193)
	at org.apache.catalina.core.ApplicationFilterChain.doFilter(ApplicationFilterChain.java:166)
	at org.springframework.boot.actuate.web.trace.servlet.HttpTraceFilter.doFilterInternal(HttpTraceFilter.java:90)
	at org.springframework.web.filter.OncePerRequestFilter.doFilter(OncePerRequestFilter.java:107)
	at org.apache.catalina.core.ApplicationFilterChain.internalDoFilter(ApplicationFilterChain.java:193)
	at org.apache.catalina.core.ApplicationFilterChain.doFilter(ApplicationFilterChain.java:166)
	at org.springframework.security.web.FilterChainProxy$VirtualFilterChain.doFilter(FilterChainProxy.java:320)
	at org.springframework.security.web.access.intercept.FilterSecurityInterceptor.invoke(FilterSecurityInterceptor.java:127)
	at org.springframework.security.web.access.intercept.FilterSecurityInterceptor.doFilter(FilterSecurityInterceptor.java:91)
	at org.springframework.security.web.FilterChainProxy$VirtualFilterChain.doFilter(FilterChainProxy.java:334)
	at org.springframework.security.web.access.ExceptionTranslationFilter.doFilter(ExceptionTranslationFilter.java:119)
	at org.springframework.security.web.FilterChainProxy$VirtualFilterChain.doFilter(FilterChainProxy.java:334)
	at org.springframework.security.web.session.SessionManagementFilter.doFilter(SessionManagementFilter.java:137)
	at org.springframework.security.web.FilterChainProxy$VirtualFilterChain.doFilter(FilterChainProxy.java:334)
	at org.springframework.security.web.servletapi.SecurityContextHolderAwareRequestFilter.doFilter(SecurityContextHolderAwareRequestFilter.java:170)
	at org.springframework.security.web.FilterChainProxy$VirtualFilterChain.doFilter(FilterChainProxy.java:334)
	at org.springframework.security.web.savedrequest.RequestCacheAwareFilter.doFilter(RequestCacheAwareFilter.java:63)
	at org.springframework.security.web.FilterChainProxy$VirtualFilterChain.doFilter(FilterChainProxy.java:334)
	at org.springframework.security.web.authentication.AbstractAuthenticationProcessingFilter.doFilter(AbstractAuthenticationProcessingFilter.java:200)
	at org.springframework.security.web.FilterChainProxy$VirtualFilterChain.doFilter(FilterChainProxy.java:334)
	at org.springframework.security.oauth2.provider.authentication.OAuth2AuthenticationProcessingFilter.doFilter(OAuth2AuthenticationProcessingFilter.java:176)
	at org.springframework.security.web.FilterChainProxy$VirtualFilterChain.doFilter(FilterChainProxy.java:334)
	at org.springframework.security.oauth2.client.web.OAuth2AuthorizationRequestRedirectFilter.doFilterInternal(OAuth2AuthorizationRequestRedirectFilter.java:129)
	at org.springframework.web.filter.OncePerRequestFilter.doFilter(OncePerRequestFilter.java:107)
	at org.springframework.security.web.FilterChainProxy$VirtualFilterChain.doFilter(FilterChainProxy.java:334)
	at org.springframework.security.web.authentication.logout.LogoutFilter.doFilter(LogoutFilter.java:116)
	at org.springframework.security.web.FilterChainProxy$VirtualFilterChain.doFilter(FilterChainProxy.java:334)
	at org.springframework.security.web.header.HeaderWriterFilter.doFilterInternal(HeaderWriterFilter.java:66)
	at org.springframework.web.filter.OncePerRequestFilter.doFilter(OncePerRequestFilter.java:107)
	at org.springframework.security.web.FilterChainProxy$VirtualFilterChain.doFilter(FilterChainProxy.java:334)
	at org.springframework.security.web.context.SecurityContextPersistenceFilter.doFilter(SecurityContextPersistenceFilter.java:105)
	at org.springframework.security.web.FilterChainProxy$VirtualFilterChain.doFilter(FilterChainProxy.java:334)
	at org.springframework.security.web.context.request.async.WebAsyncManagerIntegrationFilter.doFilterInternal(WebAsyncManagerIntegrationFilter.java:56)
	at org.springframework.web.filter.OncePerRequestFilter.doFilter(OncePerRequestFilter.java:107)
	at org.springframework.security.web.FilterChainProxy$VirtualFilterChain.doFilter(FilterChainProxy.java:334)
	at com.ut.utAttendance.config.CorsFilter.doFilter(CorsFilter.java:23)
	at org.springframework.security.web.FilterChainProxy$VirtualFilterChain.doFilter(FilterChainProxy.java:334)
	at org.springframework.security.web.FilterChainProxy.doFilterInternal(FilterChainProxy.java:215)
	at org.springframework.security.web.FilterChainProxy.doFilter(FilterChainProxy.java:178)
	at org.springframework.web.filter.DelegatingFilterProxy.invokeDelegate(DelegatingFilterProxy.java:357)
	at org.springframework.web.filter.DelegatingFilterProxy.doFilter(DelegatingFilterProxy.java:270)
	at org.apache.catalina.core.ApplicationFilterChain.internalDoFilter(ApplicationFilterChain.java:193)
	at org.apache.catalina.core.ApplicationFilterChain.doFilter(ApplicationFilterChain.java:166)
	at org.springframework.web.filter.RequestContextFilter.doFilterInternal(RequestContextFilter.java:99)
	at org.springframework.web.filter.OncePerRequestFilter.doFilter(OncePerRequestFilter.java:107)
	at org.apache.catalina.core.ApplicationFilterChain.internalDoFilter(ApplicationFilterChain.java:193)
	at org.apache.catalina.core.ApplicationFilterChain.doFilter(ApplicationFilterChain.java:166)
	at org.springframework.web.filter.HttpPutFormContentFilter.doFilterInternal(HttpPutFormContentFilter.java:109)
	at org.springframework.web.filter.OncePerRequestFilter.doFilter(OncePerRequestFilter.java:107)
	at org.apache.catalina.core.ApplicationFilterChain.internalDoFilter(ApplicationFilterChain.java:193)
	at org.apache.catalina.core.ApplicationFilterChain.doFilter(ApplicationFilterChain.java:166)
	at org.springframework.web.filter.HiddenHttpMethodFilter.doFilterInternal(HiddenHttpMethodFilter.java:93)
	at org.springframework.web.filter.OncePerRequestFilter.doFilter(OncePerRequestFilter.java:107)
	at org.apache.catalina.core.ApplicationFilterChain.internalDoFilter(ApplicationFilterChain.java:193)
	at org.apache.catalina.core.ApplicationFilterChain.doFilter(ApplicationFilterChain.java:166)
	at org.springframework.boot.actuate.metrics.web.servlet.WebMvcMetricsFilter.filterAndRecordMetrics(WebMvcMetricsFilter.java:155)
	at org.springframework.boot.actuate.metrics.web.servlet.WebMvcMetricsFilter.filterAndRecordMetrics(WebMvcMetricsFilter.java:123)
	at org.springframework.boot.actuate.metrics.web.servlet.WebMvcMetricsFilter.doFilterInternal(WebMvcMetricsFilter.java:108)
	at org.springframework.web.filter.OncePerRequestFilter.doFilter(OncePerRequestFilter.java:107)
	at org.apache.catalina.core.ApplicationFilterChain.internalDoFilter(ApplicationFilterChain.java:193)
	at org.apache.catalina.core.ApplicationFilterChain.doFilter(ApplicationFilterChain.java:166)
	at org.springframework.web.filter.CharacterEncodingFilter.doFilterInternal(CharacterEncodingFilter.java:200)
	at org.springframework.web.filter.OncePerRequestFilter.doFilter(OncePerRequestFilter.java:107)
	at org.apache.catalina.core.ApplicationFilterChain.internalDoFilter(ApplicationFilterChain.java:193)
	at org.apache.catalina.core.ApplicationFilterChain.doFilter(ApplicationFilterChain.java:166)
	at org.apache.catalina.core.StandardWrapperValve.invoke(StandardWrapperValve.java:198)
	at org.apache.catalina.core.StandardContextValve.invoke(StandardContextValve.java:96)
	at org.apache.catalina.authenticator.AuthenticatorBase.invoke(AuthenticatorBase.java:493)
	at org.apache.catalina.core.StandardHostValve.invoke(StandardHostValve.java:140)
	at org.apache.catalina.valves.ErrorReportValve.invoke(ErrorReportValve.java:81)
	at org.apache.catalina.core.StandardEngineValve.invoke(StandardEngineValve.java:87)
	at org.apache.catalina.connector.CoyoteAdapter.service(CoyoteAdapter.java:342)
	at org.apache.coyote.http11.Http11Processor.service(Http11Processor.java:800)
	at org.apache.coyote.AbstractProcessorLight.process(AbstractProcessorLight.java:66)
	at org.apache.coyote.AbstractProtocol$ConnectionHandler.process(AbstractProtocol.java:806)
	at org.apache.tomcat.util.net.NioEndpoint$SocketProcessor.doRun(NioEndpoint.java:1498)
	at org.apache.tomcat.util.net.SocketProcessorBase.run(SocketProcessorBase.java:49)
	at java.base/java.util.concurrent.ThreadPoolExecutor.runWorker(ThreadPoolExecutor.java:1128)
	at java.base/java.util.concurrent.ThreadPoolExecutor$Worker.run(ThreadPoolExecutor.java:628)
	at org.apache.tomcat.util.threads.TaskThread$WrappingRunnable.run(TaskThread.java:61)
	at java.base/java.lang.Thread.run(Thread.java:829)
2025-07-01 19:13:31,359 WARN io.swagger.models.parameters.AbstractSerializableParameter [http-nio-8097-exec-3] Illegal DefaultValue  for parameter type integer
java.lang.NumberFormatException: For input string: ""
	at java.base/java.lang.NumberFormatException.forInputString(NumberFormatException.java:65)
	at java.base/java.lang.Long.parseLong(Long.java:702)
	at java.base/java.lang.Long.valueOf(Long.java:1144)
	at io.swagger.models.parameters.AbstractSerializableParameter.getExample(AbstractSerializableParameter.java:412)
	at jdk.internal.reflect.GeneratedMethodAccessor187.invoke(Unknown Source)
	at java.base/jdk.internal.reflect.DelegatingMethodAccessorImpl.invoke(DelegatingMethodAccessorImpl.java:43)
	at java.base/java.lang.reflect.Method.invoke(Method.java:566)
	at com.fasterxml.jackson.databind.ser.BeanPropertyWriter.serializeAsField(BeanPropertyWriter.java:687)
	at com.fasterxml.jackson.databind.ser.std.BeanSerializerBase.serializeFields(BeanSerializerBase.java:719)
	at com.fasterxml.jackson.databind.ser.BeanSerializer.serialize(BeanSerializer.java:155)
	at com.fasterxml.jackson.databind.ser.impl.IndexedListSerializer.serializeContents(IndexedListSerializer.java:119)
	at com.fasterxml.jackson.databind.ser.impl.IndexedListSerializer.serialize(IndexedListSerializer.java:79)
	at com.fasterxml.jackson.databind.ser.impl.IndexedListSerializer.serialize(IndexedListSerializer.java:18)
	at com.fasterxml.jackson.databind.ser.BeanPropertyWriter.serializeAsField(BeanPropertyWriter.java:727)
	at com.fasterxml.jackson.databind.ser.std.BeanSerializerBase.serializeFields(BeanSerializerBase.java:719)
	at com.fasterxml.jackson.databind.ser.BeanSerializer.serialize(BeanSerializer.java:155)
	at com.fasterxml.jackson.databind.ser.BeanPropertyWriter.serializeAsField(BeanPropertyWriter.java:727)
	at com.fasterxml.jackson.databind.ser.std.BeanSerializerBase.serializeFields(BeanSerializerBase.java:719)
	at com.fasterxml.jackson.databind.ser.BeanSerializer.serialize(BeanSerializer.java:155)
	at com.fasterxml.jackson.databind.ser.std.MapSerializer.serializeFields(MapSerializer.java:718)
	at com.fasterxml.jackson.databind.ser.std.MapSerializer.serialize(MapSerializer.java:639)
	at com.fasterxml.jackson.databind.ser.std.MapSerializer.serialize(MapSerializer.java:33)
	at com.fasterxml.jackson.databind.ser.BeanPropertyWriter.serializeAsField(BeanPropertyWriter.java:727)
	at com.fasterxml.jackson.databind.ser.std.BeanSerializerBase.serializeFields(BeanSerializerBase.java:719)
	at com.fasterxml.jackson.databind.ser.BeanSerializer.serialize(BeanSerializer.java:155)
	at com.fasterxml.jackson.databind.ser.DefaultSerializerProvider._serialize(DefaultSerializerProvider.java:480)
	at com.fasterxml.jackson.databind.ser.DefaultSerializerProvider.serializeValue(DefaultSerializerProvider.java:319)
	at com.fasterxml.jackson.databind.ObjectMapper._configAndWriteValue(ObjectMapper.java:3905)
	at com.fasterxml.jackson.databind.ObjectMapper.writeValueAsString(ObjectMapper.java:3219)
	at springfox.documentation.spring.web.json.JsonSerializer.toJson(JsonSerializer.java:38)
	at springfox.documentation.swagger2.web.Swagger2Controller.getDocumentation(Swagger2Controller.java:105)
	at java.base/jdk.internal.reflect.NativeMethodAccessorImpl.invoke0(Native Method)
	at java.base/jdk.internal.reflect.NativeMethodAccessorImpl.invoke(NativeMethodAccessorImpl.java:62)
	at java.base/jdk.internal.reflect.DelegatingMethodAccessorImpl.invoke(DelegatingMethodAccessorImpl.java:43)
	at java.base/java.lang.reflect.Method.invoke(Method.java:566)
	at org.springframework.web.method.support.InvocableHandlerMethod.doInvoke(InvocableHandlerMethod.java:209)
	at org.springframework.web.method.support.InvocableHandlerMethod.invokeForRequest(InvocableHandlerMethod.java:136)
	at org.springframework.web.servlet.mvc.method.annotation.ServletInvocableHandlerMethod.invokeAndHandle(ServletInvocableHandlerMethod.java:102)
	at org.springframework.web.servlet.mvc.method.annotation.RequestMappingHandlerAdapter.invokeHandlerMethod(RequestMappingHandlerAdapter.java:891)
	at org.springframework.web.servlet.mvc.method.annotation.RequestMappingHandlerAdapter.handleInternal(RequestMappingHandlerAdapter.java:797)
	at org.springframework.web.servlet.mvc.method.AbstractHandlerMethodAdapter.handle(AbstractHandlerMethodAdapter.java:87)
	at org.springframework.web.servlet.DispatcherServlet.doDispatch(DispatcherServlet.java:991)
	at org.springframework.web.servlet.DispatcherServlet.doService(DispatcherServlet.java:925)
	at org.springframework.web.servlet.FrameworkServlet.processRequest(FrameworkServlet.java:974)
	at org.springframework.web.servlet.FrameworkServlet.doGet(FrameworkServlet.java:866)
	at javax.servlet.http.HttpServlet.service(HttpServlet.java:635)
	at org.springframework.web.servlet.FrameworkServlet.service(FrameworkServlet.java:851)
	at javax.servlet.http.HttpServlet.service(HttpServlet.java:742)
	at org.apache.catalina.core.ApplicationFilterChain.internalDoFilter(ApplicationFilterChain.java:231)
	at org.apache.catalina.core.ApplicationFilterChain.doFilter(ApplicationFilterChain.java:166)
	at org.apache.tomcat.websocket.server.WsFilter.doFilter(WsFilter.java:52)
	at org.apache.catalina.core.ApplicationFilterChain.internalDoFilter(ApplicationFilterChain.java:193)
	at org.apache.catalina.core.ApplicationFilterChain.doFilter(ApplicationFilterChain.java:166)
	at com.ut.utAttendance.config.CorsFilter.doFilter(CorsFilter.java:23)
	at org.apache.catalina.core.ApplicationFilterChain.internalDoFilter(ApplicationFilterChain.java:193)
	at org.apache.catalina.core.ApplicationFilterChain.doFilter(ApplicationFilterChain.java:166)
	at org.springframework.boot.actuate.web.trace.servlet.HttpTraceFilter.doFilterInternal(HttpTraceFilter.java:90)
	at org.springframework.web.filter.OncePerRequestFilter.doFilter(OncePerRequestFilter.java:107)
	at org.apache.catalina.core.ApplicationFilterChain.internalDoFilter(ApplicationFilterChain.java:193)
	at org.apache.catalina.core.ApplicationFilterChain.doFilter(ApplicationFilterChain.java:166)
	at org.springframework.security.web.FilterChainProxy$VirtualFilterChain.doFilter(FilterChainProxy.java:320)
	at org.springframework.security.web.access.intercept.FilterSecurityInterceptor.invoke(FilterSecurityInterceptor.java:127)
	at org.springframework.security.web.access.intercept.FilterSecurityInterceptor.doFilter(FilterSecurityInterceptor.java:91)
	at org.springframework.security.web.FilterChainProxy$VirtualFilterChain.doFilter(FilterChainProxy.java:334)
	at org.springframework.security.web.access.ExceptionTranslationFilter.doFilter(ExceptionTranslationFilter.java:119)
	at org.springframework.security.web.FilterChainProxy$VirtualFilterChain.doFilter(FilterChainProxy.java:334)
	at org.springframework.security.web.session.SessionManagementFilter.doFilter(SessionManagementFilter.java:137)
	at org.springframework.security.web.FilterChainProxy$VirtualFilterChain.doFilter(FilterChainProxy.java:334)
	at org.springframework.security.web.servletapi.SecurityContextHolderAwareRequestFilter.doFilter(SecurityContextHolderAwareRequestFilter.java:170)
	at org.springframework.security.web.FilterChainProxy$VirtualFilterChain.doFilter(FilterChainProxy.java:334)
	at org.springframework.security.web.savedrequest.RequestCacheAwareFilter.doFilter(RequestCacheAwareFilter.java:63)
	at org.springframework.security.web.FilterChainProxy$VirtualFilterChain.doFilter(FilterChainProxy.java:334)
	at org.springframework.security.web.authentication.AbstractAuthenticationProcessingFilter.doFilter(AbstractAuthenticationProcessingFilter.java:200)
	at org.springframework.security.web.FilterChainProxy$VirtualFilterChain.doFilter(FilterChainProxy.java:334)
	at org.springframework.security.oauth2.provider.authentication.OAuth2AuthenticationProcessingFilter.doFilter(OAuth2AuthenticationProcessingFilter.java:176)
	at org.springframework.security.web.FilterChainProxy$VirtualFilterChain.doFilter(FilterChainProxy.java:334)
	at org.springframework.security.oauth2.client.web.OAuth2AuthorizationRequestRedirectFilter.doFilterInternal(OAuth2AuthorizationRequestRedirectFilter.java:129)
	at org.springframework.web.filter.OncePerRequestFilter.doFilter(OncePerRequestFilter.java:107)
	at org.springframework.security.web.FilterChainProxy$VirtualFilterChain.doFilter(FilterChainProxy.java:334)
	at org.springframework.security.web.authentication.logout.LogoutFilter.doFilter(LogoutFilter.java:116)
	at org.springframework.security.web.FilterChainProxy$VirtualFilterChain.doFilter(FilterChainProxy.java:334)
	at org.springframework.security.web.header.HeaderWriterFilter.doFilterInternal(HeaderWriterFilter.java:66)
	at org.springframework.web.filter.OncePerRequestFilter.doFilter(OncePerRequestFilter.java:107)
	at org.springframework.security.web.FilterChainProxy$VirtualFilterChain.doFilter(FilterChainProxy.java:334)
	at org.springframework.security.web.context.SecurityContextPersistenceFilter.doFilter(SecurityContextPersistenceFilter.java:105)
	at org.springframework.security.web.FilterChainProxy$VirtualFilterChain.doFilter(FilterChainProxy.java:334)
	at org.springframework.security.web.context.request.async.WebAsyncManagerIntegrationFilter.doFilterInternal(WebAsyncManagerIntegrationFilter.java:56)
	at org.springframework.web.filter.OncePerRequestFilter.doFilter(OncePerRequestFilter.java:107)
	at org.springframework.security.web.FilterChainProxy$VirtualFilterChain.doFilter(FilterChainProxy.java:334)
	at com.ut.utAttendance.config.CorsFilter.doFilter(CorsFilter.java:23)
	at org.springframework.security.web.FilterChainProxy$VirtualFilterChain.doFilter(FilterChainProxy.java:334)
	at org.springframework.security.web.FilterChainProxy.doFilterInternal(FilterChainProxy.java:215)
	at org.springframework.security.web.FilterChainProxy.doFilter(FilterChainProxy.java:178)
	at org.springframework.web.filter.DelegatingFilterProxy.invokeDelegate(DelegatingFilterProxy.java:357)
	at org.springframework.web.filter.DelegatingFilterProxy.doFilter(DelegatingFilterProxy.java:270)
	at org.apache.catalina.core.ApplicationFilterChain.internalDoFilter(ApplicationFilterChain.java:193)
	at org.apache.catalina.core.ApplicationFilterChain.doFilter(ApplicationFilterChain.java:166)
	at org.springframework.web.filter.RequestContextFilter.doFilterInternal(RequestContextFilter.java:99)
	at org.springframework.web.filter.OncePerRequestFilter.doFilter(OncePerRequestFilter.java:107)
	at org.apache.catalina.core.ApplicationFilterChain.internalDoFilter(ApplicationFilterChain.java:193)
	at org.apache.catalina.core.ApplicationFilterChain.doFilter(ApplicationFilterChain.java:166)
	at org.springframework.web.filter.HttpPutFormContentFilter.doFilterInternal(HttpPutFormContentFilter.java:109)
	at org.springframework.web.filter.OncePerRequestFilter.doFilter(OncePerRequestFilter.java:107)
	at org.apache.catalina.core.ApplicationFilterChain.internalDoFilter(ApplicationFilterChain.java:193)
	at org.apache.catalina.core.ApplicationFilterChain.doFilter(ApplicationFilterChain.java:166)
	at org.springframework.web.filter.HiddenHttpMethodFilter.doFilterInternal(HiddenHttpMethodFilter.java:93)
	at org.springframework.web.filter.OncePerRequestFilter.doFilter(OncePerRequestFilter.java:107)
	at org.apache.catalina.core.ApplicationFilterChain.internalDoFilter(ApplicationFilterChain.java:193)
	at org.apache.catalina.core.ApplicationFilterChain.doFilter(ApplicationFilterChain.java:166)
	at org.springframework.boot.actuate.metrics.web.servlet.WebMvcMetricsFilter.filterAndRecordMetrics(WebMvcMetricsFilter.java:155)
	at org.springframework.boot.actuate.metrics.web.servlet.WebMvcMetricsFilter.filterAndRecordMetrics(WebMvcMetricsFilter.java:123)
	at org.springframework.boot.actuate.metrics.web.servlet.WebMvcMetricsFilter.doFilterInternal(WebMvcMetricsFilter.java:108)
	at org.springframework.web.filter.OncePerRequestFilter.doFilter(OncePerRequestFilter.java:107)
	at org.apache.catalina.core.ApplicationFilterChain.internalDoFilter(ApplicationFilterChain.java:193)
	at org.apache.catalina.core.ApplicationFilterChain.doFilter(ApplicationFilterChain.java:166)
	at org.springframework.web.filter.CharacterEncodingFilter.doFilterInternal(CharacterEncodingFilter.java:200)
	at org.springframework.web.filter.OncePerRequestFilter.doFilter(OncePerRequestFilter.java:107)
	at org.apache.catalina.core.ApplicationFilterChain.internalDoFilter(ApplicationFilterChain.java:193)
	at org.apache.catalina.core.ApplicationFilterChain.doFilter(ApplicationFilterChain.java:166)
	at org.apache.catalina.core.StandardWrapperValve.invoke(StandardWrapperValve.java:198)
	at org.apache.catalina.core.StandardContextValve.invoke(StandardContextValve.java:96)
	at org.apache.catalina.authenticator.AuthenticatorBase.invoke(AuthenticatorBase.java:493)
	at org.apache.catalina.core.StandardHostValve.invoke(StandardHostValve.java:140)
	at org.apache.catalina.valves.ErrorReportValve.invoke(ErrorReportValve.java:81)
	at org.apache.catalina.core.StandardEngineValve.invoke(StandardEngineValve.java:87)
	at org.apache.catalina.connector.CoyoteAdapter.service(CoyoteAdapter.java:342)
	at org.apache.coyote.http11.Http11Processor.service(Http11Processor.java:800)
	at org.apache.coyote.AbstractProcessorLight.process(AbstractProcessorLight.java:66)
	at org.apache.coyote.AbstractProtocol$ConnectionHandler.process(AbstractProtocol.java:806)
	at org.apache.tomcat.util.net.NioEndpoint$SocketProcessor.doRun(NioEndpoint.java:1498)
	at org.apache.tomcat.util.net.SocketProcessorBase.run(SocketProcessorBase.java:49)
	at java.base/java.util.concurrent.ThreadPoolExecutor.runWorker(ThreadPoolExecutor.java:1128)
	at java.base/java.util.concurrent.ThreadPoolExecutor$Worker.run(ThreadPoolExecutor.java:628)
	at org.apache.tomcat.util.threads.TaskThread$WrappingRunnable.run(TaskThread.java:61)
	at java.base/java.lang.Thread.run(Thread.java:829)
2025-07-01 19:13:31,361 WARN io.swagger.models.parameters.AbstractSerializableParameter [http-nio-8097-exec-3] Illegal DefaultValue  for parameter type integer
java.lang.NumberFormatException: For input string: ""
	at java.base/java.lang.NumberFormatException.forInputString(NumberFormatException.java:65)
	at java.base/java.lang.Long.parseLong(Long.java:702)
	at java.base/java.lang.Long.valueOf(Long.java:1144)
	at io.swagger.models.parameters.AbstractSerializableParameter.getExample(AbstractSerializableParameter.java:412)
	at jdk.internal.reflect.GeneratedMethodAccessor187.invoke(Unknown Source)
	at java.base/jdk.internal.reflect.DelegatingMethodAccessorImpl.invoke(DelegatingMethodAccessorImpl.java:43)
	at java.base/java.lang.reflect.Method.invoke(Method.java:566)
	at com.fasterxml.jackson.databind.ser.BeanPropertyWriter.serializeAsField(BeanPropertyWriter.java:687)
	at com.fasterxml.jackson.databind.ser.std.BeanSerializerBase.serializeFields(BeanSerializerBase.java:719)
	at com.fasterxml.jackson.databind.ser.BeanSerializer.serialize(BeanSerializer.java:155)
	at com.fasterxml.jackson.databind.ser.impl.IndexedListSerializer.serializeContents(IndexedListSerializer.java:119)
	at com.fasterxml.jackson.databind.ser.impl.IndexedListSerializer.serialize(IndexedListSerializer.java:79)
	at com.fasterxml.jackson.databind.ser.impl.IndexedListSerializer.serialize(IndexedListSerializer.java:18)
	at com.fasterxml.jackson.databind.ser.BeanPropertyWriter.serializeAsField(BeanPropertyWriter.java:727)
	at com.fasterxml.jackson.databind.ser.std.BeanSerializerBase.serializeFields(BeanSerializerBase.java:719)
	at com.fasterxml.jackson.databind.ser.BeanSerializer.serialize(BeanSerializer.java:155)
	at com.fasterxml.jackson.databind.ser.BeanPropertyWriter.serializeAsField(BeanPropertyWriter.java:727)
	at com.fasterxml.jackson.databind.ser.std.BeanSerializerBase.serializeFields(BeanSerializerBase.java:719)
	at com.fasterxml.jackson.databind.ser.BeanSerializer.serialize(BeanSerializer.java:155)
	at com.fasterxml.jackson.databind.ser.std.MapSerializer.serializeFields(MapSerializer.java:718)
	at com.fasterxml.jackson.databind.ser.std.MapSerializer.serialize(MapSerializer.java:639)
	at com.fasterxml.jackson.databind.ser.std.MapSerializer.serialize(MapSerializer.java:33)
	at com.fasterxml.jackson.databind.ser.BeanPropertyWriter.serializeAsField(BeanPropertyWriter.java:727)
	at com.fasterxml.jackson.databind.ser.std.BeanSerializerBase.serializeFields(BeanSerializerBase.java:719)
	at com.fasterxml.jackson.databind.ser.BeanSerializer.serialize(BeanSerializer.java:155)
	at com.fasterxml.jackson.databind.ser.DefaultSerializerProvider._serialize(DefaultSerializerProvider.java:480)
	at com.fasterxml.jackson.databind.ser.DefaultSerializerProvider.serializeValue(DefaultSerializerProvider.java:319)
	at com.fasterxml.jackson.databind.ObjectMapper._configAndWriteValue(ObjectMapper.java:3905)
	at com.fasterxml.jackson.databind.ObjectMapper.writeValueAsString(ObjectMapper.java:3219)
	at springfox.documentation.spring.web.json.JsonSerializer.toJson(JsonSerializer.java:38)
	at springfox.documentation.swagger2.web.Swagger2Controller.getDocumentation(Swagger2Controller.java:105)
	at java.base/jdk.internal.reflect.NativeMethodAccessorImpl.invoke0(Native Method)
	at java.base/jdk.internal.reflect.NativeMethodAccessorImpl.invoke(NativeMethodAccessorImpl.java:62)
	at java.base/jdk.internal.reflect.DelegatingMethodAccessorImpl.invoke(DelegatingMethodAccessorImpl.java:43)
	at java.base/java.lang.reflect.Method.invoke(Method.java:566)
	at org.springframework.web.method.support.InvocableHandlerMethod.doInvoke(InvocableHandlerMethod.java:209)
	at org.springframework.web.method.support.InvocableHandlerMethod.invokeForRequest(InvocableHandlerMethod.java:136)
	at org.springframework.web.servlet.mvc.method.annotation.ServletInvocableHandlerMethod.invokeAndHandle(ServletInvocableHandlerMethod.java:102)
	at org.springframework.web.servlet.mvc.method.annotation.RequestMappingHandlerAdapter.invokeHandlerMethod(RequestMappingHandlerAdapter.java:891)
	at org.springframework.web.servlet.mvc.method.annotation.RequestMappingHandlerAdapter.handleInternal(RequestMappingHandlerAdapter.java:797)
	at org.springframework.web.servlet.mvc.method.AbstractHandlerMethodAdapter.handle(AbstractHandlerMethodAdapter.java:87)
	at org.springframework.web.servlet.DispatcherServlet.doDispatch(DispatcherServlet.java:991)
	at org.springframework.web.servlet.DispatcherServlet.doService(DispatcherServlet.java:925)
	at org.springframework.web.servlet.FrameworkServlet.processRequest(FrameworkServlet.java:974)
	at org.springframework.web.servlet.FrameworkServlet.doGet(FrameworkServlet.java:866)
	at javax.servlet.http.HttpServlet.service(HttpServlet.java:635)
	at org.springframework.web.servlet.FrameworkServlet.service(FrameworkServlet.java:851)
	at javax.servlet.http.HttpServlet.service(HttpServlet.java:742)
	at org.apache.catalina.core.ApplicationFilterChain.internalDoFilter(ApplicationFilterChain.java:231)
	at org.apache.catalina.core.ApplicationFilterChain.doFilter(ApplicationFilterChain.java:166)
	at org.apache.tomcat.websocket.server.WsFilter.doFilter(WsFilter.java:52)
	at org.apache.catalina.core.ApplicationFilterChain.internalDoFilter(ApplicationFilterChain.java:193)
	at org.apache.catalina.core.ApplicationFilterChain.doFilter(ApplicationFilterChain.java:166)
	at com.ut.utAttendance.config.CorsFilter.doFilter(CorsFilter.java:23)
	at org.apache.catalina.core.ApplicationFilterChain.internalDoFilter(ApplicationFilterChain.java:193)
	at org.apache.catalina.core.ApplicationFilterChain.doFilter(ApplicationFilterChain.java:166)
	at org.springframework.boot.actuate.web.trace.servlet.HttpTraceFilter.doFilterInternal(HttpTraceFilter.java:90)
	at org.springframework.web.filter.OncePerRequestFilter.doFilter(OncePerRequestFilter.java:107)
	at org.apache.catalina.core.ApplicationFilterChain.internalDoFilter(ApplicationFilterChain.java:193)
	at org.apache.catalina.core.ApplicationFilterChain.doFilter(ApplicationFilterChain.java:166)
	at org.springframework.security.web.FilterChainProxy$VirtualFilterChain.doFilter(FilterChainProxy.java:320)
	at org.springframework.security.web.access.intercept.FilterSecurityInterceptor.invoke(FilterSecurityInterceptor.java:127)
	at org.springframework.security.web.access.intercept.FilterSecurityInterceptor.doFilter(FilterSecurityInterceptor.java:91)
	at org.springframework.security.web.FilterChainProxy$VirtualFilterChain.doFilter(FilterChainProxy.java:334)
	at org.springframework.security.web.access.ExceptionTranslationFilter.doFilter(ExceptionTranslationFilter.java:119)
	at org.springframework.security.web.FilterChainProxy$VirtualFilterChain.doFilter(FilterChainProxy.java:334)
	at org.springframework.security.web.session.SessionManagementFilter.doFilter(SessionManagementFilter.java:137)
	at org.springframework.security.web.FilterChainProxy$VirtualFilterChain.doFilter(FilterChainProxy.java:334)
	at org.springframework.security.web.servletapi.SecurityContextHolderAwareRequestFilter.doFilter(SecurityContextHolderAwareRequestFilter.java:170)
	at org.springframework.security.web.FilterChainProxy$VirtualFilterChain.doFilter(FilterChainProxy.java:334)
	at org.springframework.security.web.savedrequest.RequestCacheAwareFilter.doFilter(RequestCacheAwareFilter.java:63)
	at org.springframework.security.web.FilterChainProxy$VirtualFilterChain.doFilter(FilterChainProxy.java:334)
	at org.springframework.security.web.authentication.AbstractAuthenticationProcessingFilter.doFilter(AbstractAuthenticationProcessingFilter.java:200)
	at org.springframework.security.web.FilterChainProxy$VirtualFilterChain.doFilter(FilterChainProxy.java:334)
	at org.springframework.security.oauth2.provider.authentication.OAuth2AuthenticationProcessingFilter.doFilter(OAuth2AuthenticationProcessingFilter.java:176)
	at org.springframework.security.web.FilterChainProxy$VirtualFilterChain.doFilter(FilterChainProxy.java:334)
	at org.springframework.security.oauth2.client.web.OAuth2AuthorizationRequestRedirectFilter.doFilterInternal(OAuth2AuthorizationRequestRedirectFilter.java:129)
	at org.springframework.web.filter.OncePerRequestFilter.doFilter(OncePerRequestFilter.java:107)
	at org.springframework.security.web.FilterChainProxy$VirtualFilterChain.doFilter(FilterChainProxy.java:334)
	at org.springframework.security.web.authentication.logout.LogoutFilter.doFilter(LogoutFilter.java:116)
	at org.springframework.security.web.FilterChainProxy$VirtualFilterChain.doFilter(FilterChainProxy.java:334)
	at org.springframework.security.web.header.HeaderWriterFilter.doFilterInternal(HeaderWriterFilter.java:66)
	at org.springframework.web.filter.OncePerRequestFilter.doFilter(OncePerRequestFilter.java:107)
	at org.springframework.security.web.FilterChainProxy$VirtualFilterChain.doFilter(FilterChainProxy.java:334)
	at org.springframework.security.web.context.SecurityContextPersistenceFilter.doFilter(SecurityContextPersistenceFilter.java:105)
	at org.springframework.security.web.FilterChainProxy$VirtualFilterChain.doFilter(FilterChainProxy.java:334)
	at org.springframework.security.web.context.request.async.WebAsyncManagerIntegrationFilter.doFilterInternal(WebAsyncManagerIntegrationFilter.java:56)
	at org.springframework.web.filter.OncePerRequestFilter.doFilter(OncePerRequestFilter.java:107)
	at org.springframework.security.web.FilterChainProxy$VirtualFilterChain.doFilter(FilterChainProxy.java:334)
	at com.ut.utAttendance.config.CorsFilter.doFilter(CorsFilter.java:23)
	at org.springframework.security.web.FilterChainProxy$VirtualFilterChain.doFilter(FilterChainProxy.java:334)
	at org.springframework.security.web.FilterChainProxy.doFilterInternal(FilterChainProxy.java:215)
	at org.springframework.security.web.FilterChainProxy.doFilter(FilterChainProxy.java:178)
	at org.springframework.web.filter.DelegatingFilterProxy.invokeDelegate(DelegatingFilterProxy.java:357)
	at org.springframework.web.filter.DelegatingFilterProxy.doFilter(DelegatingFilterProxy.java:270)
	at org.apache.catalina.core.ApplicationFilterChain.internalDoFilter(ApplicationFilterChain.java:193)
	at org.apache.catalina.core.ApplicationFilterChain.doFilter(ApplicationFilterChain.java:166)
	at org.springframework.web.filter.RequestContextFilter.doFilterInternal(RequestContextFilter.java:99)
	at org.springframework.web.filter.OncePerRequestFilter.doFilter(OncePerRequestFilter.java:107)
	at org.apache.catalina.core.ApplicationFilterChain.internalDoFilter(ApplicationFilterChain.java:193)
	at org.apache.catalina.core.ApplicationFilterChain.doFilter(ApplicationFilterChain.java:166)
	at org.springframework.web.filter.HttpPutFormContentFilter.doFilterInternal(HttpPutFormContentFilter.java:109)
	at org.springframework.web.filter.OncePerRequestFilter.doFilter(OncePerRequestFilter.java:107)
	at org.apache.catalina.core.ApplicationFilterChain.internalDoFilter(ApplicationFilterChain.java:193)
	at org.apache.catalina.core.ApplicationFilterChain.doFilter(ApplicationFilterChain.java:166)
	at org.springframework.web.filter.HiddenHttpMethodFilter.doFilterInternal(HiddenHttpMethodFilter.java:93)
	at org.springframework.web.filter.OncePerRequestFilter.doFilter(OncePerRequestFilter.java:107)
	at org.apache.catalina.core.ApplicationFilterChain.internalDoFilter(ApplicationFilterChain.java:193)
	at org.apache.catalina.core.ApplicationFilterChain.doFilter(ApplicationFilterChain.java:166)
	at org.springframework.boot.actuate.metrics.web.servlet.WebMvcMetricsFilter.filterAndRecordMetrics(WebMvcMetricsFilter.java:155)
	at org.springframework.boot.actuate.metrics.web.servlet.WebMvcMetricsFilter.filterAndRecordMetrics(WebMvcMetricsFilter.java:123)
	at org.springframework.boot.actuate.metrics.web.servlet.WebMvcMetricsFilter.doFilterInternal(WebMvcMetricsFilter.java:108)
	at org.springframework.web.filter.OncePerRequestFilter.doFilter(OncePerRequestFilter.java:107)
	at org.apache.catalina.core.ApplicationFilterChain.internalDoFilter(ApplicationFilterChain.java:193)
	at org.apache.catalina.core.ApplicationFilterChain.doFilter(ApplicationFilterChain.java:166)
	at org.springframework.web.filter.CharacterEncodingFilter.doFilterInternal(CharacterEncodingFilter.java:200)
	at org.springframework.web.filter.OncePerRequestFilter.doFilter(OncePerRequestFilter.java:107)
	at org.apache.catalina.core.ApplicationFilterChain.internalDoFilter(ApplicationFilterChain.java:193)
	at org.apache.catalina.core.ApplicationFilterChain.doFilter(ApplicationFilterChain.java:166)
	at org.apache.catalina.core.StandardWrapperValve.invoke(StandardWrapperValve.java:198)
	at org.apache.catalina.core.StandardContextValve.invoke(StandardContextValve.java:96)
	at org.apache.catalina.authenticator.AuthenticatorBase.invoke(AuthenticatorBase.java:493)
	at org.apache.catalina.core.StandardHostValve.invoke(StandardHostValve.java:140)
	at org.apache.catalina.valves.ErrorReportValve.invoke(ErrorReportValve.java:81)
	at org.apache.catalina.core.StandardEngineValve.invoke(StandardEngineValve.java:87)
	at org.apache.catalina.connector.CoyoteAdapter.service(CoyoteAdapter.java:342)
	at org.apache.coyote.http11.Http11Processor.service(Http11Processor.java:800)
	at org.apache.coyote.AbstractProcessorLight.process(AbstractProcessorLight.java:66)
	at org.apache.coyote.AbstractProtocol$ConnectionHandler.process(AbstractProtocol.java:806)
	at org.apache.tomcat.util.net.NioEndpoint$SocketProcessor.doRun(NioEndpoint.java:1498)
	at org.apache.tomcat.util.net.SocketProcessorBase.run(SocketProcessorBase.java:49)
	at java.base/java.util.concurrent.ThreadPoolExecutor.runWorker(ThreadPoolExecutor.java:1128)
	at java.base/java.util.concurrent.ThreadPoolExecutor$Worker.run(ThreadPoolExecutor.java:628)
	at org.apache.tomcat.util.threads.TaskThread$WrappingRunnable.run(TaskThread.java:61)
	at java.base/java.lang.Thread.run(Thread.java:829)
